dutch,english,cefr_level,word_type,topic,example_dutch,example_english,notes,tags,article,plural,diminutive,regularity,separable,auxiliary,past_participle,inflected,comparative,superlative,is_sample
aaien,"to stroke, to caress, to pet",B1,verb,Actions and processes,We zijn niet hier gekomen om je je hond te zien aaien.,We didn't come here to watch you pet your dog.,"Definition adapted from Wiktionary contributors, CC BY-SA 4.0: https://en.wiktionary.org/wiki/aaien#Dutch. Example: vvv123 (Dutch, https://tatoeba.org/en/sentences/show/3560326) and mailohilohi (English, https://tatoeba.org/en/sentences/show/5309737); CC BY 2.0 FR.",B1;production,,,,regular,false,hebben,geaaid,,,,false
aanhouden,"to keep up, keep on, maintain",B1,verb,Actions and processes,Hoge noten kan hij niet aanhouden.,He can't maintain high notes.,"Definition adapted from Wiktionary contributors, CC BY-SA 4.0: https://en.wiktionary.org/wiki/aanhouden#Dutch. Example: megamanenm (Dutch, https://tatoeba.org/en/sentences/show/9167735) and megamanenm (English, https://tatoeba.org/en/sentences/show/9167730); CC BY 2.0 FR.",B1;production,,,,irregular,true,hebben,aangehouden,,,,false
aanmoedigen,to encourage,B1,verb,Actions and processes,Ouders moeten hun kinderen aanmoedigen om te lezen.,Parents should encourage their children to read.,"Definition adapted from Wiktionary contributors, CC BY-SA 4.0: https://en.wiktionary.org/wiki/aanmoedigen#Dutch. Example: Slam4 (Dutch, https://tatoeba.org/en/sentences/show/12144494) and Hybrid (English, https://tatoeba.org/en/sentences/show/3934293); CC BY 2.0 FR.",B1;production,,,,regular,true,hebben,aangemoedigd,,,,false
aantonen,to demonstrate; to show; to prove,B1,verb,Actions and processes,Het onderzoek toont aan dat voldoende slaap belangrijk is.,The study shows that enough sleep is important.,,B1;production,,,,regular,true,hebben,aangetoond,,,,false
aanvaarden,to accept,B1,verb,Actions and processes,Ik had geen andere keuze dan het voorstel te aanvaarden.,I had no other choice but to accept the proposal.,"Definition adapted from Wiktionary contributors, CC BY-SA 4.0: https://en.wiktionary.org/wiki/aanvaarden#Dutch. Example: nilfisq (Dutch, https://tatoeba.org/en/sentences/show/2235059) and Nylez (English, https://tatoeba.org/en/sentences/show/9525217); CC BY 2.0 FR.",B1;production,,,,regular,false,hebben,aanvaard,,,,false
achterhalen,"to find out, discover",B1,verb,Actions and processes,Het zal me wat tijd kosten om te achterhalen waar hij woont.,It'll take me some time to find out where he lives.,"Definition adapted from Wiktionary contributors, CC BY-SA 4.0: https://en.wiktionary.org/wiki/achterhalen#Dutch. Example: megamanenm (Dutch, https://tatoeba.org/en/sentences/show/10793580) and megamanenm (English, https://tatoeba.org/en/sentences/show/10793579); CC BY 2.0 FR.",B1;production,,,,regular,false,hebben,achterhaald,,,,false
adopteren,to adopt,B1,verb,Actions and processes,Om een zin te adopteren klik je op het witte mens-icoon.,"To adopt a sentence, click on the white person icon.","Definition adapted from Wiktionary contributors, CC BY-SA 4.0: https://en.wiktionary.org/wiki/adopteren#Dutch. Example: SunnyMoon (Dutch, https://tatoeba.org/en/sentences/show/11223337) and CK (English, https://tatoeba.org/en/sentences/show/4631942); CC BY 2.0 FR.",B1;production,,,,regular,false,hebben,geadopteerd,,,,false
adviseren,to recommend,B1,verb,Actions and processes,Ik zou het niet adviseren.,I would not recommend it.,"Definition adapted from Wiktionary contributors, CC BY-SA 4.0: https://en.wiktionary.org/wiki/adviseren#Dutch. Example: kiryopi (Dutch, https://tatoeba.org/en/sentences/show/12892723) and kiryopi (English, https://tatoeba.org/en/sentences/show/12892724); CC BY 2.0 FR.",B1;production,,,,regular,false,hebben,geadviseerd,,,,false
afleveren,"to deliver, to drop off",B1,verb,Actions and processes,Ik zal het zo snel mogelijk afleveren.,I'll deliver it as soon as I can.,"Definition adapted from Wiktionary contributors, CC BY-SA 4.0: https://en.wiktionary.org/wiki/afleveren#Dutch. Example: Raizin (Dutch, https://tatoeba.org/en/sentences/show/4967835) and CK (English, https://tatoeba.org/en/sentences/show/953797); CC BY 2.0 FR.",B1;production,,,,regular,true,hebben,afgeleverd,,,,false
afspelen,to play,B1,verb,Actions and processes,Kan deze telefoon video's afspelen?,Can this phone play videos?,"Often reflexive: use the appropriate reflexive pronoun for the intended meaning. Definition adapted from Wiktionary contributors, CC BY-SA 4.0: https://en.wiktionary.org/wiki/afspelen#Dutch. Example: rose_d (Dutch, https://tatoeba.org/en/sentences/show/10654722) and mailohilohi (English, https://tatoeba.org/en/sentences/show/6029509); CC BY 2.0 FR.",B1;production,,,,regular,true,hebben,afgespeeld,,,,false
afstuderen,to graduate: successfully complete one's studies,B1,verb,Actions and processes,Denk je dat Tom dit jaar zal afstuderen?,Do you think Tom will graduate this year?,"Definition adapted from Wiktionary contributors, CC BY-SA 4.0: https://en.wiktionary.org/wiki/afstuderen#Dutch. Example: PaulP (Dutch, https://tatoeba.org/en/sentences/show/12189922) and CK (English, https://tatoeba.org/en/sentences/show/2951786); CC BY 2.0 FR.",B1;production,,,,regular,true,hebben,afgestudeerd,,,,false
afzetten,to take off,B1,verb,Actions and processes,Je moet je hoed afzetten in de kamer.,You must take off your hat in the room.,"Definition adapted from Wiktionary contributors, CC BY-SA 4.0: https://en.wiktionary.org/wiki/afzetten#Dutch. Example: PaulP (Dutch, https://tatoeba.org/en/sentences/show/3306833) and Swift (English, https://tatoeba.org/en/sentences/show/9583); CC BY 2.0 FR.",B1;production,,,,regular,true,hebben,afgezet,,,,false
bedriegen,to cheat on one's significant other,B1,verb,Actions and processes,Wat voor iemand zou zijn echtgenoot bedriegen?,What kind of person would cheat on their spouse?,"Definition adapted from Wiktionary contributors, CC BY-SA 4.0: https://en.wiktionary.org/wiki/bedriegen#Dutch. Example: megamanenm (Dutch, https://tatoeba.org/en/sentences/show/10827852) and megamanenm (English, https://tatoeba.org/en/sentences/show/10827851); CC BY 2.0 FR.",B1;production,,,,irregular,false,hebben,bedrogen,,,,false
beheersen,"to control, to master",B1,verb,Actions and processes,U moet leren om u te beheersen.,You should learn how to control yourself.,"Definition adapted from Wiktionary contributors, CC BY-SA 4.0: https://en.wiktionary.org/wiki/beheersen#Dutch. Example: Mandalay (Dutch, https://tatoeba.org/en/sentences/show/6122233) and JimmyUK (English, https://tatoeba.org/en/sentences/show/5136409); CC BY 2.0 FR.",B1;production,,,,regular,false,hebben,beheerst,,,,false
bekennen,"to see, to make out, to discern",B1,verb,Actions and processes,De cijfers van het examen zijn bekend. Hannah is geslaagd!,The exam marks are out. Hannah has passed!,"Definition adapted from Wiktionary contributors, CC BY-SA 4.0: https://en.wiktionary.org/wiki/bekennen#Dutch. Example: kiryopi (Dutch, https://tatoeba.org/en/sentences/show/12854033) and kiryopi (English, https://tatoeba.org/en/sentences/show/12854034); CC BY 2.0 FR.",B1;production,,,,regular,false,hebben,bekend,,,,false
beledigen,to offend,B1,verb,Actions and processes,"Een recht om te beledigen bestaat wel, onderstreepte de koningin.","A right to offend does indeed exist, the queen emphasized.","Definition adapted from Wiktionary contributors, CC BY-SA 4.0: https://en.wiktionary.org/wiki/beledigen#Dutch. Example from the same Wiktionary entry (CC BY-SA 4.0).",B1;production,,,,regular,false,hebben,beledigd,,,,false
bemoeien,"to interfere, to meddle",B1,verb,Actions and processes,Ik zal me er niet mee bemoeien.,I won't interfere.,"Often reflexive: use the appropriate reflexive pronoun for the intended meaning. Definition adapted from Wiktionary contributors, CC BY-SA 4.0: https://en.wiktionary.org/wiki/bemoeien#Dutch. Example: megamanenm (Dutch, https://tatoeba.org/en/sentences/show/12347789) and CK (English, https://tatoeba.org/en/sentences/show/3823528); CC BY 2.0 FR.",B1;production,,,,regular,false,hebben,bemoeid,,,,false
benaderen,to approach,B1,verb,Actions and processes,Mijn baas zei me dat ik moeilijk te benaderen ben.,My boss told me I'm hard to approach.,"Definition adapted from Wiktionary contributors, CC BY-SA 4.0: https://en.wiktionary.org/wiki/benaderen#Dutch. Example: anders (Dutch, https://tatoeba.org/en/sentences/show/2800356) and pip (English, https://tatoeba.org/en/sentences/show/73714); CC BY 2.0 FR.",B1;production,,,,regular,false,hebben,benaderd,,,,false
bereiden,to prepare,B1,verb,Actions and processes,Je hoeft geen formele toespraak voor te bereiden.,You haven't got to prepare a formal speech.,"Definition adapted from Wiktionary contributors, CC BY-SA 4.0: https://en.wiktionary.org/wiki/bereiden#Dutch. Example: javyoze (Dutch, https://tatoeba.org/en/sentences/show/473330) and sundown (English, https://tatoeba.org/en/sentences/show/9479841); CC BY 2.0 FR.",B1;production,,,,regular,false,hebben,bereid,,,,false
beschouwen,"to consider, to regard",B1,verb,Actions and processes,We moeten elk onderdeel van het probleem beschouwen.,We must consider every aspect of the problem.,"Definition adapted from Wiktionary contributors, CC BY-SA 4.0: https://en.wiktionary.org/wiki/beschouwen#Dutch. Example: Slam4 (Dutch, https://tatoeba.org/en/sentences/show/11882198) and CM (English, https://tatoeba.org/en/sentences/show/248158); CC BY 2.0 FR.",B1;production,,,,regular,false,hebben,beschouwd,,,,false
bestaan,"to exist, to be",B1,verb,Actions and processes,"Wanneer het denken ophoudt, houdt de mens op te bestaan.","When thought ceases, man ceases to exist.","Definition adapted from Wiktionary contributors, CC BY-SA 4.0: https://en.wiktionary.org/wiki/bestaan#Dutch. Example: carlosalberto (Dutch, https://tatoeba.org/en/sentences/show/11564360) and carlosalberto (English, https://tatoeba.org/en/sentences/show/11564348); CC BY 2.0 FR.",B1;production,,,,irregular,false,hebben,bestaan,,,,false
betekenen,"to mean, to signify",B1,verb,Actions and processes,"Als een zin alles kan betekenen, is hij zinloos.","If a sentence may mean anything you want it to mean, it is meaningless.","Definition adapted from Wiktionary contributors, CC BY-SA 4.0: https://en.wiktionary.org/wiki/betekenen#Dutch. Example: fekundulo (Dutch, https://tatoeba.org/en/sentences/show/3136150) and fekundulo (English, https://tatoeba.org/en/sentences/show/3136139); CC BY 2.0 FR.",B1;production,,,,regular,false,hebben,betekend,,,,false
beveiligen,"to protect, secure",B1,verb,Actions and processes,Om zijn kluisje te beveiligen gebruikt hij een hangslot.,"To secure his locker, he uses a padlock.","Definition adapted from Wiktionary contributors, CC BY-SA 4.0: https://en.wiktionary.org/wiki/beveiligen#Dutch. Example: Bart_Demeyere (Dutch, https://tatoeba.org/en/sentences/show/4870641) and Bart_Demeyere (English, https://tatoeba.org/en/sentences/show/4870600); CC BY 2.0 FR.",B1;production,,,,regular,false,hebben,beveiligd,,,,false
bevinden,"to be located, to find oneself",B1,verb,Actions and processes,Onder de mantel bevindt zich een vloeibare buitenkern (waarin het aardmagnetisch veld wordt opgewekt) en een vaste binnenkern.,Under the mantle are located a fluid outer core (in which the Earth's magnetic field is generated) and a fixed inner core.,"Often reflexive: use the appropriate reflexive pronoun for the intended meaning. Definition adapted from Wiktionary contributors, CC BY-SA 4.0: https://en.wiktionary.org/wiki/bevinden#Dutch. Example from the same Wiktionary entry (CC BY-SA 4.0).",B1;production,,,,irregular,false,hebben,bevonden,,,,false
bevrijden,"to liberate, to free",B1,verb,Actions and processes,Je zou deze dieren uit hun kooien moeten bevrijden.,You should free those animals from the cage.,"Definition adapted from Wiktionary contributors, CC BY-SA 4.0: https://en.wiktionary.org/wiki/bevrijden#Dutch. Example: Micsmithel (Dutch, https://tatoeba.org/en/sentences/show/6572939) and CM (English, https://tatoeba.org/en/sentences/show/64819); CC BY 2.0 FR.",B1;production,,,,regular,false,hebben,bevrijd,,,,false
bezorgen,to deliver,B1,verb,Actions and processes,De postbode zal het pakketje morgen bezorgen bij uw huis.,The mailman will deliver the package to your house tomorrow.,"Definition adapted from Wiktionary contributors, CC BY-SA 4.0: https://en.wiktionary.org/wiki/bezorgen#Dutch. Example from the same Wiktionary entry (CC BY-SA 4.0).",B1;production,,,,regular,false,hebben,bezorgd,,,,false
bijhouden,to keep up with,B1,verb,Actions and processes,Ik kan de rest van de klas nauwelijks bijhouden.,I can barely keep up with the rest of the class.,"Definition adapted from Wiktionary contributors, CC BY-SA 4.0: https://en.wiktionary.org/wiki/bijhouden#Dutch. Example: megamanenm (Dutch, https://tatoeba.org/en/sentences/show/10731728) and CK (English, https://tatoeba.org/en/sentences/show/2300613); CC BY 2.0 FR.",B1;production,,,,irregular,true,hebben,bijgehouden,,,,false
bijwonen,"to attend, to be present at",B1,verb,Actions and processes,Ik denk dat een van ons die vergadering moet bijwonen.,I think one of us ought to attend that meeting.,"Definition adapted from Wiktionary contributors, CC BY-SA 4.0: https://en.wiktionary.org/wiki/bijwonen#Dutch. Example: purple_ice (Dutch, https://tatoeba.org/en/sentences/show/11900285) and CK (English, https://tatoeba.org/en/sentences/show/3733904); CC BY 2.0 FR.",B1;production,,,,regular,true,hebben,bijgewoond,,,,false
bowlen,"to bowl, to play bowling",B1,verb,Actions and processes,Met wie ben je gaan bowlen?,Who did you go bowling with?,"Definition adapted from Wiktionary contributors, CC BY-SA 4.0: https://en.wiktionary.org/wiki/bowlen#Dutch. Example: doemaar14 (Dutch, https://tatoeba.org/en/sentences/show/10735069) and CK (English, https://tatoeba.org/en/sentences/show/8390455); CC BY 2.0 FR.",B1;production,,,,regular,false,hebben,gebowld,,,,false
concluderen,to conclude,B1,verb,Actions and processes,Hieruit kan geconcludeerd worden dat het feminisme nog steeds nodig is.,From this you can conclude that feminism is still necessary.,"Definition adapted from Wiktionary contributors, CC BY-SA 4.0: https://en.wiktionary.org/wiki/concluderen#Dutch. Example: Citrine (Dutch, https://tatoeba.org/en/sentences/show/1473195) and eastasiastudent (English, https://tatoeba.org/en/sentences/show/803472); CC BY 2.0 FR.",B1;production,,,,regular,false,hebben,geconcludeerd,,,,false
dienen,to serve,B1,verb,Actions and processes,Een politicus zou het volk moeten dienen.,A politician should serve the people.,"Definition adapted from Wiktionary contributors, CC BY-SA 4.0: https://en.wiktionary.org/wiki/dienen#Dutch. Example: megamanenm (Dutch, https://tatoeba.org/en/sentences/show/11522411) and CM (English, https://tatoeba.org/en/sentences/show/271386); CC BY 2.0 FR.",B1;production,,,,regular,false,hebben,gediend,,,,false
doneren,to donate,B1,verb,Actions and processes,Je kan geen stel hersenen doneren en het overleven.,You can't donate a brain and live.,"Definition adapted from Wiktionary contributors, CC BY-SA 4.0: https://en.wiktionary.org/wiki/doneren#Dutch. Example: Raizin (Dutch, https://tatoeba.org/en/sentences/show/10108601) and espamatics (English, https://tatoeba.org/en/sentences/show/10108593); CC BY 2.0 FR.",B1;production,,,,regular,false,hebben,gedoneerd,,,,false
drukken,to press,B1,verb,Actions and processes,Je moet op deze knop drukken. Dan gaat de televisie aan.,You have to press this button. Then the television turns on.,"Often reflexive: use the appropriate reflexive pronoun for the intended meaning. Definition adapted from Wiktionary contributors, CC BY-SA 4.0: https://en.wiktionary.org/wiki/drukken#Dutch. Example: kiryopi (Dutch, https://tatoeba.org/en/sentences/show/12853906) and kiryopi (English, https://tatoeba.org/en/sentences/show/12853908); CC BY 2.0 FR.",B1;production,,,,regular,false,hebben,gedrukt,,,,false
erkennen,"to acknowledge, to recognize",B1,verb,Actions and processes,Zelfs een kind is in staat om het verschil te erkennen.,Even a child is able to recognize the difference.,"Definition adapted from Wiktionary contributors, CC BY-SA 4.0: https://en.wiktionary.org/wiki/erkennen#Dutch. Example: Mandalay (Dutch, https://tatoeba.org/en/sentences/show/6045635) and SunnyMoon (English, https://tatoeba.org/en/sentences/show/11194760); CC BY 2.0 FR.",B1;production,,,,regular,false,hebben,erkend,,,,false
falen,to fail,B1,verb,Actions and processes,Ze wijdde zich aan haar studie zodat ze niet zou falen.,She threw herself into her studies so she wouldn't fail.,"Definition adapted from Wiktionary contributors, CC BY-SA 4.0: https://en.wiktionary.org/wiki/falen#Dutch. Example: megamanenm (Dutch, https://tatoeba.org/en/sentences/show/10827812) and megamanenm (English, https://tatoeba.org/en/sentences/show/10827811); CC BY 2.0 FR.",B1;production,,,,regular,false,hebben,gefaald,,,,false
financieren,to finance,B1,verb,Actions and processes,Om de oorlog te financieren zijn er obligaties uitgegeven.,Bonds were issued to finance a war.,"Definition adapted from Wiktionary contributors, CC BY-SA 4.0: https://en.wiktionary.org/wiki/financieren#Dutch. Example: Dorenda (Dutch, https://tatoeba.org/en/sentences/show/377213) and CM (English, https://tatoeba.org/en/sentences/show/273291); CC BY 2.0 FR.",B1;production,,,,regular,false,hebben,gefinancierd,,,,false
fotograferen,"to photograph, to shoot",B1,verb,Actions and processes,Ze willen iedere stad fotograferen.,They want to photograph every city.,"Definition adapted from Wiktionary contributors, CC BY-SA 4.0: https://en.wiktionary.org/wiki/fotograferen#Dutch. Example: fekundulo (Dutch, https://tatoeba.org/en/sentences/show/4466429) and fekundulo (English, https://tatoeba.org/en/sentences/show/4466426); CC BY 2.0 FR.",B1;production,,,,regular,false,hebben,gefotografeerd,,,,false
getuigen,"to testify, bear witness, give testimony, especially in court",B1,verb,Actions and processes,Ik ben gekomen om te getuigen.,I have come to bear witness.,"Definition adapted from Wiktionary contributors, CC BY-SA 4.0: https://en.wiktionary.org/wiki/getuigen#Dutch. Example: carlosalberto (Dutch, https://tatoeba.org/en/sentences/show/13058294) and carlosalberto (English, https://tatoeba.org/en/sentences/show/13058286); CC BY 2.0 FR.",B1;production,,,,regular,false,hebben,getuigd,,,,false
gillen,"to yell, scream",B1,verb,Actions and processes,De jongen begon te gillen.,The boy began to scream.,"Definition adapted from Wiktionary contributors, CC BY-SA 4.0: https://en.wiktionary.org/wiki/gillen#Dutch. Example: martinod (Dutch, https://tatoeba.org/en/sentences/show/3409647) and CK (English, https://tatoeba.org/en/sentences/show/381886); CC BY 2.0 FR.",B1;production,,,,regular,false,hebben,gegild,,,,false
gunnen,"to give, usually out of benevolence or grace; to grant",B1,verb,Actions and processes,Voorlopig moeten we hem het voordeel van de twijfel gunnen.,"For the time being, we must give him the benefit of the doubt.","Definition adapted from Wiktionary contributors, CC BY-SA 4.0: https://en.wiktionary.org/wiki/gunnen#Dutch. Example: megamanenm (Dutch, https://tatoeba.org/en/sentences/show/11515620) and belgavox (English, https://tatoeba.org/en/sentences/show/1682366); CC BY 2.0 FR.",B1;production,,,,regular,false,hebben,gegund,,,,false
hardlopen,"to run fast, race on foot",B1,verb,Actions and processes,"Ik was moe, maar alsnog ging ik hardlopen.","I was tired, but I still went for a run.","Definition adapted from Wiktionary contributors, CC BY-SA 4.0: https://en.wiktionary.org/wiki/hardlopen#Dutch. Example: kiryopi (Dutch, https://tatoeba.org/en/sentences/show/12847359) and kiryopi (English, https://tatoeba.org/en/sentences/show/12847363); CC BY 2.0 FR.",B1;production,,,,irregular,true,hebben,hardgelopen,,,,false
inhalen,to catch up,B1,verb,Actions and processes,"Het maakt niet uit hoe snel je wandelt, je kan hem niet inhalen.","No matter how fast you may walk, you can't catch up with him.","Definition adapted from Wiktionary contributors, CC BY-SA 4.0: https://en.wiktionary.org/wiki/inhalen#Dutch. Example: Vulgaris (Dutch, https://tatoeba.org/en/sentences/show/858112) and CH (English, https://tatoeba.org/en/sentences/show/36714); CC BY 2.0 FR.",B1;production,,,,regular,true,hebben,ingehaald,,,,false
inhuren,to hire,B1,verb,Actions and processes,We moeten iemand inhuren om dit probleem aan te pakken.,We need to hire someone to take care of this problem.,"Definition adapted from Wiktionary contributors, CC BY-SA 4.0: https://en.wiktionary.org/wiki/inhuren#Dutch. Example: Micsmithel (Dutch, https://tatoeba.org/en/sentences/show/6787894) and CK (English, https://tatoeba.org/en/sentences/show/2662625); CC BY 2.0 FR.",B1;production,,,,regular,true,hebben,ingehuurd,,,,false
inrichten,"to arrange, organize",B1,verb,Actions and processes,Ik zou het onderwijs zelf helemaal anders inrichten.,I myself would re-organize the educational system from the ground up.,"Definition adapted from Wiktionary contributors, CC BY-SA 4.0: https://en.wiktionary.org/wiki/inrichten#Dutch. Example: megamanenm (Dutch, https://tatoeba.org/en/sentences/show/10891397) and megamanenm (English, https://tatoeba.org/en/sentences/show/10891409); CC BY 2.0 FR.",B1;production,,,,regular,true,hebben,ingericht,,,,false
interviewen,to interview,B1,verb,Actions and processes,Binnenkort ga ik op pad om mensen te interviewen.,Soon I'll be going out to interview people.,"Definition adapted from Wiktionary contributors, CC BY-SA 4.0: https://en.wiktionary.org/wiki/interviewen#Dutch. Example: Tom9358 (Dutch, https://tatoeba.org/en/sentences/show/12771895) and Tom9358 (English, https://tatoeba.org/en/sentences/show/12771898); CC BY 2.0 FR.",B1;production,,,,regular,false,hebben,geïnterviewd,,,,false
joggen,to jog,B1,verb,Actions and processes,Hij besloot ondanks zijn blindheid te gaan joggen.,He made up his mind to jog in spite of his blindness.,"Definition adapted from Wiktionary contributors, CC BY-SA 4.0: https://en.wiktionary.org/wiki/joggen#Dutch. Example: doemaar14 (Dutch, https://tatoeba.org/en/sentences/show/10366285) and CK (English, https://tatoeba.org/en/sentences/show/304172); CC BY 2.0 FR.",B1;production,,,,regular,false,hebben,gejogd,,,,false
klaarmaken,"to prepare, to make ready",B1,verb,Actions and processes,Mijn vader zal morgen lekker eten voor mij klaarmaken.,My father will prepare a tasty meal for me tomorrow.,"Often reflexive: use the appropriate reflexive pronoun for the intended meaning. Definition adapted from Wiktionary contributors, CC BY-SA 4.0: https://en.wiktionary.org/wiki/klaarmaken#Dutch. Example: martinod (Dutch, https://tatoeba.org/en/sentences/show/768309) and Vulgaris (English, https://tatoeba.org/en/sentences/show/859744); CC BY 2.0 FR.",B1;production,,,,regular,true,hebben,klaargemaakt,,,,false
kletsen,to chat,B1,verb,Actions and processes,Na de vergadering bleven we nog even kletsen.,After the meeting we stayed to chat for a while.,,B1;production,,,,regular,false,hebben,gekletst,,,,false
kloppen,to knock or beat audibly,B1,verb,Actions and processes,Gelieve op de deur te kloppen voor u binnenkomt.,Please knock on the door before you enter.,"Definition adapted from Wiktionary contributors, CC BY-SA 4.0: https://en.wiktionary.org/wiki/kloppen#Dutch. Example: megamanenm (Dutch, https://tatoeba.org/en/sentences/show/10749779) and Zifre (English, https://tatoeba.org/en/sentences/show/281912); CC BY 2.0 FR.",B1;production,,,,regular,false,hebben,geklopt,,,,false
krabben,to scratch,B1,verb,Actions and processes,Ik wil mijn neus krabben.,I want to scratch my nose.,"Definition adapted from Wiktionary contributors, CC BY-SA 4.0: https://en.wiktionary.org/wiki/krabben#Dutch. Example: megamanenm (Dutch, https://tatoeba.org/en/sentences/show/9769412) and CK (English, https://tatoeba.org/en/sentences/show/1205633); CC BY 2.0 FR.",B1;production,,,,regular,false,hebben,gekrabd,,,,false
kwijtraken,"to lose, to cause to cease to be in one's possession or capability",B1,verb,Actions and processes,Ik wil deze paraplu niet kwijtraken.,I don't want to lose this umbrella.,"Definition adapted from Wiktionary contributors, CC BY-SA 4.0: https://en.wiktionary.org/wiki/kwijtraken#Dutch. Example: doemaar14 (Dutch, https://tatoeba.org/en/sentences/show/13606375) and CK (English, https://tatoeba.org/en/sentences/show/7576931); CC BY 2.0 FR.",B1;production,,,,regular,true,hebben,kwijtgeraakt,,,,false
leiden,"to lead, to take the lead",B1,verb,Actions and processes,We hebben het over wie de expeditie zou moeten leiden.,We're talking about who should lead the expedition.,"Definition adapted from Wiktionary contributors, CC BY-SA 4.0: https://en.wiktionary.org/wiki/leiden#Dutch. Example: doemaar14 (Dutch, https://tatoeba.org/en/sentences/show/10323486) and CK (English, https://tatoeba.org/en/sentences/show/1893610); CC BY 2.0 FR.",B1;production,,,,regular,false,hebben,geleid,,,,false
lijden,"to undergo, endure, suffer",B1,verb,Actions and processes,Het is het lot van de mens om te lijden.,It is man's destiny to suffer.,"Definition adapted from Wiktionary contributors, CC BY-SA 4.0: https://en.wiktionary.org/wiki/lijden#Dutch. Example: LaraCroft (Dutch, https://tatoeba.org/en/sentences/show/702548) and Eldad (English, https://tatoeba.org/en/sentences/show/701786); CC BY 2.0 FR.",B1;production,,,,irregular,false,hebben,geleden,,,,false
logeren,to stay,B1,verb,Actions and processes,Tom zal voor een paar dagen bij een vriend logeren.,Tom is going to stay at a friend's house for a few days.,"Definition adapted from Wiktionary contributors, CC BY-SA 4.0: https://en.wiktionary.org/wiki/logeren#Dutch. Example: megamanenm (Dutch, https://tatoeba.org/en/sentences/show/8320048) and CK (English, https://tatoeba.org/en/sentences/show/3185479); CC BY 2.0 FR.",B1;production,,,,regular,false,hebben,gelogeerd,,,,false
lunchen,to lunch,B1,verb,Actions and processes,Ik ben van plan om met Tom te gaan lunchen.,I plan to have lunch with Tom.,"Definition adapted from Wiktionary contributors, CC BY-SA 4.0: https://en.wiktionary.org/wiki/lunchen#Dutch. Example: PaulP (Dutch, https://tatoeba.org/en/sentences/show/12150438) and CK (English, https://tatoeba.org/en/sentences/show/5778325); CC BY 2.0 FR.",B1;production,,,,regular,false,hebben,geluncht,,,,false
noemen,"to call, to name",B1,verb,Actions and processes,"Mijn naam is William, maar jij mag me Bill noemen.","My name is William, but you can call me Bill.","Definition adapted from Wiktionary contributors, CC BY-SA 4.0: https://en.wiktionary.org/wiki/noemen#Dutch. Example: megamanenm (Dutch, https://tatoeba.org/en/sentences/show/9688953) and Hybrid (English, https://tatoeba.org/en/sentences/show/5377064); CC BY 2.0 FR.",B1;production,,,,regular,false,hebben,genoemd,,,,false
onderbreken,"to interrupt, disrupt, butt in",B1,verb,Actions and processes,"Sorry, het was niet mijn bedoeling u te onderbreken.","Sorry, I didn't mean to interrupt.","Definition adapted from Wiktionary contributors, CC BY-SA 4.0: https://en.wiktionary.org/wiki/onderbreken#Dutch. Example: Micsmithel (Dutch, https://tatoeba.org/en/sentences/show/7934639) and CK (English, https://tatoeba.org/en/sentences/show/2396320); CC BY 2.0 FR.",B1;production,,,,irregular,false,hebben,onderbroken,,,,false
ondergaan,"to undergo, endure",B1,verb,Actions and processes,De chirurg overtuigde hem om een ​​orgaantransplantatie te ondergaan.,The surgeon persuaded him to undergo an organ transplant.,"Definition adapted from Wiktionary contributors, CC BY-SA 4.0: https://en.wiktionary.org/wiki/ondergaan#Dutch. Example: MarijnKp (Dutch, https://tatoeba.org/en/sentences/show/9033741) and Swift (English, https://tatoeba.org/en/sentences/show/21984); CC BY 2.0 FR.",B1;production,,,,irregular,false,hebben,ondergaan,,,,false
onderhandelen,to negotiate,B1,verb,Actions and processes,We hebben hem afgevaardigd om met hen te onderhandelen.,We delegated him to negotiate with them.,"Definition adapted from Wiktionary contributors, CC BY-SA 4.0: https://en.wiktionary.org/wiki/onderhandelen#Dutch. Example: Elsofie (Dutch, https://tatoeba.org/en/sentences/show/8204570) and Stalwartlover (English, https://tatoeba.org/en/sentences/show/22704); CC BY 2.0 FR.",B1;production,,,,regular,false,hebben,onderhandeld,,,,false
onderschatten,to underestimate,B1,verb,Actions and processes,De mensen zijn geneigd om hun toekomstige noden te onderschatten.,People have a tendency to underestimate their future needs.,"Definition adapted from Wiktionary contributors, CC BY-SA 4.0: https://en.wiktionary.org/wiki/onderschatten#Dutch. Example: martinod (Dutch, https://tatoeba.org/en/sentences/show/2260324) and megamanenm (English, https://tatoeba.org/en/sentences/show/2280683); CC BY 2.0 FR.",B1;production,,,,regular,false,hebben,onderschat,,,,false
onderscheiden,"to distinguish, to discriminate",B1,verb,Actions and processes,Het is moeilijk u van uw broer te onderscheiden.,It's hard to distinguish you from your brother.,"Definition adapted from Wiktionary contributors, CC BY-SA 4.0: https://en.wiktionary.org/wiki/onderscheiden#Dutch. Example: martinod (Dutch, https://tatoeba.org/en/sentences/show/925299) and sundown (English, https://tatoeba.org/en/sentences/show/8503744); CC BY 2.0 FR.",B1;production,,,,regular,false,hebben,onderscheiden,,,,false
ontbijten,"to breakfast, have breakfast",B1,verb,Actions and processes,We hebben nauwelijks genoeg tijd om te ontbijten.,We've hardly got time to have breakfast.,"Definition adapted from Wiktionary contributors, CC BY-SA 4.0: https://en.wiktionary.org/wiki/ontbijten#Dutch. Example: Dorenda (Dutch, https://tatoeba.org/en/sentences/show/418803) and sundown (English, https://tatoeba.org/en/sentences/show/10345189); CC BY 2.0 FR.",B1;production,,,,irregular,false,hebben,ontbeten,,,,false
ontstaan,"to arise, to come into being",B1,verb,Actions and processes,We weten niet wanneer deze wereld ontstaan is.,We don't know when this world came into being.,"Definition adapted from Wiktionary contributors, CC BY-SA 4.0: https://en.wiktionary.org/wiki/ontstaan#Dutch. Example: martinod (Dutch, https://tatoeba.org/en/sentences/show/731045) and CM (English, https://tatoeba.org/en/sentences/show/58277); CC BY 2.0 FR.",B1;production,,,,irregular,false,hebben,ontstaan,,,,false
ontwijken,"dodge, avoid",B1,verb,Actions and processes,"Ontwijk mij en ik zal volgen, volg mij en ik zal u ontwijken.",Avoid me and I will follow; follow me and I will avoid you.,"Definition adapted from Wiktionary contributors, CC BY-SA 4.0: https://en.wiktionary.org/wiki/ontwijken#Dutch. Example: martinod (Dutch, https://tatoeba.org/en/sentences/show/910481) and BraveSentry (English, https://tatoeba.org/en/sentences/show/2328959); CC BY 2.0 FR.",B1;production,,,,irregular,false,hebben,ontweken,,,,false
opdagen,"to show up, to appear",B1,verb,Actions and processes,Ik vroeg me af of je vandaag zou komen opdagen.,I was wondering if you were going to show up today.,"Definition adapted from Wiktionary contributors, CC BY-SA 4.0: https://en.wiktionary.org/wiki/opdagen#Dutch. Example: Dorenda (Dutch, https://tatoeba.org/en/sentences/show/378728) and CK (English, https://tatoeba.org/en/sentences/show/1464); CC BY 2.0 FR.",B1;production,,,,regular,true,hebben,opgedaagd,,,,false
opkomen,to stand up for,B1,verb,Actions and processes,We moeten voor onze rechten opkomen.,We must stand up for our rights.,"Definition adapted from Wiktionary contributors, CC BY-SA 4.0: https://en.wiktionary.org/wiki/opkomen#Dutch. Example: pimmhogeling (Dutch, https://tatoeba.org/en/sentences/show/1475004) and CK (English, https://tatoeba.org/en/sentences/show/248825); CC BY 2.0 FR.",B1;production,,,,irregular,true,zijn,opgekomen,,,,false
oplopen,"to incur, to receive or suffer",B1,verb,Actions and processes,De drie anderen liepen lichtere verwondingen op.,The three others incurred lighter injuries.,"Definition adapted from Wiktionary contributors, CC BY-SA 4.0: https://en.wiktionary.org/wiki/oplopen#Dutch. Example from the same Wiktionary entry (CC BY-SA 4.0).",B1;production,,,,irregular,true,hebben,opgelopen,,,,false
opstarten,to start up,B1,verb,Actions and processes,Ik kan mijn computer niet opstarten. Wat moet ik doen?,I can't start up my computer. What am I supposed to do?,"Definition adapted from Wiktionary contributors, CC BY-SA 4.0: https://en.wiktionary.org/wiki/opstarten#Dutch. Example: Raizin (Dutch, https://tatoeba.org/en/sentences/show/5965684) and Zifre (English, https://tatoeba.org/en/sentences/show/38613); CC BY 2.0 FR.",B1;production,,,,regular,true,hebben,opgestart,,,,false
opvolgen,"to follow up, keep track",B1,verb,Actions and processes,Je moet alleen maar zijn advies opvolgen.,All that you have to do is to follow his advice.,"Definition adapted from Wiktionary contributors, CC BY-SA 4.0: https://en.wiktionary.org/wiki/opvolgen#Dutch. Example: Elsofie (Dutch, https://tatoeba.org/en/sentences/show/8567132) and CK (English, https://tatoeba.org/en/sentences/show/15813); CC BY 2.0 FR.",B1;production,,,,regular,true,hebben,opgevolgd,,,,false
opzeggen,to terminate a contract,B1,verb,Actions and processes,Ik wil mijn huur opzeggen.,I want to terminate my lease.,"Definition adapted from Wiktionary contributors, CC BY-SA 4.0: https://en.wiktionary.org/wiki/opzeggen#Dutch. Example: megamanenm (Dutch, https://tatoeba.org/en/sentences/show/11538847) and megamanenm (English, https://tatoeba.org/en/sentences/show/11538850); CC BY 2.0 FR.",B1;production,,,,regular,true,hebben,opgezegd,,,,false
overdrijven,"to exaggerate, to overstate",B1,verb,Actions and processes,Tom heeft de neiging te overdrijven.,Tom has a tendency to exaggerate.,"Definition adapted from Wiktionary contributors, CC BY-SA 4.0: https://en.wiktionary.org/wiki/overdrijven#Dutch. Example: PaulP (Dutch, https://tatoeba.org/en/sentences/show/2337678) and CK (English, https://tatoeba.org/en/sentences/show/1025452); CC BY 2.0 FR.",B1;production,,,,irregular,false,hebben,overdreven,,,,false
overeenkomen,to correspond to,B1,verb,Actions and processes,De resultaten van het experiment komen overeen met de voorspellingen van de theorie.,The results of the experiment correspond to the predictions of the theory.,"Definition adapted from Wiktionary contributors, CC BY-SA 4.0: https://en.wiktionary.org/wiki/overeenkomen#Dutch. Example from the same Wiktionary entry (CC BY-SA 4.0).",B1;production,,,,irregular,true,hebben,overeengekomen,,,,false
overhalen,"to talk over, talk into, persuade",B1,verb,Actions and processes,Ze kan hem niet overhalen om voor haar een nieuwe auto te kopen.,She cannot persuade him to buy her a new car.,"Definition adapted from Wiktionary contributors, CC BY-SA 4.0: https://en.wiktionary.org/wiki/overhalen#Dutch. Example: Citrine (Dutch, https://tatoeba.org/en/sentences/show/1479019) and Eldad (English, https://tatoeba.org/en/sentences/show/1435586); CC BY 2.0 FR.",B1;production,,,,regular,true,hebben,overgehaald,,,,false
overleven,to survive,B1,verb,Actions and processes,Ik denk niet dat ik de woestijn zou kunnen overleven.,I don't think I can survive the desert.,"Definition adapted from Wiktionary contributors, CC BY-SA 4.0: https://en.wiktionary.org/wiki/overleven#Dutch. Example: doemaar14 (Dutch, https://tatoeba.org/en/sentences/show/13698863) and mervert1 (English, https://tatoeba.org/en/sentences/show/13686639); CC BY 2.0 FR.",B1;production,,,,regular,false,hebben,overleefd,,,,false
overwinnen,"surmount, get over",B1,verb,Actions and processes,Ze hielp hem zijn slechte humeur te overwinnen.,She helped him get over his bad mood.,"Definition adapted from Wiktionary contributors, CC BY-SA 4.0: https://en.wiktionary.org/wiki/overwinnen#Dutch. Example: Elsofie (Dutch, https://tatoeba.org/en/sentences/show/8323198) and CK (English, https://tatoeba.org/en/sentences/show/388343); CC BY 2.0 FR.",B1;production,,,,irregular,false,hebben,overwonnen,,,,false
protesteren,"to protest, to demonstrate",B1,verb,Actions and processes,Ik begon te protesteren.,I began to protest.,"Definition adapted from Wiktionary contributors, CC BY-SA 4.0: https://en.wiktionary.org/wiki/protesteren#Dutch. Example: MarijnKp (Dutch, https://tatoeba.org/en/sentences/show/8175714) and Hybrid (English, https://tatoeba.org/en/sentences/show/5644496); CC BY 2.0 FR.",B1;production,,,,regular,false,hebben,geprotesteerd,,,,false
raden,to guess,B1,verb,Actions and processes,Ook al kan je waarschijnlijk raden wat er gaande is.,Although you can probably guess what's happening.,"Definition adapted from Wiktionary contributors, CC BY-SA 4.0: https://en.wiktionary.org/wiki/raden#Dutch. Example: LaraCroft (Dutch, https://tatoeba.org/en/sentences/show/698884) and papabear (English, https://tatoeba.org/en/sentences/show/697769); CC BY 2.0 FR.",B1;production,,,,regular,false,hebben,geraden,,,,false
raken,to hit,B1,verb,Actions and processes,Misschien hebben ze je met de elleboog geraakt of iets dergelijks?,Maybe they hit you with the elbow or something like that?,"Definition adapted from Wiktionary contributors, CC BY-SA 4.0: https://en.wiktionary.org/wiki/raken#Dutch. Example: Nylez (Dutch, https://tatoeba.org/en/sentences/show/9996401) and SunnyMoon (English, https://tatoeba.org/en/sentences/show/11174099); CC BY 2.0 FR.",B1;production,,,,regular,false,hebben,geraakt,,,,false
redden,"to save, rescue",B1,verb,Actions and processes,Zou jij de brandweer bellen om een ​​mier te redden?,Would you call the fire brigade to save an ant?,"Often reflexive: use the appropriate reflexive pronoun for the intended meaning. Definition adapted from Wiktionary contributors, CC BY-SA 4.0: https://en.wiktionary.org/wiki/redden#Dutch. Example: carlosalberto (Dutch, https://tatoeba.org/en/sentences/show/12190772) and carlosalberto (English, https://tatoeba.org/en/sentences/show/12190742); CC BY 2.0 FR.",B1;production,,,,regular,false,hebben,gered,,,,false
riskeren,to risk,B1,verb,Actions and processes,"Hiromi heeft besloten bungee-jumping te riskeren, ofschoon hij bang was.","Hiromi decided to risk bungee-jumping, even though he was scared.","Definition adapted from Wiktionary contributors, CC BY-SA 4.0: https://en.wiktionary.org/wiki/riskeren#Dutch. Example: Mandalay (Dutch, https://tatoeba.org/en/sentences/show/6106691) and CN (English, https://tatoeba.org/en/sentences/show/34448); CC BY 2.0 FR.",B1;production,,,,regular,false,hebben,geriskeerd,,,,false
schaden,"to damage, to harm, to hurt",B1,verb,Actions and processes,Ze vreesden dat het geschil de economie zou schaden.,They feared that the dispute would hurt the economy.,"Definition adapted from Wiktionary contributors, CC BY-SA 4.0: https://en.wiktionary.org/wiki/schaden#Dutch. Example: Micsmithel (Dutch, https://tatoeba.org/en/sentences/show/7041619) and Source_VOA (English, https://tatoeba.org/en/sentences/show/802693); CC BY 2.0 FR.",B1;production,,,,regular,false,hebben,geschaad,,,,false
scheppen,"to scoop, to shovel",B1,verb,Actions and processes,Kan je voor het dessert het ijs in kommetjes scheppen?,Can you scoop the ice cream into bowls for dessert?,"Definition adapted from Wiktionary contributors, CC BY-SA 4.0: https://en.wiktionary.org/wiki/scheppen#Dutch. Example: megamanenm (Dutch, https://tatoeba.org/en/sentences/show/11563088) and megamanenm (English, https://tatoeba.org/en/sentences/show/11563087); CC BY 2.0 FR.",B1;production,,,,regular,false,hebben,geschept,,,,false
scoren,to score,B1,verb,Actions and processes,Wie zal er vanavond als eerste scoren?,Who will score the first goal tonight?,"Definition adapted from Wiktionary contributors, CC BY-SA 4.0: https://en.wiktionary.org/wiki/scoren#Dutch. Example: doemaar14 (Dutch, https://tatoeba.org/en/sentences/show/12316828) and Balamax (English, https://tatoeba.org/en/sentences/show/1405638); CC BY 2.0 FR.",B1;production,,,,regular,false,hebben,gescoord,,,,false
splitsen,split,B1,verb,Actions and processes,Laten we de rekening splitsen.,Let's split the bill.,"Definition adapted from Wiktionary contributors, CC BY-SA 4.0: https://en.wiktionary.org/wiki/splitsen#Dutch. Example: Mandalay (Dutch, https://tatoeba.org/en/sentences/show/6066291) and momomonkey (English, https://tatoeba.org/en/sentences/show/502357); CC BY 2.0 FR.",B1;production,,,,regular,false,hebben,gesplitst,,,,false
staken,"to strike, go on a strike",B1,verb,Actions and processes,We hebben het recht om te staken.,We have the right to strike.,"Definition adapted from Wiktionary contributors, CC BY-SA 4.0: https://en.wiktionary.org/wiki/staken#Dutch. Example: carlosalberto (Dutch, https://tatoeba.org/en/sentences/show/11632634) and carlosalberto (English, https://tatoeba.org/en/sentences/show/11632625); CC BY 2.0 FR.",B1;production,,,,regular,false,hebben,gestaakt,,,,false
starten,"to start, begin",B1,verb,Actions and processes,Je zou jouw eigen bedrijf kunnen starten.,You could start your own company.,"Definition adapted from Wiktionary contributors, CC BY-SA 4.0: https://en.wiktionary.org/wiki/starten#Dutch. Example: Lublin (Dutch, https://tatoeba.org/en/sentences/show/2350205) and Spamster (English, https://tatoeba.org/en/sentences/show/1864466); CC BY 2.0 FR.",B1;production,,,,regular,false,hebben,gestart,,,,false
stellen,"to state, to put forward",B1,verb,Actions and processes,Ik stelde voor om de vergadering uit te stellen.,I suggested that the meeting be put off.,"Definition adapted from Wiktionary contributors, CC BY-SA 4.0: https://en.wiktionary.org/wiki/stellen#Dutch. Example: Raizin (Dutch, https://tatoeba.org/en/sentences/show/4509230) and CK (English, https://tatoeba.org/en/sentences/show/254262); CC BY 2.0 FR.",B1;production,,,,regular,false,hebben,gesteld,,,,false
stilstaan,"to realise, to pay attention",B1,verb,Actions and processes,Daar heb ik niet bij stilgestaan.,I did not pay attention to that.,"Definition adapted from Wiktionary contributors, CC BY-SA 4.0: https://en.wiktionary.org/wiki/stilstaan#Dutch. Example from the same Wiktionary entry (CC BY-SA 4.0).",B1;production,,,,irregular,true,hebben,stilgestaan,,,,false
storen,"to disturb, to bother",B1,verb,Actions and processes,Ik zal proberen je niet te storen bij het leren.,I'll do my best not to disturb your studying.,"Definition adapted from Wiktionary contributors, CC BY-SA 4.0: https://en.wiktionary.org/wiki/storen#Dutch. Example: Dorenda (Dutch, https://tatoeba.org/en/sentences/show/377494) and djinni74 (English, https://tatoeba.org/en/sentences/show/1304); CC BY 2.0 FR.",B1;production,,,,regular,false,hebben,gestoord,,,,false
teleurstellen,to disappoint,B1,verb,Actions and processes,Ik wil Tom echt niet teleurstellen.,I really don't want to disappoint Tom.,"Definition adapted from Wiktionary contributors, CC BY-SA 4.0: https://en.wiktionary.org/wiki/teleurstellen#Dutch. Example: sdfke1 (Dutch, https://tatoeba.org/en/sentences/show/5460888) and CK (English, https://tatoeba.org/en/sentences/show/2025878); CC BY 2.0 FR.",B1;production,,,,regular,true,hebben,teleurgesteld,,,,false
terechtkomen,"to end up, wind up",B1,verb,Actions and processes,Een loper kan nooit op een veld met een andere kleur terechtkomen.,A bishop can never end up on an opposite-coloured square.,"Definition adapted from Wiktionary contributors, CC BY-SA 4.0: https://en.wiktionary.org/wiki/terechtkomen#Dutch. Example: megamanenm (Dutch, https://tatoeba.org/en/sentences/show/11535495) and megamanenm (English, https://tatoeba.org/en/sentences/show/11535498); CC BY 2.0 FR.",B1;production,,,,irregular,true,zijn,terechtgekomen,,,,false
terugtrekken,"to withdraw, to pull back",B1,verb,Actions and processes,Turkije moet zijn soldaten uit Cyprus terugtrekken.,Turkey must withdraw its troops from Cyprus.,"Often reflexive: use the appropriate reflexive pronoun for the intended meaning. Definition adapted from Wiktionary contributors, CC BY-SA 4.0: https://en.wiktionary.org/wiki/terugtrekken#Dutch. Example: PaulP (Dutch, https://tatoeba.org/en/sentences/show/13875341) and janTuki (English, https://tatoeba.org/en/sentences/show/11491909); CC BY 2.0 FR.",B1;production,,,,irregular,true,hebben,teruggetrokken,,,,false
thuisblijven,to stay at home,B1,verb,Actions and processes,Bij slecht weer blijven we liever thuis.,In bad weather we prefer to stay at home.,,B1;production,,,,irregular,true,zijn,thuisgebleven,,,,false
thuiskomen,to arrive home,B1,verb,Actions and processes,Laat weten wanneer je thuiskomt.,Let us know when you get home.,,B1;production,,,,irregular,true,zijn,thuisgekomen,,,,false
toelaten,"to allow, tolerate",B1,verb,Actions and processes,Ik wist dat Tom ons zou toelaten om dat te doen.,I know that Tom would allow us to do that.,"Definition adapted from Wiktionary contributors, CC BY-SA 4.0: https://en.wiktionary.org/wiki/toelaten#Dutch. Example: megamanenm (Dutch, https://tatoeba.org/en/sentences/show/9752038) and CK (English, https://tatoeba.org/en/sentences/show/7513785); CC BY 2.0 FR.",B1;production,,,,irregular,true,hebben,toegelaten,,,,false
troosten,"to comfort, console, solace",B1,verb,Actions and processes,Dat zeg je alleen maar om me te troosten!,You're just saying this to comfort me!,"Definition adapted from Wiktionary contributors, CC BY-SA 4.0: https://en.wiktionary.org/wiki/troosten#Dutch. Example: megamanenm (Dutch, https://tatoeba.org/en/sentences/show/11018843) and megamanenm (English, https://tatoeba.org/en/sentences/show/11018841); CC BY 2.0 FR.",B1;production,,,,regular,false,hebben,getroost,,,,false
uiten,to express; to utter with the voice),B1,verb,Actions and processes,Ik moet meer manieren leren om mijzelf te kunnen uiten.,I need to learn more ways I can express myself.,"Definition adapted from Wiktionary contributors, CC BY-SA 4.0: https://en.wiktionary.org/wiki/uiten#Dutch. Example: CaspieChi (Dutch, https://tatoeba.org/en/sentences/show/12635102) and DJ_Saidez (English, https://tatoeba.org/en/sentences/show/11114625); CC BY 2.0 FR.",B1;production,,,,regular,false,hebben,geüit,,,,false
uitkomen,to come true,B1,verb,Actions and processes,"Als je niet opgeeft, zullen je dromen uitkomen.","If you don't give up, your dreams will come true.","Definition adapted from Wiktionary contributors, CC BY-SA 4.0: https://en.wiktionary.org/wiki/uitkomen#Dutch. Example: megamanenm (Dutch, https://tatoeba.org/en/sentences/show/12496551) and cost_ (English, https://tatoeba.org/en/sentences/show/12483395); CC BY 2.0 FR.",B1;production,,,,irregular,true,zijn,uitgekomen,,,,false
uitproberen,to try out,B1,verb,Actions and processes,Ik heb het nog niet eens kunnen uitproberen.,I haven't even been able to try it out.,"Definition adapted from Wiktionary contributors, CC BY-SA 4.0: https://en.wiktionary.org/wiki/uitproberen#Dutch. Example: megamanenm (Dutch, https://tatoeba.org/en/sentences/show/9358450) and megamanenm (English, https://tatoeba.org/en/sentences/show/9358445); CC BY 2.0 FR.",B1;production,,,,regular,true,hebben,uitgeprobeerd,,,,false
uitrusten,to rest,B1,verb,Actions and processes,Zij kunnen uitrusten zolang als zij willen.,They can rest as long as they want to.,"Definition adapted from Wiktionary contributors, CC BY-SA 4.0: https://en.wiktionary.org/wiki/uitrusten#Dutch. Example: Elsofie (Dutch, https://tatoeba.org/en/sentences/show/8116197) and CH (English, https://tatoeba.org/en/sentences/show/7474015); CC BY 2.0 FR.",B1;production,,,,regular,true,hebben,uitgerust,,,,false
uitsluiten,to exclude,B1,verb,Actions and processes,Ik kan dat niet uitsluiten.,I can't exclude it.,"Definition adapted from Wiktionary contributors, CC BY-SA 4.0: https://en.wiktionary.org/wiki/uitsluiten#Dutch. Example: megamanenm (Dutch, https://tatoeba.org/en/sentences/show/1124343) and CM (English, https://tatoeba.org/en/sentences/show/1124274); CC BY 2.0 FR.",B1;production,,,,irregular,true,hebben,uitgesloten,,,,false
vastleggen,"to set out, specify",B1,verb,Actions and processes,"Deelstaten hebben een eigen parlement en regering, en zijn bevoegd voor bepaalde materies, die meestal in de grondwet van de unie zijn vastgelegd.","States [of a federation] have their own parliament and government, and are qualified for certain matters, that are for the most part specified in the union's constitution.","Often reflexive: use the appropriate reflexive pronoun for the intended meaning. Definition adapted from Wiktionary contributors, CC BY-SA 4.0: https://en.wiktionary.org/wiki/vastleggen#Dutch. Example from the same Wiktionary entry (CC BY-SA 4.0).",B1;production,,,,regular,true,hebben,vastgelegd,,,,false
vechten,to fight,B1,verb,Actions and processes,We moeten vechten voor het behoud van onze burgerrechten.,We must fight to preserve our civil rights.,"Definition adapted from Wiktionary contributors, CC BY-SA 4.0: https://en.wiktionary.org/wiki/vechten#Dutch. Example: doemaar14 (Dutch, https://tatoeba.org/en/sentences/show/13679346) and mailohilohi (English, https://tatoeba.org/en/sentences/show/5924055); CC BY 2.0 FR.",B1;production,,,,irregular,false,hebben,gevochten,,,,false
verdragen,to tolerate,B1,verb,Actions and processes,"Wie eieren wil hebben, moet het kakelen kunnen verdragen.","Those who want eggs, must be able to tolerate the clucking.","Definition adapted from Wiktionary contributors, CC BY-SA 4.0: https://en.wiktionary.org/wiki/verdragen#Dutch. Example: Tom9358 (Dutch, https://tatoeba.org/en/sentences/show/12523354) and Tom9358 (English, https://tatoeba.org/en/sentences/show/12523358); CC BY 2.0 FR.",B1;production,,,,irregular,false,hebben,verdragen,,,,false
vereisen,"to need, require",B1,verb,Actions and processes,Het vereist niet dat je een polyglot bent.,It doesn't require you to be a polyglot.,"Definition adapted from Wiktionary contributors, CC BY-SA 4.0: https://en.wiktionary.org/wiki/vereisen#Dutch. Example: SunnyMoon (Dutch, https://tatoeba.org/en/sentences/show/11228111) and jakov (English, https://tatoeba.org/en/sentences/show/704152); CC BY 2.0 FR.",B1;production,,,,regular,false,hebben,vereist,,,,false
verkleinen,"reduce, make smaller",B1,verb,Actions and processes,Tom wil zijn CO2-voetafdruk verkleinen.,Tom wants to reduce his carbon footprint.,"Definition adapted from Wiktionary contributors, CC BY-SA 4.0: https://en.wiktionary.org/wiki/verkleinen#Dutch. Example: PaulP (Dutch, https://tatoeba.org/en/sentences/show/8308598) and Hybrid (English, https://tatoeba.org/en/sentences/show/8217648); CC BY 2.0 FR.",B1;production,,,,regular,false,hebben,verkleind,,,,false
verkrijgen,"to obtain, gain, get",B1,verb,Actions and processes,Hij heeft alles geprobeerd om die prijs te verkrijgen.,He tried everything to get that prize.,"Definition adapted from Wiktionary contributors, CC BY-SA 4.0: https://en.wiktionary.org/wiki/verkrijgen#Dutch. Example: martinod (Dutch, https://tatoeba.org/en/sentences/show/801797) and sundown (English, https://tatoeba.org/en/sentences/show/10019096); CC BY 2.0 FR.",B1;production,,,,irregular,false,hebben,verkregen,,,,false
verlaten,to leave,B1,verb,Actions and processes,Ik moest de kamer verlaten omdat het te rokerig was.,I had to leave the room because it was too smoky.,"Often reflexive: use the appropriate reflexive pronoun for the intended meaning. Definition adapted from Wiktionary contributors, CC BY-SA 4.0: https://en.wiktionary.org/wiki/verlaten#Dutch. Example: Elsofie (Dutch, https://tatoeba.org/en/sentences/show/8557908) and CK (English, https://tatoeba.org/en/sentences/show/8557860); CC BY 2.0 FR.",B1;production,,,,irregular,false,hebben,verlaten,,,,false
vermaken,"to entertain, to amuse",B1,verb,Actions and processes,Het broertje kan niet goed alleen spelen. Hij kan zich niet goed vermaken.,The little brother can't play alone very well. He can't entertain himself very well.,"Often reflexive: use the appropriate reflexive pronoun for the intended meaning. Definition adapted from Wiktionary contributors, CC BY-SA 4.0: https://en.wiktionary.org/wiki/vermaken#Dutch. Example: kiryopi (Dutch, https://tatoeba.org/en/sentences/show/13408235) and kiryopi (English, https://tatoeba.org/en/sentences/show/13408237); CC BY 2.0 FR.",B1;production,,,,regular,false,hebben,vermaakt,,,,false
vernielen,to destroy,B1,verb,Actions and processes,Denk je dat je mijn spullen moet vernielen?,Do you think that you have to destroy my stuff?,"Definition adapted from Wiktionary contributors, CC BY-SA 4.0: https://en.wiktionary.org/wiki/vernielen#Dutch. Example: Elsofie (Dutch, https://tatoeba.org/en/sentences/show/8194932) and meshbags (English, https://tatoeba.org/en/sentences/show/8230097); CC BY 2.0 FR.",B1;production,,,,regular,false,hebben,vernield,,,,false
veroorloven,"to afford, allow oneself",B1,verb,Actions and processes,Ik kan het me niet veroorloven om ziek te worden.,I can't afford to get sick.,"Often reflexive: use the appropriate reflexive pronoun for the intended meaning. Definition adapted from Wiktionary contributors, CC BY-SA 4.0: https://en.wiktionary.org/wiki/veroorloven#Dutch. Example: MarijnKp (Dutch, https://tatoeba.org/en/sentences/show/7864585) and CK (English, https://tatoeba.org/en/sentences/show/7791689); CC BY 2.0 FR.",B1;production,,,,regular,false,hebben,veroorloofd,,,,false
verslaan,to defeat,B1,verb,Actions and processes,Het team wist hun tegenstanders te verslaan in de finale.,The team managed to defeat their opponents in the final.,"Definition adapted from Wiktionary contributors, CC BY-SA 4.0: https://en.wiktionary.org/wiki/verslaan#Dutch. Example from the same Wiktionary entry (CC BY-SA 4.0).",B1;production,,,,irregular,false,hebben,verslagen,,,,false
verspillen,to waste,B1,verb,Actions and processes,Ik wil hier mijn tijd niet aan verspillen.,I don't want to waste my time on this.,"Definition adapted from Wiktionary contributors, CC BY-SA 4.0: https://en.wiktionary.org/wiki/verspillen#Dutch. Example: Citrine (Dutch, https://tatoeba.org/en/sentences/show/2323456) and CK (English, https://tatoeba.org/en/sentences/show/2323311); CC BY 2.0 FR.",B1;production,,,,regular,false,hebben,verspild,,,,false
verstoren,"to disturb, to disrupt",B1,verb,Actions and processes,Niemand kan echte vriendschap verstoren.,Nobody can disturb a true friendship.,"Definition adapted from Wiktionary contributors, CC BY-SA 4.0: https://en.wiktionary.org/wiki/verstoren#Dutch. Example: Mandalay (Dutch, https://tatoeba.org/en/sentences/show/6100726) and Scott (English, https://tatoeba.org/en/sentences/show/893833); CC BY 2.0 FR.",B1;production,,,,regular,false,hebben,verstoord,,,,false
vertragen,"to slow down, to delay",B1,verb,Actions and processes,Het ziet eruit alsof Tom de onderhandelingen probeert te vertragen.,It looks as if Tom is trying to slow down the negotiations.,"Definition adapted from Wiktionary contributors, CC BY-SA 4.0: https://en.wiktionary.org/wiki/vertragen#Dutch. Example: Citrine (Dutch, https://tatoeba.org/en/sentences/show/3037295) and sharptoothed (English, https://tatoeba.org/en/sentences/show/3022510); CC BY 2.0 FR.",B1;production,,,,regular,false,hebben,vertraagd,,,,false
vervallen,to expire,B1,verb,Actions and processes,Het contract zal spoedig vervallen.,The contract will expire soon.,"Definition adapted from Wiktionary contributors, CC BY-SA 4.0: https://en.wiktionary.org/wiki/vervallen#Dutch. Example: PaulP (Dutch, https://tatoeba.org/en/sentences/show/4366716) and jgauthier (English, https://tatoeba.org/en/sentences/show/2442561); CC BY 2.0 FR.",B1;production,,,,irregular,false,zijn,vervallen,,,,false
vervullen,to fulfill,B1,verb,Actions and processes,We zullen allemaal onze plicht vervullen.,We shall all fulfill our duty.,"Definition adapted from Wiktionary contributors, CC BY-SA 4.0: https://en.wiktionary.org/wiki/vervullen#Dutch. Example: martinod (Dutch, https://tatoeba.org/en/sentences/show/2520878) and SunnyMoon (English, https://tatoeba.org/en/sentences/show/11174084); CC BY 2.0 FR.",B1;production,,,,regular,false,hebben,vervuld,,,,false
verwarren,to tangle,B1,verb,Actions and processes,De garen zijn verward geraakt.,The yarns have ended up tangled up.,"Definition adapted from Wiktionary contributors, CC BY-SA 4.0: https://en.wiktionary.org/wiki/verwarren#Dutch. Example from the same Wiktionary entry (CC BY-SA 4.0).",B1;production,,,,regular,false,hebben,verward,,,,false
verwelkomen,to welcome,B1,verb,Actions and processes,Ze liep naar de deur om haar vrienden te verwelkomen.,She went to the door to welcome her friends.,"Definition adapted from Wiktionary contributors, CC BY-SA 4.0: https://en.wiktionary.org/wiki/verwelkomen#Dutch. Example: doemaar14 (Dutch, https://tatoeba.org/en/sentences/show/5808089) and CK (English, https://tatoeba.org/en/sentences/show/317267); CC BY 2.0 FR.",B1;production,,,,regular,false,hebben,verwelkomd,,,,false
verwijten,to blame for,B1,verb,Actions and processes,Dat kan je ons niet verwijten.,You can't blame this on us.,"Definition adapted from Wiktionary contributors, CC BY-SA 4.0: https://en.wiktionary.org/wiki/verwijten#Dutch. Example: PaulP (Dutch, https://tatoeba.org/en/sentences/show/3622315) and CK (English, https://tatoeba.org/en/sentences/show/1951349); CC BY 2.0 FR.",B1;production,,,,irregular,false,hebben,verweten,,,,false
verzenden,"to send, to ship",B1,verb,Actions and processes,Hoeveel kerstkaartjes hebben jullie verzonden?,How many Christmas cards did you send?,"Definition adapted from Wiktionary contributors, CC BY-SA 4.0: https://en.wiktionary.org/wiki/verzenden#Dutch. Example: MarijnKp (Dutch, https://tatoeba.org/en/sentences/show/9524527) and CK (English, https://tatoeba.org/en/sentences/show/5705363); CC BY 2.0 FR.",B1;production,,,,irregular,false,hebben,verzonden,,,,false
verzetten,to resist,B1,verb,Actions and processes,Tom voelde zich te uitgeput om zich te verzetten.,Tom felt too enervated to resist.,"Often reflexive: use the appropriate reflexive pronoun for the intended meaning. Definition adapted from Wiktionary contributors, CC BY-SA 4.0: https://en.wiktionary.org/wiki/verzetten#Dutch. Example: megamanenm (Dutch, https://tatoeba.org/en/sentences/show/12390667) and Ergulis (English, https://tatoeba.org/en/sentences/show/11841063); CC BY 2.0 FR.",B1;production,,,,regular,false,hebben,verzet,,,,false
vestigen,"to establish, to place",B1,verb,Actions and processes,Je moet je hier permanent vestigen voor je mag stemmen.,You'll have to establish residence here before you can vote.,"Often reflexive: use the appropriate reflexive pronoun for the intended meaning. Definition adapted from Wiktionary contributors, CC BY-SA 4.0: https://en.wiktionary.org/wiki/vestigen#Dutch. Example: Citrine (Dutch, https://tatoeba.org/en/sentences/show/3039366) and sharptoothed (English, https://tatoeba.org/en/sentences/show/2958834); CC BY 2.0 FR.",B1;production,,,,regular,false,hebben,gevestigd,,,,false
vieren,to celebrate,B1,verb,Actions and processes,De VS brengt eeuwfeestmunten uit om verschillende mijlpalen te vieren.,The US releases centennial coins to celebrate different milestones.,"Definition adapted from Wiktionary contributors, CC BY-SA 4.0: https://en.wiktionary.org/wiki/vieren#Dutch. Example: Slam4 (Dutch, https://tatoeba.org/en/sentences/show/11836176) and letsgolanguages (English, https://tatoeba.org/en/sentences/show/10797697); CC BY 2.0 FR.",B1;production,,,,regular,false,hebben,gevierd,,,,false
voegen,to add,B1,verb,Actions and processes,Ik heb niets toe te voegen aan de conversatie.,I have nothing to add to the conversation.,"Often reflexive: use the appropriate reflexive pronoun for the intended meaning. Definition adapted from Wiktionary contributors, CC BY-SA 4.0: https://en.wiktionary.org/wiki/voegen#Dutch. Example: Rubrick (Dutch, https://tatoeba.org/en/sentences/show/7771024) and VirtuOZ (English, https://tatoeba.org/en/sentences/show/2573355); CC BY 2.0 FR.",B1;production,,,,regular,false,hebben,gevoegd,,,,false
voetballen,to play soccer/football,B1,verb,Actions and processes,Jij zult binnenkort gaan voetballen.,You'll play football soon.,"Definition adapted from Wiktionary contributors, CC BY-SA 4.0: https://en.wiktionary.org/wiki/voetballen#Dutch. Example: Piet_c (Dutch, https://tatoeba.org/en/sentences/show/6200388) and sundown (English, https://tatoeba.org/en/sentences/show/6200441); CC BY 2.0 FR.",B1;production,,,,regular,false,hebben,gevoetbald,,,,false
voltooien,to complete,B1,verb,Actions and processes,We hebben ongeveer $300.000 nodig om dit project te voltooien.,"We need about $300,000 to complete this project.","Definition adapted from Wiktionary contributors, CC BY-SA 4.0: https://en.wiktionary.org/wiki/voltooien#Dutch. Example: LinguisticFusion (Dutch, https://tatoeba.org/en/sentences/show/5402596) and CK (English, https://tatoeba.org/en/sentences/show/5401507); CC BY 2.0 FR.",B1;production,,,,regular,false,hebben,voltooid,,,,false
voorlezen,to read aloud,B1,verb,Actions and processes,Kunnen we dan niet voorlezen op scholen?,Can't we read aloud in schools then?,"Definition adapted from Wiktionary contributors, CC BY-SA 4.0: https://en.wiktionary.org/wiki/voorlezen#Dutch. Example: Tom9358 (Dutch, https://tatoeba.org/en/sentences/show/12827609) and Tom9358 (English, https://tatoeba.org/en/sentences/show/12827618); CC BY 2.0 FR.",B1;production,,,,irregular,true,hebben,voorgelezen,,,,false
voorzien,"to provide, to supply",B1,verb,Actions and processes,Ik hoop je te voorzien van goed eten voor een lage prijs.,I hope to provide you with good food at a low price.,"Definition adapted from Wiktionary contributors, CC BY-SA 4.0: https://en.wiktionary.org/wiki/voorzien#Dutch. Example: LinguisticFusion (Dutch, https://tatoeba.org/en/sentences/show/5048069) and AlanF_US (English, https://tatoeba.org/en/sentences/show/5046365); CC BY 2.0 FR.",B1;production,,,,irregular,false,hebben,voorzien,,,,false
waarmaken,"to make good, make happen",B1,verb,Actions and processes,Laten we dat waarmaken.,Let's make that happen.,"Definition adapted from Wiktionary contributors, CC BY-SA 4.0: https://en.wiktionary.org/wiki/waarmaken#Dutch. Example: Micsmithel (Dutch, https://tatoeba.org/en/sentences/show/7985073) and CK (English, https://tatoeba.org/en/sentences/show/2007618); CC BY 2.0 FR.",B1;production,,,,regular,true,hebben,waargemaakt,,,,false
wagen,"to venture, take risks",B1,verb,Actions and processes,Ik zal een gokje wagen.,I'll venture a guess.,"Definition adapted from Wiktionary contributors, CC BY-SA 4.0: https://en.wiktionary.org/wiki/wagen#Dutch. Example: megamanenm (Dutch, https://tatoeba.org/en/sentences/show/10736911) and megamanenm (English, https://tatoeba.org/en/sentences/show/10736913); CC BY 2.0 FR.",B1;production,,,,regular,false,hebben,gewaagd,,,,false
weerstaan,"to resist, withstand",B1,verb,Actions and processes,Ik kan de verleiding van een vers gebakken chocoladekoekje niet weerstaan.,I can't resist the temptation of a freshly baked chocolate chip cookie.,"Definition adapted from Wiktionary contributors, CC BY-SA 4.0: https://en.wiktionary.org/wiki/weerstaan#Dutch. Example: megamanenm (Dutch, https://tatoeba.org/en/sentences/show/11509432) and megamanenm (English, https://tatoeba.org/en/sentences/show/11509431); CC BY 2.0 FR.",B1;production,,,,irregular,false,hebben,weerstaan,,,,false
weggaan,"to go away, to leave",B1,verb,Actions and processes,"Als het aan mij lag, zou ik nooit weggaan.",If it were up to me I would never leave.,"Definition adapted from Wiktionary contributors, CC BY-SA 4.0: https://en.wiktionary.org/wiki/weggaan#Dutch. Example: doemaar14 (Dutch, https://tatoeba.org/en/sentences/show/12340325) and Nuel (English, https://tatoeba.org/en/sentences/show/11668922); CC BY 2.0 FR.",B1;production,,,,irregular,true,zijn,weggegaan,,,,false
wegnemen,to take away,B1,verb,Actions and processes,Ze nam zijn speelgoed weg omdat hij stout was.,She took away his toy because he was naughty.,"Definition adapted from Wiktionary contributors, CC BY-SA 4.0: https://en.wiktionary.org/wiki/wegnemen#Dutch. Example from the same Wiktionary entry (CC BY-SA 4.0).",B1;production,,,,irregular,true,hebben,weggenomen,,,,false
werven,to obtain through soliciting,B1,verb,Actions and processes,Hij hoopt met zijn actie fondsen te werven voor kankeronderzoek.,With his action he hopes to obtain funds for cancer research.,"Definition adapted from Wiktionary contributors, CC BY-SA 4.0: https://en.wiktionary.org/wiki/werven#Dutch. Example from the same Wiktionary entry (CC BY-SA 4.0).",B1;production,,,,irregular,false,hebben,geworven,,,,false
wijzen,to point,B1,verb,Actions and processes,Het is onbeleefd om naar andere mensen te wijzen.,It isn't polite to point at others.,"Definition adapted from Wiktionary contributors, CC BY-SA 4.0: https://en.wiktionary.org/wiki/wijzen#Dutch. Example: doemaar14 (Dutch, https://tatoeba.org/en/sentences/show/11135728) and CK (English, https://tatoeba.org/en/sentences/show/6687594); CC BY 2.0 FR.",B1;production,,,,irregular,false,hebben,gewezen,,,,false
winkelen,"to shop, to go shopping",B1,verb,Actions and processes,Maria en Natalia gaan winkelen. Ze willen iets voor henzelf kopen.,Maria and Natalia are going shopping. They want to buy something for themselves.,"Definition adapted from Wiktionary contributors, CC BY-SA 4.0: https://en.wiktionary.org/wiki/winkelen#Dutch. Example: LinguisticFusion (Dutch, https://tatoeba.org/en/sentences/show/5046091) and AlanF_US (English, https://tatoeba.org/en/sentences/show/5043215); CC BY 2.0 FR.",B1;production,,,,regular,false,hebben,gewinkeld,,,,false
zenden,to send,B1,verb,Actions and processes,Kan u het aan dit adres zenden?,Could you send it to this address?,"Definition adapted from Wiktionary contributors, CC BY-SA 4.0: https://en.wiktionary.org/wiki/zenden#Dutch. Example: PaulP (Dutch, https://tatoeba.org/en/sentences/show/3175378) and CK (English, https://tatoeba.org/en/sentences/show/60298); CC BY 2.0 FR.",B1;production,,,,irregular,false,hebben,gezonden,,,,false
aanbrengen,to apply; to install,B1,verb,"Actions, decisions and communication",Breng de verf in dunne lagen aan.,Apply the paint in thin layers.,,B1;production,,,,irregular,true,hebben,aangebracht,,,,false
aandringen,to insist,B1,verb,"Actions, decisions and communication",Zij dringt aan op een duidelijk antwoord.,She insists on a clear answer.,,B1;production,,,,irregular,true,hebben,aangedrongen,,,,false
aangeven,to indicate,B1,verb,"Actions, decisions and communication",Kun je aangeven wanneer je beschikbaar bent?,Can you indicate when you are available?,,B1;production,,,,irregular,true,hebben,aangegeven,,,,false
aankondigen,to announce,B1,verb,"Actions, decisions and communication",De omroep kondigt een nieuw programma aan.,The broadcaster is announcing a new programme.,,B1;production,,,,regular,true,hebben,aangekondigd,,,,false
aanleggen,to construct; to create,B1,verb,"Actions, decisions and communication",De gemeente legt een nieuw fietspad aan.,The council is building a new cycle path.,,B1;production,,,,regular,true,hebben,aangelegd,,,,false
aanpakken,to tackle,B1,verb,"Actions, decisions and communication",Hoe gaan we dit probleem aanpakken?,How are we going to tackle this problem?,,B1;production,,,,regular,true,hebben,aangepakt,,,,false
aanpassen,to adjust; to adapt,B1,verb,"Actions, decisions and communication",We passen het programma aan het weer aan.,We adapt the programme to the weather.,Often reflexive: use the appropriate reflexive pronoun for the intended meaning.,B1;production,,,,regular,true,hebben,aangepast,,,,false
aanspreken,to address; to appeal to,B1,verb,"Actions, decisions and communication",Deze opleiding spreekt me erg aan.,This course really appeals to me.,,B1;production,,,,irregular,true,hebben,aangesproken,,,,false
aanvullen,to supplement; to top up,B1,verb,"Actions, decisions and communication",Kun je de ontbrekende gegevens aanvullen?,Can you fill in the missing details?,,B1;production,,,,regular,true,hebben,aangevuld,,,,false
aanwijzen,to point out; to designate,B1,verb,"Actions, decisions and communication",Kun je op de kaart de ingang aanwijzen?,Can you point out the entrance on the map?,,B1;production,,,,irregular,true,hebben,aangewezen,,,,false
accepteren,to accept,B1,verb,"Actions, decisions and communication",Deze winkel accepteert alleen pinbetalingen.,This shop only accepts card payments.,,B1;production,,,,regular,false,hebben,geaccepteerd,,,,false
achterblijven,to stay behind; to lag behind,B1,verb,"Actions, decisions and communication",Een collega bleef achter om op te ruimen.,A colleague stayed behind to tidy up.,,B1;production,,,,irregular,true,zijn,achtergebleven,,,,false
achterlaten,to leave behind,B1,verb,"Actions, decisions and communication",Laat geen afval achter in het park.,Do not leave litter behind in the park.,,B1;production,,,,irregular,true,hebben,achtergelaten,,,,false
afbreken,to break off; to demolish,B1,verb,"Actions, decisions and communication",Ze breken het oude gebouw af.,They are demolishing the old building.,,B1;production,,,,irregular,true,hebben,afgebroken,,,,false
afdrukken,to print,B1,verb,"Actions, decisions and communication",Kun je het formulier voor me afdrukken?,Can you print the form for me?,,B1;production,,,,regular,true,hebben,afgedrukt,,,,false
afhandelen,to deal with; to process,B1,verb,"Actions, decisions and communication",Wij handelen uw verzoek binnen een week af.,We will process your request within a week.,,B1;production,,,,regular,true,hebben,afgehandeld,,,,false
afhangen,to depend,B1,verb,"Actions, decisions and communication",Het hangt van het weer af.,It depends on the weather.,,B1;production,,,,irregular,true,hebben,afgehangen,,,,false
afkeuren,to reject; to disapprove,B1,verb,"Actions, decisions and communication",De gemeente heeft het bouwplan afgekeurd.,The council has rejected the building plan.,,B1;production,,,,regular,true,hebben,afgekeurd,,,,false
afleggen,to take an exam; to cover a distance,B1,verb,"Actions, decisions and communication",We hebben vandaag twintig kilometer afgelegd.,We have covered twenty kilometres today.,,B1;production,,,,regular,true,hebben,afgelegd,,,,false
afleiden,to distract; to infer,B1,verb,"Actions, decisions and communication",Het geluid leidt me af van mijn werk.,The noise distracts me from my work.,,B1;production,,,,regular,true,hebben,afgeleid,,,,false
aflopen,to end; to expire,B1,verb,"Actions, decisions and communication",Mijn contract loopt volgende maand af.,My contract expires next month.,,B1;production,,,,irregular,true,zijn,afgelopen,,,,false
afnemen,to decrease; to take away,B1,verb,"Actions, decisions and communication",De pijn neemt langzaam af.,The pain is slowly decreasing.,,B1;production,,,,irregular,true,hebben / zijn,afgenomen,,,,false
afrekenen,to pay the bill,B1,verb,"Actions, decisions and communication",Kunnen we apart afrekenen?,Can we pay separately?,,B1;production,,,,regular,true,hebben,afgerekend,,,,false
afsluiten,to close off; to conclude,B1,verb,"Actions, decisions and communication",We sluiten de avond af met muziek.,We end the evening with music.,,B1;production,,,,irregular,true,hebben,afgesloten,,,,false
afstellen,to adjust; to cancel,B1,verb,"Actions, decisions and communication",De monteur stelt de remmen af.,The mechanic adjusts the brakes.,,B1;production,,,,regular,true,hebben,afgesteld,,,,false
afvallen,to lose weight; to drop off,B1,verb,"Actions, decisions and communication",De bladeren vallen in de herfst af.,The leaves fall off in autumn.,,B1;production,,,,irregular,true,zijn,afgevallen,,,,false
afvragen,to wonder,B1,verb,"Actions, decisions and communication",Ik vraag me af of de winkel nog open is.,I wonder whether the shop is still open.,Often reflexive: use the appropriate reflexive pronoun for the intended meaning.,B1;production,,,,irregular,true,hebben,afgevraagd,,,,false
afwachten,to wait and see,B1,verb,"Actions, decisions and communication",We moeten de uitslag afwachten.,We have to wait for the result.,,B1;production,,,,regular,true,hebben,afgewacht,,,,false
afwijzen,to reject,B1,verb,"Actions, decisions and communication",De bank heeft mijn aanvraag afgewezen.,The bank has rejected my application.,,B1;production,,,,irregular,true,hebben,afgewezen,,,,false
afwisselen,to alternate,B1,verb,"Actions, decisions and communication",We wisselen theorie en praktijk af.,We alternate theory and practice.,,B1;production,,,,regular,true,hebben,afgewisseld,,,,false
beantwoorden,to answer,B1,verb,"Actions, decisions and communication",We beantwoorden uw vraag binnen twee werkdagen.,We will answer your question within two working days.,,B1;production,,,,regular,false,hebben,beantwoord,,,,false
bedenken,to think of; to devise,B1,verb,"Actions, decisions and communication",Kun je een andere oplossing bedenken?,Can you think of another solution?,Often reflexive: use the appropriate reflexive pronoun for the intended meaning.,B1;production,,,,irregular,false,hebben,bedacht,,,,false
bedienen,to operate; to serve,B1,verb,"Actions, decisions and communication",Hoe bedien je dit apparaat?,How do you operate this device?,Often reflexive: use the appropriate reflexive pronoun for the intended meaning.,B1;production,,,,regular,false,hebben,bediend,,,,false
bedreigen,to threaten,B1,verb,"Actions, decisions and communication",De stijgende huur bedreigt kleine winkels.,Rising rents threaten small shops.,,B1;production,,,,regular,false,hebben,bedreigd,,,,false
begeleiden,to guide; to support,B1,verb,"Actions, decisions and communication",Een docent begeleidt ons bij het project.,A teacher guides us through the project.,,B1;production,,,,regular,false,hebben,begeleid,,,,false
begroeten,to greet,B1,verb,"Actions, decisions and communication",De receptionist begroette ons vriendelijk.,The receptionist greeted us warmly.,,B1;production,,,,regular,false,hebben,begroet,,,,false
behalen,to obtain; to achieve,B1,verb,"Actions, decisions and communication",Ze heeft haar diploma behaald.,She has obtained her diploma.,,B1;production,,,,regular,false,hebben,behaald,,,,false
behandelen,to treat; to discuss,B1,verb,"Actions, decisions and communication",De arts behandelt de wond.,The doctor is treating the wound.,,B1;production,,,,regular,false,hebben,behandeld,,,,false
beheren,to manage,B1,verb,"Actions, decisions and communication",Zij beheert de website van de vereniging.,She manages the association's website.,,B1;production,,,,regular,false,hebben,beheerd,,,,false
behoren,to belong,B1,verb,"Actions, decisions and communication",Dit schilderij behoort tot de vaste collectie.,This painting belongs to the permanent collection.,,B1;production,,,,regular,false,hebben,behoord,,,,false
behouden,to keep; to retain,B1,verb,"Actions, decisions and communication",Je mag je oude telefoonnummer behouden.,You may keep your old phone number.,,B1;production,,,,irregular,false,hebben,behouden,,,,false
beleven,to experience,B1,verb,"Actions, decisions and communication",We hebben op reis veel avonturen beleefd.,We had many adventures on our trip.,,B1;production,,,,regular,false,hebben,beleefd,,,,false
benadrukken,to emphasise,B1,verb,"Actions, decisions and communication",Ik wil benadrukken dat deelname vrijwillig is.,I want to emphasise that participation is voluntary.,,B1;production,,,,regular,false,hebben,benadrukt,,,,false
benutten,to make use of,B1,verb,"Actions, decisions and communication",Benut de pauze om even te bewegen.,Use the break to get some exercise.,,B1;production,,,,regular,false,hebben,benut,,,,false
beoordelen,to assess; to judge,B1,verb,"Actions, decisions and communication",De docent beoordeelt morgen de verslagen.,The teacher will assess the reports tomorrow.,,B1;production,,,,regular,false,hebben,beoordeeld,,,,false
bepalen,to determine; to decide,B1,verb,"Actions, decisions and communication",De deelnemers bepalen zelf het tempo.,The participants decide the pace themselves.,Often reflexive: use the appropriate reflexive pronoun for the intended meaning.,B1;production,,,,regular,false,hebben,bepaald,,,,false
beperken,to limit,B1,verb,"Actions, decisions and communication",We proberen het gebruik van plastic te beperken.,We are trying to limit the use of plastic.,,B1;production,,,,regular,false,hebben,beperkt,,,,false
bereiken,to reach,B1,verb,"Actions, decisions and communication",Met de trein bereiken we het centrum snel.,We reach the centre quickly by train.,,B1;production,,,,regular,false,hebben,bereikt,,,,false
berekenen,to calculate,B1,verb,"Actions, decisions and communication",De website berekent de totale kosten.,The website calculates the total cost.,,B1;production,,,,regular,false,hebben,berekend,,,,false
beschadigen,to damage,B1,verb,"Actions, decisions and communication",De storm heeft het dak beschadigd.,The storm damaged the roof.,,B1;production,,,,regular,false,hebben,beschadigd,,,,false
beschermen,to protect,B1,verb,"Actions, decisions and communication",Deze jas beschermt je tegen de regen.,This coat protects you from the rain.,,B1;production,,,,regular,false,hebben,beschermd,,,,false
beschrijven,to describe,B1,verb,"Actions, decisions and communication",Kun je beschrijven wat er gebeurd is?,Can you describe what happened?,,B1;production,,,,irregular,false,hebben,beschreven,,,,false
beschuldigen,to accuse,B1,verb,"Actions, decisions and communication",Hij beschuldigt mij van een fout die ik niet heb gemaakt.,He accuses me of a mistake I did not make.,,B1;production,,,,regular,false,hebben,beschuldigd,,,,false
beseffen,to realise; to be aware,B1,verb,"Actions, decisions and communication",Ik besef nu hoeveel werk het is.,I now realise how much work it is.,,B1;production,,,,regular,false,hebben,beseft,,,,false
besparen,to save; to economise,B1,verb,"Actions, decisions and communication",Met ledlampen kun je energie besparen.,You can save energy with LED bulbs.,,B1;production,,,,regular,false,hebben,bespaard,,,,false
besteden,to spend; to devote,B1,verb,"Actions, decisions and communication",Ik besteed veel tijd aan mijn studie.,I devote a lot of time to my studies.,,B1;production,,,,regular,false,hebben,besteed,,,,false
bestuderen,to study closely,B1,verb,"Actions, decisions and communication",We bestuderen de kaart voor vertrek.,We study the map before leaving.,,B1;production,,,,regular,false,hebben,bestudeerd,,,,false
besturen,to drive; to govern,B1,verb,"Actions, decisions and communication",Zij bestuurt al jaren een bus.,She has been driving a bus for years.,,B1;production,,,,regular,false,hebben,bestuurd,,,,false
betrekken,to involve,B1,verb,"Actions, decisions and communication",We betrekken de bewoners bij het plan.,We involve the residents in the plan.,,B1;production,,,,irregular,false,hebben,betrokken,,,,false
bevatten,to contain,B1,verb,"Actions, decisions and communication",Deze saus bevat geen melk.,This sauce contains no milk.,,B1;production,,,,regular,false,hebben,bevat,,,,false
beweren,to claim,B1,verb,"Actions, decisions and communication",Hij beweert dat de informatie niet klopt.,He claims that the information is incorrect.,,B1;production,,,,regular,false,hebben,beweerd,,,,false
bewijzen,to prove,B1,verb,"Actions, decisions and communication",Kun je bewijzen dat je betaald hebt?,Can you prove that you have paid?,,B1;production,,,,irregular,false,hebben,bewezen,,,,false
bezitten,to own; to possess,B1,verb,"Actions, decisions and communication",Ze bezit een klein huis buiten de stad.,She owns a small house outside the city.,,B1;production,,,,irregular,false,hebben,bezeten,,,,false
bezuinigen,to cut spending,B1,verb,"Actions, decisions and communication",We moeten op onze energiekosten bezuinigen.,We need to cut our energy costs.,,B1;production,,,,regular,false,hebben,bezuinigd,,,,false
beëindigen,to end; to terminate,B1,verb,"Actions, decisions and communication",Ik wil mijn abonnement beëindigen.,I want to cancel my subscription.,,B1;production,,,,regular,false,hebben,beëindigd,,,,false
beïnvloeden,to influence,B1,verb,"Actions, decisions and communication",Het weer beïnvloedt onze plannen.,The weather influences our plans.,,B1;production,,,,regular,false,hebben,beïnvloed,,,,false
bieden,to offer,B1,verb,"Actions, decisions and communication",Deze baan biedt veel kansen.,This job offers many opportunities.,,B1;production,,,,irregular,false,hebben,geboden,,,,false
bijdragen,to contribute,B1,verb,"Actions, decisions and communication",Iedereen kan aan het project bijdragen.,Everyone can contribute to the project.,,B1;production,,,,irregular,true,hebben,bijgedragen,,,,false
bijspringen,to help out,B1,verb,"Actions, decisions and communication",Een collega sprong bij toen het druk werd.,A colleague helped out when it got busy.,,B1;production,,,,irregular,true,zijn,bijgesprongen,,,,false
bijwerken,to update; to touch up,B1,verb,"Actions, decisions and communication",Werk je contactgegevens regelmatig bij.,Update your contact details regularly.,,B1;production,,,,regular,true,hebben,bijgewerkt,,,,false
binnenkomen,to come in,B1,verb,"Actions, decisions and communication","Kom binnen, de deur is open.","Come in, the door is open.",,B1;production,,,,irregular,true,zijn,binnengekomen,,,,false
binnenlopen,to drop in; to walk in,B1,verb,"Actions, decisions and communication",Je kunt zonder afspraak binnenlopen.,You can drop in without an appointment.,,B1;production,,,,irregular,true,hebben,binnengelopen,,,,false
blijken,to turn out,B1,verb,"Actions, decisions and communication",De reparatie blijkt duurder dan verwacht.,The repair turns out to be more expensive than expected.,,B1;production,,,,irregular,false,zijn,gebleken,,,,false
blokkeren,to block,B1,verb,"Actions, decisions and communication",Een vrachtwagen blokkeert de ingang.,A lorry is blocking the entrance.,,B1;production,,,,regular,false,hebben,geblokkeerd,,,,false
boeien,to interest; to fascinate,B1,verb,"Actions, decisions and communication",Dit onderwerp boeit mij al jaren.,This topic has interested me for years.,,B1;production,,,,regular,false,hebben,geboeid,,,,false
combineren,to combine,B1,verb,"Actions, decisions and communication",Zij combineert haar studie met een deeltijdbaan.,She combines her studies with a part-time job.,,B1;production,,,,regular,false,hebben,gecombineerd,,,,false
communiceren,to communicate,B1,verb,"Actions, decisions and communication",We communiceren meestal via e-mail.,We usually communicate by email.,,B1;production,,,,regular,false,hebben,gecommuniceerd,,,,false
compenseren,to compensate,B1,verb,"Actions, decisions and communication",We compenseren de vertraging met extra personeel.,We make up for the delay with extra staff.,,B1;production,,,,regular,false,hebben,gecompenseerd,,,,false
concentreren,to concentrate,B1,verb,"Actions, decisions and communication",Ik kan me hier moeilijk concentreren.,I find it difficult to concentrate here.,Often reflexive: use the appropriate reflexive pronoun for the intended meaning.,B1;production,,,,regular,false,hebben,geconcentreerd,,,,false
deelnemen,to participate,B1,verb,"Actions, decisions and communication",Iedereen mag aan de wedstrijd deelnemen.,Everyone may participate in the competition.,,B1;production,,,,irregular,true,hebben,deelgenomen,,,,false
discussiëren,to discuss; to debate,B1,verb,"Actions, decisions and communication",We discussiëren over de toekomst van de wijk.,We are debating the future of the neighbourhood.,,B1;production,,,,regular,false,hebben,gediscussieerd,,,,false
doorbrengen,to spend time,B1,verb,"Actions, decisions and communication",We brengen de vakantie bij familie door.,We are spending the holiday with family.,,B1;production,,,,irregular,true,hebben,doorgebracht,,,,false
doorgaan,to continue; to go ahead,B1,verb,"Actions, decisions and communication",Het feest gaat ondanks de regen door.,The party is going ahead despite the rain.,,B1;production,,,,irregular,true,zijn,doorgegaan,,,,false
doorgeven,to pass on,B1,verb,"Actions, decisions and communication",Kun je de nieuwe datum aan iedereen doorgeven?,Can you pass the new date on to everyone?,,B1;production,,,,irregular,true,hebben,doorgegeven,,,,false
doorsturen,to forward,B1,verb,"Actions, decisions and communication",Kun je de uitnodiging naar mij doorsturen?,Can you forward the invitation to me?,,B1;production,,,,regular,true,hebben,doorgestuurd,,,,false
dwingen,to force,B1,verb,"Actions, decisions and communication",Niemand kan je dwingen om mee te gaan.,Nobody can force you to come along.,,B1;production,,,,irregular,false,hebben,gedwongen,,,,false
eisen,to demand,B1,verb,"Actions, decisions and communication",De klant eist zijn geld terug.,The customer demands his money back.,,B1;production,,,,regular,false,hebben,geëist,,,,false
ergeren,to annoy,B1,verb,"Actions, decisions and communication",Ik erger me aan het lawaai.,The noise annoys me.,Often reflexive: use the appropriate reflexive pronoun for the intended meaning.,B1;production,,,,regular,false,hebben,geërgerd,,,,false
ervandoor gaan,to leave suddenly; to run off,B1,expression,"Actions, decisions and communication",De hond ging er met de bal vandoor.,The dog ran off with the ball.,,B1;production,,,,,,,,,,,false
ervaren,to experience,B1,verb,"Actions, decisions and communication",Veel reizigers ervaren dezelfde problemen.,Many travellers experience the same problems.,,B1;production,,,,irregular,false,hebben,ervaren / ervaard,,,,false
functioneren,to function; to work,B1,verb,"Actions, decisions and communication",De verwarming functioneert weer goed.,The heating is working properly again.,,B1;production,,,,regular,false,hebben,gefunctioneerd,,,,false
garanderen,to guarantee,B1,verb,"Actions, decisions and communication",We kunnen een snelle levering niet garanderen.,We cannot guarantee fast delivery.,,B1;production,,,,regular,false,hebben,gegarandeerd,,,,false
gelden,to apply; to be valid,B1,verb,"Actions, decisions and communication",Deze regels gelden voor alle bezoekers.,These rules apply to all visitors.,,B1;production,,,,irregular,false,hebben,gegolden,,,,false
goedkeuren,to approve,B1,verb,"Actions, decisions and communication",De manager heeft ons voorstel goedgekeurd.,The manager has approved our proposal.,,B1;production,,,,regular,true,hebben,goedgekeurd,,,,false
handelen,to act; to trade,B1,verb,"Actions, decisions and communication",Bij brand moet je snel handelen.,In a fire you need to act quickly.,,B1;production,,,,regular,false,hebben,gehandeld,,,,false
herstellen,to recover; to repair,B1,verb,"Actions, decisions and communication",Hij herstelt langzaam van de operatie.,He is recovering slowly from the operation.,,B1;production,,,,regular,false,hebben / zijn,hersteld,,,,false
indienen,to submit,B1,verb,"Actions, decisions and communication",U kunt online een klacht indienen.,You can submit a complaint online.,,B1;production,,,,regular,true,hebben,ingediend,,,,false
informeren,to inform,B1,verb,"Actions, decisions and communication",Wij informeren u over de volgende stappen.,We will inform you about the next steps.,,B1;production,,,,regular,false,hebben,geïnformeerd,,,,false
inhouden,to involve; to mean,B1,verb,"Actions, decisions and communication",Wat houdt deze functie precies in?,What exactly does this position involve?,Often reflexive: use the appropriate reflexive pronoun for the intended meaning.,B1;production,,,,irregular,true,hebben,ingehouden,,,,false
innemen,to take medicine; to occupy,B1,verb,"Actions, decisions and communication",Neem deze tablet tijdens de maaltijd in.,Take this tablet during your meal.,,B1;production,,,,irregular,true,hebben,ingenomen,,,,false
inschakelen,to switch on; to call in,B1,verb,"Actions, decisions and communication",Bij twijfel kun je een deskundige inschakelen.,"If in doubt, you can call in an expert.",,B1;production,,,,regular,true,hebben,ingeschakeld,,,,false
inschrijven,to register; to enrol,B1,verb,"Actions, decisions and communication",Je kunt je tot vrijdag inschrijven.,You can register until Friday.,,B1;production,,,,irregular,true,hebben,ingeschreven,,,,false
installeren,to install,B1,verb,"Actions, decisions and communication",Kun je deze app op mijn telefoon installeren?,Can you install this app on my phone?,Often reflexive: use the appropriate reflexive pronoun for the intended meaning.,B1;production,,,,regular,false,hebben,geïnstalleerd,,,,false
instellen,to set; to configure,B1,verb,"Actions, decisions and communication",Hoe kan ik de juiste taal instellen?,How can I set the correct language?,,B1;production,,,,regular,true,hebben,ingesteld,,,,false
investeren,to invest,B1,verb,"Actions, decisions and communication",Het bedrijf investeert in betere opleidingen.,The company is investing in better training.,,B1;production,,,,regular,false,hebben,geïnvesteerd,,,,false
invoeren,to enter; to introduce,B1,verb,"Actions, decisions and communication",Voer hier je wachtwoord in.,Enter your password here.,,B1;production,,,,regular,true,hebben,ingevoerd,,,,false
inzetten,to deploy; to use,B1,verb,"Actions, decisions and communication",We zetten extra bussen in.,We are putting on extra buses.,,B1;production,,,,regular,true,hebben,ingezet,,,,false
kennismaken,to get acquainted,B1,verb,"Actions, decisions and communication",Morgen maak ik kennis met mijn nieuwe team.,Tomorrow I will meet my new team.,,B1;production,,,,regular,true,hebben,kennisgemaakt,,,,false
laden,to load,B1,verb,"Actions, decisions and communication",We laden de dozen in het busje.,We are loading the boxes into the van.,,B1;production,,,,regular,false,hebben,geladen,,,,false
letten,to pay attention,B1,verb,"Actions, decisions and communication",Let bij het oversteken goed op het verkeer.,Pay close attention to traffic when crossing.,,B1;production,,,,regular,false,hebben,gelet,,,,false
leveren,to deliver; to supply,B1,verb,"Actions, decisions and communication",Het bedrijf levert de meubels vrijdag.,The company will deliver the furniture on Friday.,,B1;production,,,,regular,false,hebben,geleverd,,,,false
liegen,to lie,B1,verb,"Actions, decisions and communication",Waarom heb je over je leeftijd gelogen?,Why did you lie about your age?,,B1;production,,,,irregular,false,hebben,gelogen,,,,false
meemaken,to experience,B1,verb,"Actions, decisions and communication",Ik heb nog nooit zo'n storm meegemaakt.,I have never experienced a storm like this before.,,B1;production,,,,regular,true,hebben,meegemaakt,,,,false
meewerken,to cooperate,B1,verb,"Actions, decisions and communication",Alle afdelingen werken aan het onderzoek mee.,All departments are cooperating with the investigation.,,B1;production,,,,regular,true,hebben,meegewerkt,,,,false
melden,to report,B1,verb,"Actions, decisions and communication",Meld schade meteen bij de verhuurder.,Report damage to the landlord immediately.,,B1;production,,,,regular,false,hebben,gemeld,,,,false
misgaan,to go wrong,B1,verb,"Actions, decisions and communication",Bij de betaling is iets misgegaan.,Something went wrong with the payment.,,B1;production,,,,irregular,true,zijn,misgegaan,,,,false
nadenken,to think; to reflect,B1,verb,"Actions, decisions and communication",Ik wil er eerst over nadenken.,I want to think about it first.,,B1;production,,,,irregular,true,hebben,nagedacht,,,,false
nakijken,to check; to mark,B1,verb,"Actions, decisions and communication",De docent kijkt ons huiswerk na.,The teacher is marking our homework.,,B1;production,,,,irregular,true,hebben,nagekeken,,,,false
navragen,to ask; to check with someone,B1,verb,"Actions, decisions and communication",Ik zal het bij de receptie navragen.,I will ask at reception.,,B1;production,,,,irregular,true,hebben,nagevraagd,,,,false
neerzetten,to put down; to place,B1,verb,"Actions, decisions and communication",Waar kan ik deze dozen neerzetten?,Where can I put these boxes?,,B1;production,,,,regular,true,hebben,neergezet,,,,false
negeren,to ignore,B1,verb,"Actions, decisions and communication",Je kunt deze waarschuwing beter niet negeren.,You had better not ignore this warning.,,B1;production,,,,regular,false,hebben,genegeerd,,,,false
omdraaien,to turn around; to turn over,B1,verb,"Actions, decisions and communication",Draai het formulier om voor de laatste vraag.,Turn the form over for the last question.,,B1;production,,,,regular,true,hebben,omgedraaid,,,,false
omgaan,to deal with,B1,verb,"Actions, decisions and communication",Hij kan goed met kritiek omgaan.,He handles criticism well.,,B1;production,,,,irregular,true,zijn,omgegaan,,,,false
omschrijven,to describe,B1,verb,"Actions, decisions and communication",Kun je het probleem kort omschrijven?,Can you briefly describe the problem?,,B1;production,,,,irregular,false,hebben,omschreven,,,,false
onderhouden,to maintain,B1,verb,"Actions, decisions and communication",Je moet deze fiets regelmatig onderhouden.,You need to maintain this bicycle regularly.,Often reflexive: use the appropriate reflexive pronoun for the intended meaning.,B1;production,,,,irregular,false,hebben,onderhouden,,,,false
ondernemen,to undertake,B1,verb,"Actions, decisions and communication",We willen samen iets leuks ondernemen.,We want to do something enjoyable together.,,B1;production,,,,irregular,false,hebben,ondernomen,,,,false
ondersteunen,to support; to assist,B1,verb,"Actions, decisions and communication",De docent ondersteunt studenten bij hun onderzoek.,The teacher supports students with their research.,,B1;production,,,,regular,false,hebben,ondersteund,,,,false
onderzoeken,to investigate,B1,verb,"Actions, decisions and communication",De gemeente onderzoekt de oorzaak.,The council is investigating the cause.,,B1;production,,,,irregular,false,hebben,onderzocht,,,,false
ontkennen,to deny,B1,verb,"Actions, decisions and communication",Hij ontkent dat hij het bericht heeft verstuurd.,He denies sending the message.,,B1;production,,,,regular,false,hebben,ontkend,,,,false
ontsnappen,to escape,B1,verb,"Actions, decisions and communication",De kat is door het raam ontsnapt.,The cat escaped through the window.,,B1;production,,,,regular,false,zijn,ontsnapt,,,,false
ontwerpen,to design,B1,verb,"Actions, decisions and communication",Zij ontwerpt meubels voor kleine woningen.,She designs furniture for small homes.,,B1;production,,,,irregular,false,hebben,ontworpen,,,,false
ontwikkelen,to develop,B1,verb,"Actions, decisions and communication",Tijdens de cursus ontwikkel je nieuwe vaardigheden.,During the course you develop new skills.,,B1;production,,,,regular,false,hebben,ontwikkeld,,,,false
opbergen,to put away; to store,B1,verb,"Actions, decisions and communication",Berg waardevolle spullen veilig op.,Store valuables safely.,,B1;production,,,,irregular,true,hebben,opgeborgen,,,,false
opbouwen,to build up,B1,verb,"Actions, decisions and communication",Het kost tijd om vertrouwen op te bouwen.,It takes time to build trust.,,B1;production,,,,regular,true,hebben,opgebouwd,,,,false
opgeven,to give up; to state,B1,verb,"Actions, decisions and communication",Geef de moed niet op.,Do not lose heart.,,B1;production,,,,irregular,true,hebben,opgegeven,,,,false
ophouden,to stop,B1,verb,"Actions, decisions and communication",Wanneer houdt het op met regenen?,When will it stop raining?,,B1;production,,,,irregular,true,hebben,opgehouden,,,,false
opknappen,to renovate; to recover,B1,verb,"Actions, decisions and communication",We knappen samen de keuken op.,We are renovating the kitchen together.,,B1;production,,,,regular,true,hebben / zijn,opgeknapt,,,,false
opladen,to charge,B1,verb,"Actions, decisions and communication",Ik moet mijn telefoon nog opladen.,I still need to charge my phone.,,B1;production,,,,regular,true,hebben,opgeladen,,,,false
opleveren,to yield; to result in,B1,verb,"Actions, decisions and communication",Deze verandering levert veel tijdwinst op.,This change saves a lot of time.,,B1;production,,,,regular,true,hebben,opgeleverd,,,,false
oplossen,to solve,B1,verb,"Actions, decisions and communication",We moeten dit probleem samen oplossen.,We need to solve this problem together.,,B1;production,,,,regular,true,hebben,opgelost,,,,false
opluchten,to relieve,B1,verb,"Actions, decisions and communication",Het lucht me op dat alles geregeld is.,It is a relief that everything is arranged.,,B1;production,,,,regular,true,hebben,opgelucht,,,,false
opmerken,to notice; to remark,B1,verb,"Actions, decisions and communication",Heb je de verandering opgemerkt?,Did you notice the change?,,B1;production,,,,regular,true,hebben,opgemerkt,,,,false
opnemen,to record; to answer,B1,verb,"Actions, decisions and communication",Mag ik dit gesprek opnemen?,May I record this conversation?,,B1;production,,,,irregular,true,hebben,opgenomen,,,,false
oppakken,to pick up; to take up,B1,verb,"Actions, decisions and communication",Na de vakantie pakken we het project weer op.,After the holiday we will resume the project.,,B1;production,,,,regular,true,hebben,opgepakt,,,,false
opschieten,to hurry; to get along,B1,verb,"Actions, decisions and communication",We kunnen goed met onze buren opschieten.,We get along well with our neighbours.,,B1;production,,,,irregular,true,hebben,opgeschoten,,,,false
optreden,to perform; to take action,B1,verb,"Actions, decisions and communication",De band treedt zaterdag op.,The band is performing on Saturday.,,B1;production,,,,irregular,true,hebben,opgetreden,,,,false
opvallen,to stand out; to be noticeable,B1,verb,"Actions, decisions and communication",Zijn gele jas valt meteen op.,His yellow coat stands out immediately.,,B1;production,,,,irregular,true,zijn,opgevallen,,,,false
opzetten,to set up,B1,verb,"Actions, decisions and communication",We zetten samen een buurtproject op.,We are setting up a neighbourhood project together.,,B1;production,,,,regular,true,hebben,opgezet,,,,false
opzoeken,to look up; to visit,B1,verb,"Actions, decisions and communication",Je kunt de betekenis in het woordenboek opzoeken.,You can look up the meaning in the dictionary.,,B1;production,,,,irregular,true,hebben,opgezocht,,,,false
overkomen,to happen to; to come across,B1,verb,"Actions, decisions and communication",Zoiets kan iedereen overkomen.,Something like that can happen to anyone.,,B1;production,,,,irregular,true,zijn,overgekomen,,,,false
overlijden,to die; to pass away,B1,verb,"Actions, decisions and communication",Haar grootvader is vorig jaar overleden.,Her grandfather passed away last year.,,B1;production,,,,irregular,false,zijn,overleden,,,,false
overnemen,to take over,B1,verb,"Actions, decisions and communication",Kun je morgen mijn dienst overnemen?,Can you cover my shift tomorrow?,,B1;production,,,,irregular,true,hebben,overgenomen,,,,false
overslaan,to skip,B1,verb,"Actions, decisions and communication",Sla geen belangrijke stappen over.,Do not skip any important steps.,,B1;production,,,,irregular,true,hebben,overgeslagen,,,,false
overtreden,to break a rule,B1,verb,"Actions, decisions and communication","Wie de regels overtreedt, krijgt een waarschuwing.",Anyone who breaks the rules gets a warning.,,B1;production,,,,irregular,false,hebben,overtreden,,,,false
overtuigen,to convince,B1,verb,"Actions, decisions and communication",Haar uitleg heeft mij overtuigd.,Her explanation convinced me.,,B1;production,,,,regular,false,hebben,overtuigd,,,,false
overwegen,to consider,B1,verb,"Actions, decisions and communication",We overwegen om dichter bij ons werk te wonen.,We are considering living closer to work.,,B1;production,,,,irregular,false,hebben,overwogen,,,,false
passeren,to pass,B1,verb,"Actions, decisions and communication",Fietsers kunnen de werkzaamheden veilig passeren.,Cyclists can pass the roadworks safely.,,B1;production,,,,regular,false,hebben,gepasseerd,,,,false
plaatsvinden,to take place,B1,verb,"Actions, decisions and communication",De bijeenkomst vindt in de bibliotheek plaats.,The meeting takes place in the library.,,B1;production,,,,irregular,true,hebben,plaatsgevonden,,,,false
presenteren,to present,B1,verb,"Actions, decisions and communication",Vrijdag presenteren we onze resultaten.,On Friday we will present our results.,,B1;production,,,,regular,false,hebben,gepresenteerd,,,,false
produceren,to produce,B1,verb,"Actions, decisions and communication",Deze fabriek produceert fietsen.,This factory produces bicycles.,,B1;production,,,,regular,false,hebben,geproduceerd,,,,false
profiteren,to benefit,B1,verb,"Actions, decisions and communication",Alle bewoners profiteren van het nieuwe park.,All residents benefit from the new park.,,B1;production,,,,regular,false,hebben,geprofiteerd,,,,false
publiceren,to publish,B1,verb,"Actions, decisions and communication",De school publiceert de uitslag op vrijdag.,The school publishes the results on Friday.,,B1;production,,,,regular,false,hebben,gepubliceerd,,,,false
raadplegen,to consult,B1,verb,"Actions, decisions and communication",Raadpleeg de handleiding voor meer informatie.,Consult the manual for more information.,,B1;production,,,,regular,false,hebben,geraadpleegd,,,,false
realiseren,to achieve; to realise,B1,verb,"Actions, decisions and communication",Met dit geld kunnen we het plan realiseren.,With this money we can carry out the plan.,Often reflexive: use the appropriate reflexive pronoun for the intended meaning.,B1;production,,,,regular,false,hebben,gerealiseerd,,,,false
registreren,to register; to record,B1,verb,"Actions, decisions and communication",Het apparaat registreert het energieverbruik.,The device records energy consumption.,,B1;production,,,,regular,false,hebben,geregistreerd,,,,false
respecteren,to respect,B1,verb,"Actions, decisions and communication",We respecteren elkaars keuzes.,We respect each other's choices.,,B1;production,,,,regular,false,hebben,gerespecteerd,,,,false
richten,to direct; to aim,B1,verb,"Actions, decisions and communication",We richten onze aandacht op de oplossing.,We direct our attention towards the solution.,,B1;production,,,,regular,false,hebben,gericht,,,,false
samenvatten,to summarise,B1,verb,"Actions, decisions and communication",Kun je de belangrijkste punten samenvatten?,Can you summarise the main points?,,B1;production,,,,regular,true,hebben,samengevat,,,,false
schamen,to feel ashamed,B1,verb,"Actions, decisions and communication",Je hoeft je niet voor die fout te schamen.,You do not need to feel ashamed of that mistake.,Often reflexive: use the appropriate reflexive pronoun for the intended meaning.,B1;production,,,,regular,false,hebben,geschaamd,,,,false
schatten,to estimate,B1,verb,"Actions, decisions and communication",Ik schat dat de reis twee uur duurt.,I estimate that the journey takes two hours.,,B1;production,,,,regular,false,hebben,geschat,,,,false
steunen,to support,B1,verb,"Actions, decisions and communication",Mijn vrienden steunen mijn besluit.,My friends support my decision.,,B1;production,,,,regular,false,hebben,gesteund,,,,false
stimuleren,to encourage; to stimulate,B1,verb,"Actions, decisions and communication",De school stimuleert kinderen om te lezen.,The school encourages children to read.,,B1;production,,,,regular,false,hebben,gestimuleerd,,,,false
storten,to deposit; to pour,B1,verb,"Actions, decisions and communication",Ik stort het geld op mijn rekening.,I am depositing the money into my account.,Often reflexive: use the appropriate reflexive pronoun for the intended meaning.,B1;production,,,,regular,false,hebben,gestort,,,,false
tegenhouden,to stop; to hold back,B1,verb,"Actions, decisions and communication",De wind hield ons niet tegen.,The wind did not stop us.,,B1;production,,,,irregular,true,hebben,tegengehouden,,,,false
tegenkomen,to come across; to meet by chance,B1,verb,"Actions, decisions and communication",Ik kwam gisteren een oude collega tegen.,I ran into a former colleague yesterday.,,B1;production,,,,irregular,true,zijn,tegengekomen,,,,false
tegenvallen,to disappoint,B1,verb,"Actions, decisions and communication",Het eten viel helaas tegen.,Unfortunately the food was disappointing.,,B1;production,,,,irregular,true,zijn,tegengevallen,,,,false
terugbetalen,to pay back,B1,verb,"Actions, decisions and communication",Ik betaal je morgen terug.,I will pay you back tomorrow.,,B1;production,,,,regular,true,hebben,terugbetaald,,,,false
terugkeren,to return,B1,verb,"Actions, decisions and communication",Na een jaar keerde ze terug naar Nederland.,After a year she returned to the Netherlands.,,B1;production,,,,regular,true,zijn,teruggekeerd,,,,false
terugvinden,to find again,B1,verb,"Actions, decisions and communication",Ik heb mijn sleutels eindelijk teruggevonden.,I have finally found my keys.,,B1;production,,,,irregular,true,hebben,teruggevonden,,,,false
testen,to test,B1,verb,"Actions, decisions and communication",We testen de nieuwe website vandaag.,We are testing the new website today.,,B1;production,,,,regular,false,hebben,getest,,,,false
toegeven,to admit; to give in,B1,verb,"Actions, decisions and communication",Ik moet toegeven dat je gelijk had.,I have to admit that you were right.,,B1;production,,,,irregular,true,hebben,toegegeven,,,,false
toelichten,to explain; to clarify,B1,verb,"Actions, decisions and communication",Kunt u uw antwoord toelichten?,Could you explain your answer?,,B1;production,,,,regular,true,hebben,toegelicht,,,,false
toenemen,to increase,B1,verb,"Actions, decisions and communication",Het aantal fietsers neemt toe.,The number of cyclists is increasing.,,B1;production,,,,irregular,true,hebben,toegenomen,,,,false
toepassen,to apply,B1,verb,"Actions, decisions and communication",In de oefening pas je de nieuwe regel toe.,In the exercise you apply the new rule.,,B1;production,,,,regular,true,hebben,toegepast,,,,false
toestaan,to allow,B1,verb,"Actions, decisions and communication",De verhuurder staat huisdieren toe.,The landlord allows pets.,,B1;production,,,,irregular,true,hebben,toegestaan,,,,false
toevoegen,to add,B1,verb,"Actions, decisions and communication",Wil je nog iets aan het verslag toevoegen?,Would you like to add anything to the report?,,B1;production,,,,regular,true,hebben,toegevoegd,,,,false
tonen,to show,B1,verb,"Actions, decisions and communication",Kun je je identiteitsbewijs tonen?,Can you show your identity document?,,B1;production,,,,regular,false,hebben,getoond,,,,false
uitbreiden,to expand,B1,verb,"Actions, decisions and communication",De bibliotheek breidt haar openingstijden uit.,The library is extending its opening hours.,,B1;production,,,,regular,true,hebben,uitgebreid,,,,false
uitgeven,to spend; to publish,B1,verb,"Actions, decisions and communication",We geven deze maand minder geld uit.,We are spending less money this month.,,B1;production,,,,irregular,true,hebben,uitgegeven,,,,false
uitmaken,to matter; to end a relationship,B1,verb,"Actions, decisions and communication",Het maakt mij niet uit waar we eten.,I do not mind where we eat.,,B1;production,,,,regular,true,hebben,uitgemaakt,,,,false
uitstellen,to postpone,B1,verb,"Actions, decisions and communication",We stellen de vergadering een week uit.,We are postponing the meeting by a week.,,B1;production,,,,regular,true,hebben,uitgesteld,,,,false
uitvallen,to break down; to be cancelled,B1,verb,"Actions, decisions and communication",Door de storing zijn drie treinen uitgevallen.,Three trains were cancelled because of the fault.,,B1;production,,,,irregular,true,zijn,uitgevallen,,,,false
uitvoeren,to carry out,B1,verb,"Actions, decisions and communication",De monteur voert een controle uit.,The technician is carrying out a check.,,B1;production,,,,regular,true,hebben,uitgevoerd,,,,false
uitwisselen,to exchange,B1,verb,"Actions, decisions and communication",Na de les wisselen we ervaringen uit.,After the lesson we exchange experiences.,,B1;production,,,,regular,true,hebben,uitgewisseld,,,,false
uitzoeken,to find out; to select,B1,verb,"Actions, decisions and communication",Ik zoek uit welke trein we moeten nemen.,I will find out which train we need to take.,,B1;production,,,,irregular,true,hebben,uitgezocht,,,,false
vasthouden,to hold on to,B1,verb,"Actions, decisions and communication",Houd de leuning stevig vast.,Hold on firmly to the handrail.,,B1;production,,,,irregular,true,hebben,vastgehouden,,,,false
vaststellen,to establish; to determine,B1,verb,"Actions, decisions and communication",De arts stelt de oorzaak van de klachten vast.,The doctor establishes the cause of the symptoms.,,B1;production,,,,regular,true,hebben,vastgesteld,,,,false
verbergen,to hide,B1,verb,"Actions, decisions and communication",Hij probeerde zijn teleurstelling te verbergen.,He tried to hide his disappointment.,,B1;production,,,,irregular,false,hebben,verborgen,,,,false
verbieden,to forbid; to ban,B1,verb,"Actions, decisions and communication",De gemeente verbiedt parkeren op dit plein.,The council prohibits parking in this square.,,B1;production,,,,irregular,false,hebben,verboden,,,,false
verbinden,to connect,B1,verb,"Actions, decisions and communication",Deze brug verbindt de twee wijken.,This bridge connects the two neighbourhoods.,,B1;production,,,,irregular,false,hebben,verbonden,,,,false
verblijven,to stay,B1,verb,"Actions, decisions and communication",Tijdens de cursus verblijf ik bij vrienden.,During the course I am staying with friends.,,B1;production,,,,irregular,false,hebben / zijn,verbleven,,,,false
verdedigen,to defend,B1,verb,"Actions, decisions and communication",Ze verdedigt haar mening met duidelijke argumenten.,She defends her opinion with clear arguments.,,B1;production,,,,regular,false,hebben,verdedigd,,,,false
verdelen,to divide; to distribute,B1,verb,"Actions, decisions and communication",We verdelen de taken eerlijk.,We divide the tasks fairly.,,B1;production,,,,regular,false,hebben,verdeeld,,,,false
vergeven,to forgive,B1,verb,"Actions, decisions and communication",Ze heeft hem zijn fout vergeven.,She has forgiven him for his mistake.,,B1;production,,,,irregular,false,hebben,vergeven,,,,false
vergissen,to be mistaken,B1,verb,"Actions, decisions and communication",Ik heb me in de datum vergist.,I got the date wrong.,Often reflexive: use the appropriate reflexive pronoun for the intended meaning.,B1;production,,,,regular,false,hebben,vergist,,,,false
vergoeden,to reimburse,B1,verb,"Actions, decisions and communication",Mijn werkgever vergoedt de reiskosten.,My employer reimburses travel expenses.,,B1;production,,,,regular,false,hebben,vergoed,,,,false
vergroten,to enlarge; to increase,B1,verb,"Actions, decisions and communication",Kun je de tekst op het scherm vergroten?,Can you enlarge the text on the screen?,,B1;production,,,,regular,false,hebben,vergroot,,,,false
verhinderen,to prevent,B1,verb,"Actions, decisions and communication",De regen verhinderde dat we buiten konden eten.,The rain prevented us from eating outside.,,B1;production,,,,regular,false,hebben,verhinderd,,,,false
verhogen,to increase; to raise,B1,verb,"Actions, decisions and communication",De verhuurder wil de huur verhogen.,The landlord wants to raise the rent.,,B1;production,,,,regular,false,hebben,verhoogd,,,,false
verkennen,to explore,B1,verb,"Actions, decisions and communication",Morgen verkennen we de omgeving.,Tomorrow we will explore the area.,,B1;production,,,,regular,false,hebben,verkend,,,,false
verklaren,to explain; to declare,B1,verb,"Actions, decisions and communication",Dat verklaart waarom de rekening zo hoog is.,That explains why the bill is so high.,,B1;production,,,,regular,false,hebben,verklaard,,,,false
verlagen,to lower; to reduce,B1,verb,"Actions, decisions and communication",De winkel verlaagt de prijzen.,The shop is lowering its prices.,Often reflexive: use the appropriate reflexive pronoun for the intended meaning.,B1;production,,,,regular,false,hebben,verlaagd,,,,false
verlengen,to extend; to renew,B1,verb,"Actions, decisions and communication",Ik wil mijn abonnement met een jaar verlengen.,I want to renew my subscription for a year.,,B1;production,,,,regular,false,hebben,verlengd,,,,false
verlopen,to proceed; to expire,B1,verb,"Actions, decisions and communication",Mijn paspoort verloopt volgende maand.,My passport expires next month.,,B1;production,,,,irregular,false,zijn,verlopen,,,,false
vermelden,to mention; to state,B1,verb,"Actions, decisions and communication",Vermeld uw klantnummer in het bericht.,State your customer number in the message.,,B1;production,,,,regular,false,hebben,vermeld,,,,false
vermijden,to avoid,B1,verb,"Actions, decisions and communication",Probeer tijdens de spits deze weg te vermijden.,Try to avoid this road during rush hour.,,B1;production,,,,irregular,false,hebben,vermeden,,,,false
verminderen,to reduce; to decrease,B1,verb,"Actions, decisions and communication",Door minder te rijden verminderen we de uitstoot.,"By driving less, we reduce emissions.",,B1;production,,,,regular,false,hebben,verminderd,,,,false
vermoeden,to suspect,B1,verb,"Actions, decisions and communication",Ik vermoed dat de winkel al dicht is.,I suspect the shop is already closed.,,B1;production,,,,regular,false,hebben,vermoed,,,,false
veroorzaken,to cause,B1,verb,"Actions, decisions and communication",De storm heeft veel schade veroorzaakt.,The storm caused a lot of damage.,,B1;production,,,,regular,false,hebben,veroorzaakt,,,,false
verplaatsen,to move; to reschedule,B1,verb,"Actions, decisions and communication",Kunnen we de afspraak naar dinsdag verplaatsen?,Can we move the appointment to Tuesday?,,B1;production,,,,regular,false,hebben,verplaatst,,,,false
verplichten,to oblige,B1,verb,"Actions, decisions and communication",Het contract verplicht ons om op tijd te betalen.,The contract obliges us to pay on time.,Often reflexive: use the appropriate reflexive pronoun for the intended meaning.,B1;production,,,,regular,false,hebben,verplicht,,,,false
verrassen,to surprise,B1,verb,"Actions, decisions and communication",De uitslag heeft iedereen verrast.,The result surprised everyone.,,B1;production,,,,regular,false,hebben,verrast,,,,false
verschillen,to differ,B1,verb,"Actions, decisions and communication",Onze meningen verschillen op dit punt.,Our opinions differ on this point.,,B1;production,,,,regular,false,hebben,verschild,,,,false
verspreiden,to spread; to distribute,B1,verb,"Actions, decisions and communication",Verspreid dit bericht onder je collega's.,Share this message with your colleagues.,Often reflexive: use the appropriate reflexive pronoun for the intended meaning.,B1;production,,,,regular,false,hebben,verspreid,,,,false
versterken,to strengthen,B1,verb,"Actions, decisions and communication",Samenwerking versterkt het team.,Cooperation strengthens the team.,,B1;production,,,,regular,false,hebben,versterkt,,,,false
vervoeren,to transport,B1,verb,"Actions, decisions and communication",Deze trein vervoert alleen goederen.,This train only carries goods.,,B1;production,,,,regular,false,hebben,vervoerd,,,,false
verwerken,to process,B1,verb,"Actions, decisions and communication",De administratie verwerkt uw aanvraag.,The administration department is processing your application.,,B1;production,,,,regular,false,hebben,verwerkt,,,,false
verwijzen,to refer,B1,verb,"Actions, decisions and communication",De huisarts verwijst me naar een specialist.,The GP is referring me to a specialist.,,B1;production,,,,irregular,false,hebben,verwezen,,,,false
verzamelen,to collect,B1,verb,"Actions, decisions and communication",Zij verzamelt informatie voor haar presentatie.,She is collecting information for her presentation.,,B1;production,,,,regular,false,hebben,verzameld,,,,false
verzekeren,to insure; to assure,B1,verb,"Actions, decisions and communication",Je kunt je fiets tegen diefstal verzekeren.,You can insure your bicycle against theft.,,B1;production,,,,regular,false,hebben,verzekerd,,,,false
verzinnen,to make up; to think up,B1,verb,"Actions, decisions and communication",De kinderen verzinnen hun eigen verhaal.,The children make up their own story.,,B1;production,,,,irregular,false,hebben,verzonnen,,,,false
vluchten,to flee,B1,verb,"Actions, decisions and communication",De bewoners moesten voor het water vluchten.,The residents had to flee the water.,,B1;production,,,,regular,false,zijn,gevlucht,,,,false
voldoen,to meet requirements,B1,verb,"Actions, decisions and communication",Deze woning voldoet aan onze wensen.,This home meets our needs.,,B1;production,,,,irregular,false,hebben,voldaan,,,,false
volhouden,to keep up; to persevere,B1,verb,"Actions, decisions and communication","Houd vol, je bent bijna klaar.","Keep going, you are almost finished.",,B1;production,,,,irregular,true,hebben,volgehouden,,,,false
voorkomen,to prevent,B1,verb,"Actions, decisions and communication",Goed onderhoud kan problemen voorkomen.,Good maintenance can prevent problems.,,B1;production,,,,irregular,false,hebben,voorkomen,,,,false
voorspellen,to predict,B1,verb,"Actions, decisions and communication",Het is moeilijk om het weer te voorspellen.,It is difficult to predict the weather.,,B1;production,,,,regular,false,hebben,voorspeld,,,,false
voorstellen,to suggest; to introduce,B1,verb,"Actions, decisions and communication",Ik stel voor dat we morgen beginnen.,I suggest that we start tomorrow.,Often reflexive: use the appropriate reflexive pronoun for the intended meaning.,B1;production,,,,regular,true,hebben,voorgesteld,,,,false
voortzetten,to continue,B1,verb,"Actions, decisions and communication",We zetten het gesprek na de pauze voort.,We will continue the conversation after the break.,,B1;production,,,,regular,true,hebben,voortgezet,,,,false
waarderen,to appreciate,B1,verb,"Actions, decisions and communication",Ik waardeer je hulp enorm.,I really appreciate your help.,,B1;production,,,,regular,false,hebben,gewaardeerd,,,,false
waarschuwen,to warn,B1,verb,"Actions, decisions and communication",De buurman waarschuwde ons voor de gladheid.,The neighbour warned us about the slippery conditions.,,B1;production,,,,regular,false,hebben,gewaarschuwd,,,,false
weglaten,to leave out,B1,verb,"Actions, decisions and communication",Je mag deze vraag weglaten.,You may leave out this question.,,B1;production,,,,irregular,true,hebben,weggelaten,,,,false
wennen,to get used to,B1,verb,"Actions, decisions and communication",Ik moet nog aan mijn nieuwe rooster wennen.,I still need to get used to my new timetable.,,B1;production,,,,regular,false,hebben,gewend,,,,false
wisselen,to change; to exchange,B1,verb,"Actions, decisions and communication",We wisselen na een uur van bestuurder.,We change drivers after an hour.,,B1;production,,,,regular,false,hebben,gewisseld,,,,false
zwijgen,to remain silent,B1,verb,"Actions, decisions and communication",Ze zweeg even voordat ze antwoord gaf.,She remained silent for a moment before answering.,,B1;production,,,,irregular,false,hebben,gezwegen,,,,false
aanvankelijk,"initially, at first",B1,adverb,Culture and communication,Aanvankelijk besefte hij niet dat hij de speech-wedstrijd had gewonnen.,At first he did not realize that he had won the speech contest.,"Definition adapted from Wiktionary contributors, CC BY-SA 4.0: https://en.wiktionary.org/wiki/aanvankelijk#Dutch. Example: Raizin (Dutch, https://tatoeba.org/en/sentences/show/4474153) and orcrist (English, https://tatoeba.org/en/sentences/show/35444); CC BY 2.0 FR.",B1;production,,,,,,,,,,,false
code,"book or body of laws, code of laws, lawbook",B1,noun,Culture and communication,Door commentaar toe te voegen wordt de code leesbaarder.,Adding comments makes the code easier to read.,"Definition adapted from Wiktionary contributors, CC BY-SA 4.0: https://en.wiktionary.org/wiki/code#Dutch. Example: doemaar14 (Dutch, https://tatoeba.org/en/sentences/show/10366313) and sysko (English, https://tatoeba.org/en/sentences/show/1036566); CC BY 2.0 FR.",B1;production,de,codes,codetje,,,,,,,,false
deels,partly,B1,adverb,Culture and communication,Het boek is deels autobiografisch.,The book is partly autobiographical.,"Definition adapted from Wiktionary contributors, CC BY-SA 4.0: https://en.wiktionary.org/wiki/deels#Dutch. Example from the same Wiktionary entry (CC BY-SA 4.0).",B1;production,,,,,,,,,,,false
gedurende,during,B1,preposition,Culture and communication,Gedurende de week lees ik het nieuws in het Frans.,During the week I read the news in French.,"Definition adapted from Wiktionary contributors, CC BY-SA 4.0: https://en.wiktionary.org/wiki/gedurende#Dutch. Example: pleidian (Dutch, https://tatoeba.org/en/sentences/show/3564994) and pleidian (English, https://tatoeba.org/en/sentences/show/3564995); CC BY 2.0 FR.",B1;production,,,,,,,,,,,false
momenteel,"at the moment, currently",B1,adverb,Culture and communication,Tom geeft momenteel les in Duits als tweede taal.,Tom is teaching German as a second language at the moment.,"Definition adapted from Wiktionary contributors, CC BY-SA 4.0: https://en.wiktionary.org/wiki/momenteel#Dutch. Example: doemaar14 (Dutch, https://tatoeba.org/en/sentences/show/11085413) and sundown (English, https://tatoeba.org/en/sentences/show/10187414); CC BY 2.0 FR.",B1;production,,,,,,,,,,,false
nieuws,news,B1,noun,Culture and communication,Het goede nieuws is dat Tom nog steeds kan lopen.,The good news is Tom can still walk.,"No usual plural in this sense. Definition adapted from Wiktionary contributors, CC BY-SA 4.0: https://en.wiktionary.org/wiki/nieuws#Dutch. Example: rose_d (Dutch, https://tatoeba.org/en/sentences/show/10639376) and CK (English, https://tatoeba.org/en/sentences/show/9803880); CC BY 2.0 FR.",B1;production,het,,nieuwsje,,,,,,,,false
nutteloos,"useless, pointless",B1,adjective,Culture and communication,"Dit boek is niet alleen nutteloos, maar zelfs schadelijk.",This book is not only useless but even harmful.,"Definition adapted from Wiktionary contributors, CC BY-SA 4.0: https://en.wiktionary.org/wiki/nutteloos#Dutch. Example: carlosalberto (Dutch, https://tatoeba.org/en/sentences/show/12130825) and carlosalberto (English, https://tatoeba.org/en/sentences/show/12130790); CC BY 2.0 FR.",B1;production,,,,,,,,nutteloze,nuttelozer,meest nutteloos,false
schadelijk,"harmful, damaging, detrimental, pernicious, noisome",B1,adjective,Culture and communication,"Dit boek is niet alleen nutteloos, maar zelfs schadelijk.",This book is not only useless but even harmful.,"Definition adapted from Wiktionary contributors, CC BY-SA 4.0: https://en.wiktionary.org/wiki/schadelijk#Dutch. Example: carlosalberto (Dutch, https://tatoeba.org/en/sentences/show/12130825) and carlosalberto (English, https://tatoeba.org/en/sentences/show/12130790); CC BY 2.0 FR.",B1;production,,,,,,,,schadelijke,schadelijker,schadelijkst,false
toon,tone,B1,noun,Culture and communication,De toon van de muziek was somber.,The tone of the music was somber.,"Definition adapted from Wiktionary contributors, CC BY-SA 4.0: https://en.wiktionary.org/wiki/toon#Dutch. Example from the same Wiktionary entry (CC BY-SA 4.0).",B1;production,de,tonen,toontje,,,,,,,,false
abonnee,subscriber,B1,noun,"Culture, education and media",Als abonnee krijg je toegang tot alle artikelen.,"As a subscriber, you get access to all the articles.",,B1;production,de,abonnees,,,,,,,,,false
achterstand,backlog; disadvantage,B1,noun,"Culture, education and media",Door ziekte liep ze een achterstand op bij haar studie.,She fell behind with her studies because of illness.,,B1;production,de,achterstanden,achterstandje,,,,,,,,false
advertentie,advertisement,B1,noun,"Culture, education and media",Ik vond de cursus via een advertentie in de krant.,I found the course through an advertisement in the newspaper.,,B1;production,de,advertenties,advertentietje,,,,,,,,false
afleiding,distraction,B1,noun,"Culture, education and media",Zet je telefoon uit als je zonder afleiding wilt studeren.,Turn off your phone if you want to study without distractions.,,B1;production,de,afleidingen,afleidinkje,,,,,,,,false
aflevering,episode,B1,noun,"Culture, education and media",Ik heb de laatste aflevering van de serie nog niet gezien.,I have not seen the latest episode of the series yet.,,B1;production,de,afleveringen,afleverinkje,,,,,,,,false
begrip,understanding; concept,B1,noun,"Culture, education and media",De docent legt het nieuwe begrip met een voorbeeld uit.,The teacher explains the new concept with an example.,,B1;production,het,begrippen,begripje,,,,,,,,false
bevolking,population,B1,noun,"Culture, education and media",De bevolking van de stad groeit snel.,The city's population is growing rapidly.,,B1;production,de,bevolkingen,bevolkinkje,,,,,,,,false
bijschrift,caption,B1,noun,"Culture, education and media",Het bijschrift legt uit waar de foto is genomen.,The caption explains where the photo was taken.,,B1;production,het,bijschriften,bijschriftje,,,,,,,,false
biografie,biography,B1,noun,"Culture, education and media",Ik lees een biografie van een bekende schilder.,I am reading a biography of a well-known painter.,,B1;production,de,biografieën,biografietje,,,,,,,,false
boekbespreking,book review; book presentation,B1,noun,"Culture, education and media",Voor Nederlands bereiden we een boekbespreking voor.,We are preparing a book presentation for Dutch class.,,B1;production,de,boekbesprekingen,,,,,,,,,false
citaat,quotation,B1,noun,"Culture, education and media",Zet een citaat tussen aanhalingstekens.,Put a quotation in quotation marks.,,B1;production,het,citaten,citaatje,,,,,,,,false
collectie,collection,B1,noun,"Culture, education and media",Het museum bezit een grote collectie moderne kunst.,The museum has a large collection of modern art.,,B1;production,de,collecties,collectietje,,,,,,,,false
college,lecture,B1,noun,"Culture, education and media",Tijdens het college maakten de studenten aantekeningen.,The students took notes during the lecture.,,B1;production,het,colleges,collegetje,,,,,,,,false
column,column; opinion piece,B1,noun,"Culture, education and media",Zij schrijft elke week een column over het stadsleven.,She writes a weekly column about city life.,,B1;production,de,columns,,,,,,,,,false
commentaar,comment; commentary,B1,noun,"Culture, education and media",Bij het artikel stond veel kritisch commentaar.,There were many critical comments on the article.,,B1;production,het,commentaren,,,,,,,,,false
concentratie,concentration,B1,noun,"Culture, education and media",In een stille ruimte is mijn concentratie beter.,My concentration is better in a quiet room.,,B1;production,de,concentraties,concentratietje,,,,,,,,false
conferentie,conference,B1,noun,"Culture, education and media",Op de conferentie ontmoeten onderzoekers elkaar.,Researchers meet each other at the conference.,,B1;production,de,conferenties,conferentietje,,,,,,,,false
creativiteit,creativity,B1,noun,"Culture, education and media",Deze opdracht laat veel ruimte voor creativiteit.,This assignment allows plenty of room for creativity.,No usual plural in this sense.,B1;production,de,,,,,,,,,,false
cultuur,culture,B1,noun,"Culture, education and media",Door de taal leer je ook de cultuur beter kennen.,"Through the language, you also get to know the culture better.",,B1;production,de,culturen,cultuurtje,,,,,,,,false
deelnemerslijst,list of participants,B1,noun,"Culture, education and media",Controleer of je naam op de deelnemerslijst staat.,Check whether your name is on the list of participants.,,B1;production,de,deelnemerslijsten,,,,,,,,,false
dichtbundel,poetry collection,B1,noun,"Culture, education and media",Voor haar verjaardag kreeg ze een dichtbundel.,She received a poetry collection for her birthday.,,B1;production,de,dichtbundels,dichtbundeltje,,,,,,,,false
dichter,poet,B1,noun,"Culture, education and media",De dichter las drie gedichten voor.,The poet read three poems aloud.,,B1;production,de,dichters,dichtertje,,,,,,,,false
discussiegroep,discussion group,B1,noun,"Culture, education and media",In onze discussiegroep praten we over het nieuws.,"In our discussion group, we talk about the news.",,B1;production,de,discussiegroepen,,,,,,,,,false
documentaire,documentary,B1,noun,"Culture, education and media",De documentaire laat zien hoe ons voedsel wordt gemaakt.,The documentary shows how our food is produced.,,B1;production,de,documentaires,documentairetje,,,,,,,,false
doelstelling,objective,B1,noun,"Culture, education and media",De doelstelling van de cursus is zelfstandig communiceren.,The objective of the course is to communicate independently.,,B1;production,de,doelstellingen,doelstellinkje,,,,,,,,false
editie,edition,B1,noun,"Culture, education and media",Deze editie bevat nieuwe oefeningen.,This edition contains new exercises.,,B1;production,de,edities,editietje,,,,,,,,false
essay,essay,B1,noun,"Culture, education and media",Voor de opleiding schrijf ik een essay over duurzaamheid.,"For my course, I am writing an essay about sustainability.",,B1;production,het,essays,essaytje,,,,,,,,false
examenresultaat,exam result,B1,noun,"Culture, education and media",Je kunt je examenresultaat vanaf maandag bekijken.,You can view your exam result from Monday.,,B1;production,het,examenresultaten,,,,,,,,,false
feedback,feedback,B1,noun,"Culture, education and media",Met gerichte feedback kun je je tekst verbeteren.,You can improve your text with focused feedback.,No usual plural in this sense.,B1;production,de,,,,,,,,,,false
filmvoorstelling,film screening,B1,noun,"Culture, education and media",De filmvoorstelling begint om halfacht.,The film screening starts at half past seven.,,B1;production,de,filmvoorstellingen,,,,,,,,,false
fotografie,photography,B1,noun,"Culture, education and media",Fotografie helpt me om beter naar mijn omgeving te kijken.,Photography helps me observe my surroundings more closely.,,B1;production,de,fotografieën,fotografietje,,,,,,,,false
fragment,fragment; excerpt,B1,noun,"Culture, education and media",We luisteren naar een kort fragment uit het interview.,We are listening to a short excerpt from the interview.,,B1;production,het,fragmenten,fragmentje,,,,,,,,false
galerie,art gallery,B1,noun,"Culture, education and media",In de galerie hangen foto's van plaatselijke kunstenaars.,The gallery displays photographs by local artists.,,B1;production,de,galerieën / galeries,galerietje,,,,,,,,false
geschiedenis,history,B1,noun,"Culture, education and media",Ik wil meer leren over de geschiedenis van Nederland.,I want to learn more about the history of the Netherlands.,,B1;production,de,geschiedenissen,geschiedenisje,,,,,,,,false
grafiek,graph; chart,B1,noun,"Culture, education and media",De grafiek toont de groei van het aantal bezoekers.,The graph shows the growth in visitor numbers.,,B1;production,de,grafieken,grafiekje,,,,,,,,false
hoofdrol,leading role,B1,noun,"Culture, education and media",Zij speelt de hoofdrol in een nieuwe film.,She plays the leading role in a new film.,,B1;production,de,hoofdrollen,hoofdrolletje,,,,,,,,false
illustratie,illustration,B1,noun,"Culture, education and media",De illustratie helpt kinderen om het verhaal te begrijpen.,The illustration helps children understand the story.,,B1;production,de,illustraties,illustratietje,,,,,,,,false
inleiding,introduction,B1,noun,"Culture, education and media",In de inleiding vertel je waar de tekst over gaat.,"In the introduction, you explain what the text is about.",,B1;production,de,inleidingen,inleidinkje,,,,,,,,false
inspiratie,inspiration,B1,noun,"Culture, education and media",Een wandeling geeft me vaak nieuwe inspiratie.,A walk often gives me fresh inspiration.,,B1;production,de,inspiraties,inspiratietje,,,,,,,,false
interview,interview,B1,noun,"Culture, education and media",Tijdens het interview vertelde hij over zijn jeugd.,"During the interview, he spoke about his childhood.",,B1;production,het,interviews,interviewtje,,,,,,,,false
kijker,viewer,B1,noun,"Culture, education and media",De kijker kan zelf kiezen welke aflevering hij bekijkt.,The viewer can choose which episode to watch.,,B1;production,de,kijkers,kijkertje,,,,,,,,false
kunst,art,B1,noun,"Culture, education and media",In dit museum vind je kunst uit verschillende eeuwen.,This museum contains art from different centuries.,,B1;production,de,kunsten,kunstje,,,,,,,,false
kunstenaar,artist,B1,noun,"Culture, education and media",De kunstenaar gebruikt oude materialen voor haar beelden.,The artist uses old materials for her sculptures.,,B1;production,de,kunstenaars,kunstenaartje,,,,,,,,false
leermiddel,learning resource,B1,noun,"Culture, education and media",Een woordenboek is een nuttig leermiddel.,A dictionary is a useful learning resource.,,B1;production,het,leermiddelen,,,,,,,,,false
leeromgeving,learning environment,B1,noun,"Culture, education and media",Een veilige leeromgeving maakt vragen stellen gemakkelijker.,A safe learning environment makes it easier to ask questions.,,B1;production,de,leeromgevingen,,,,,,,,,false
leerproces,learning process,B1,noun,"Culture, education and media",Fouten maken hoort bij het leerproces.,Making mistakes is part of the learning process.,,B1;production,het,leerprocessen,,,,,,,,,false
leerstrategie,learning strategy,B1,noun,"Culture, education and media",Welke leerstrategie werkt het beste voor jou?,Which learning strategy works best for you?,,B1;production,de,leerstrategieën,,,,,,,,,false
lezer,reader,B1,noun,"Culture, education and media",De schrijver spreekt de lezer rechtstreeks aan.,The writer addresses the reader directly.,,B1;production,de,lezers,lezertje,,,,,,,,false
lezing,lecture; talk,B1,noun,"Culture, education and media",Vanavond is er een lezing over stadsnatuur.,There is a talk about urban nature this evening.,,B1;production,de,lezingen,lezinkje,,,,,,,,false
literatuur,literature,B1,noun,"Culture, education and media",Op school las ik vooral Nederlandse literatuur.,"At school, I mainly read Dutch literature.",,B1;production,de,literaturen,,,,,,,,,false
luisteraar,listener,B1,noun,"Culture, education and media",De luisteraar kan vragen insturen voor het radioprogramma.,Listeners can send in questions for the radio programme.,,B1;production,de,luisteraars,luisteraartje,,,,,,,,false
meesterwerk,masterpiece,B1,noun,"Culture, education and media",Dit schilderij geldt als een meesterwerk.,This painting is considered a masterpiece.,,B1;production,het,meesterwerken,meesterwerkje,,,,,,,,false
misinformatie,misinformation,B1,noun,"Culture, education and media",Controleer berichten om misinformatie niet verder te verspreiden.,Check messages so that you do not spread misinformation further.,,B1;production,de,misinformaties,,,,,,,,,false
naslagwerk,reference work,B1,noun,"Culture, education and media",Dit naslagwerk geeft antwoord op veel taalvragen.,This reference work answers many language questions.,,B1;production,het,naslagwerken,naslagwerkje,,,,,,,,false
nieuwsbericht,news report,B1,noun,"Culture, education and media",Het nieuwsbericht werd later aangevuld met extra informatie.,The news report was later updated with additional information.,,B1;production,het,nieuwsberichten,,,,,,,,,false
nieuwsgierigheid,curiosity,B1,noun,"Culture, education and media",Uit nieuwsgierigheid bezocht ik de open dag.,I visited the open day out of curiosity.,No usual plural in this sense.,B1;production,de,,,,,,,,,,false
ondertiteling,subtitles; subtitling,B1,noun,"Culture, education and media",Met Nederlandse ondertiteling begrijp ik de film beter.,I understand the film better with Dutch subtitles.,,B1;production,de,ondertitelingen,,,,,,,,,false
onderwijs,education,B1,noun,"Culture, education and media",Goed onderwijs biedt kinderen meer kansen.,Good education gives children more opportunities.,No usual plural in this sense.,B1;production,het,,,,,,,,,,false
opname,recording,B1,noun,"Culture, education and media",De opname van de lezing staat morgen online.,The recording of the lecture will be online tomorrow.,,B1;production,de,opnamen / opnames,opnametje,,,,,,,,false
overdracht,transfer; handover,B1,noun,"Culture, education and media",Een goede overdracht van kennis kost tijd.,Transferring knowledge effectively takes time.,,B1;production,de,overdrachten,overdrachtje,,,,,,,,false
podcast,podcast,B1,noun,"Culture, education and media",Onderweg luister ik naar een podcast over geschiedenis.,"On the way, I listen to a podcast about history.",,B1;production,de,podcasts,podcastje,,,,,,,,false
praktijkvoorbeeld,practical example,B1,noun,"Culture, education and media",Met een praktijkvoorbeeld wordt de theorie begrijpelijker.,A practical example makes the theory easier to understand.,,B1;production,het,praktijkvoorbeelden,,,,,,,,,false
publicatie,publication,B1,noun,"Culture, education and media",De publicatie is gratis te downloaden.,The publication can be downloaded for free.,,B1;production,de,publicaties,publicatietje,,,,,,,,false
reactietijd,response time,B1,noun,"Culture, education and media",Bij deze oefening meten we je reactietijd.,"In this exercise, we measure your response time.",,B1;production,de,reactietijden,,,,,,,,,false
redactie,editorial team,B1,noun,"Culture, education and media",De redactie controleert het artikel voor publicatie.,The editorial team checks the article before publication.,,B1;production,de,redacties,redactietje,,,,,,,,false
referentie,reference,B1,noun,"Culture, education and media",Vermeld de referentie onderaan je tekst.,Give the reference at the bottom of your text.,,B1;production,de,referenties,referentietje,,,,,,,,false
samenvatting,summary,B1,noun,"Culture, education and media",Schrijf een korte samenvatting van het hoofdstuk.,Write a short summary of the chapter.,,B1;production,de,samenvattingen,samenvattinkje,,,,,,,,false
schrijfstijl,writing style,B1,noun,"Culture, education and media",Haar heldere schrijfstijl maakt moeilijke onderwerpen toegankelijk.,Her clear writing style makes difficult subjects accessible.,,B1;production,de,schrijfstijlen,,,,,,,,,false
schrijver,writer,B1,noun,"Culture, education and media",De schrijver werkt aan een nieuw verhaal.,The writer is working on a new story.,,B1;production,de,schrijvers,schrijvertje,,,,,,,,false
scriptie,thesis; dissertation,B1,noun,"Culture, education and media",Voor haar scriptie interviewt ze buurtbewoners.,She is interviewing local residents for her thesis.,,B1;production,de,scripties,scriptietje,,,,,,,,false
serie,series,B1,noun,"Culture, education and media",Deze serie speelt zich af in Rotterdam.,This series is set in Rotterdam.,,B1;production,de,series / seriën,serietje,,,,,,,,false
specialisatie,specialisation,B1,noun,"Culture, education and media",Na de basisopleiding kies je een specialisatie.,"After the basic training, you choose a specialisation.",,B1;production,de,specialisaties,specialisatietje,,,,,,,,false
spreekvaardigheid,speaking skills,B1,noun,"Culture, education and media",Mijn spreekvaardigheid verbetert door dagelijkse gesprekken.,My speaking skills improve through daily conversations.,,B1;production,de,spreekvaardigheden,,,,,,,,,false
studiebegeleiding,study support,B1,noun,"Culture, education and media",De school biedt extra studiebegeleiding aan.,The school offers additional study support.,,B1;production,de,studiebegeleidingen,,,,,,,,,false
studiefinanciering,student finance,B1,noun,"Culture, education and media",Ik zoek informatie over studiefinanciering.,I am looking for information about student finance.,,B1;production,de,studiefinancieringen,studiefinancierinkje,,,,,,,,false
studiekeuze,choice of study programme,B1,noun,"Culture, education and media",Een open dag kan helpen bij je studiekeuze.,An open day can help you choose a study programme.,,B1;production,de,studiekeuzen / studiekeuzes,,,,,,,,,false
studielast,study workload,B1,noun,"Culture, education and media",De studielast is ongeveer tien uur per week.,The study workload is about ten hours a week.,,B1;production,de,studielasten,,,,,,,,,false
studietempo,pace of study,B1,noun,"Culture, education and media",Je kunt het studietempo aan je werk aanpassen.,You can adapt the pace of study to your work.,,B1;production,het,studietempo's / studietempi,,,,,,,,,false
talent,talent,B1,noun,"Culture, education and media",Zij heeft veel talent voor het vertellen van verhalen.,She has a great talent for storytelling.,,B1;production,het,talenten,talentje,,,,,,,,false
tentamen,university exam,B1,noun,"Culture, education and media",Volgende week heb ik een tentamen statistiek.,I have a statistics exam next week.,,B1;production,het,tentamens,tentamentje,,,,,,,,false
toelating,admission,B1,noun,"Culture, education and media",Voor toelating tot de opleiding moet je een gesprek voeren.,You must attend an interview to be admitted to the programme.,,B1;production,de,toelatingen,,,,,,,,,false
toespraak,speech,B1,noun,"Culture, education and media",De burgemeester hield een korte toespraak.,The mayor gave a short speech.,,B1;production,de,toespraken,toespraakje,,,,,,,,false
trefwoord,keyword; headword,B1,noun,"Culture, education and media",Zoek in het woordenboek op het juiste trefwoord.,Look up the correct headword in the dictionary.,,B1;production,het,trefwoorden,trefwoordje,,,,,,,,false
uitgever,publisher,B1,noun,"Culture, education and media",De uitgever brengt het boek in oktober uit.,The publisher is releasing the book in October.,,B1;production,de,uitgevers,uitgevertje,,,,,,,,false
uitwisseling,exchange,B1,noun,"Culture, education and media",Tijdens de uitwisseling verbleef ik bij een gastgezin.,"During the exchange, I stayed with a host family.",,B1;production,de,uitwisselingen,uitwisselingetje,,,,,,,,false
uitzending,broadcast,B1,noun,"Culture, education and media",Je kunt de uitzending later terugkijken.,You can watch the broadcast again later.,,B1;production,de,uitzendingen,uitzendinkje,,,,,,,,false
vervolg,continuation; sequel,B1,noun,"Culture, education and media",Ik ben benieuwd naar het vervolg van het verhaal.,I am curious about the continuation of the story.,,B1;production,het,vervolgen,vervolgje,,,,,,,,false
voorkennis,prior knowledge,B1,noun,"Culture, education and media",Voor deze cursus is geen voorkennis nodig.,No prior knowledge is needed for this course.,No usual plural in this sense.,B1;production,de,,,,,,,,,,false
woordenschat,vocabulary,B1,noun,"Culture, education and media",Door veel te lezen breid je je woordenschat uit.,Reading a lot expands your vocabulary.,No usual plural in this sense.,B1;production,de,,,,,,,,,,false
zelfstudie,independent study,B1,noun,"Culture, education and media",De opleiding combineert groepslessen met zelfstudie.,The programme combines group lessons with independent study.,,B1;production,de,zelfstudies,,,,,,,,,false
aangenaam,pleasant,B1,adjective,"Describing people, situations and ideas",De temperatuur is heel aangenaam.,The temperature is very pleasant.,,B1;production,,,,,,,,aangename,aangenamer,aangenaamst,false
aantrekkelijk,attractive,B1,adjective,"Describing people, situations and ideas",Dit is een aantrekkelijke aanbieding.,This is an attractive offer.,,B1;production,,,,,,,,aantrekkelijke,aantrekkelijker,aantrekkelijkst,false
actueel,current; topical,B1,adjective,"Describing people, situations and ideas",We bespreken een actueel onderwerp.,We discuss a current topic.,,B1;production,,,,,,,,actuele,actueler,actueelst,false
afhankelijk,dependent,B1,adjective,"Describing people, situations and ideas",We zijn afhankelijk van het openbaar vervoer.,We depend on public transport.,,B1;production,,,,,,,,afhankelijke,afhankelijker,afhankelijkst,false
afkomstig,originating from,B1,adjective,"Describing people, situations and ideas",Deze kaas is afkomstig uit Noord-Holland.,This cheese comes from North Holland.,,B1;production,,,,,,,,afkomstige,,,false
agressief,aggressive,B1,adjective,"Describing people, situations and ideas",De klant reageerde agressief.,The customer reacted aggressively.,,B1;production,,,,,,,,agressieve,agressiever,agressiefst,false
algemeen,general,B1,adjective,"Describing people, situations and ideas",Dit is een algemeen probleem.,This is a general problem.,,B1;production,,,,,,,,algemene,algemener,algemeenst,false
anoniem,anonymous,B1,adjective,"Describing people, situations and ideas",Je kunt de vragenlijst anoniem invullen.,You can complete the questionnaire anonymously.,,B1;production,,,,,,,,anonieme,anoniemer,anoniemst,false
begrijpelijk,understandable,B1,adjective,"Describing people, situations and ideas",Je reactie is heel begrijpelijk.,Your reaction is very understandable.,,B1;production,,,,,,,,begrijpelijke,begrijpelijker,begrijpelijkst,false
belachelijk,ridiculous,B1,adjective,"Describing people, situations and ideas",Dat is een belachelijke prijs.,That is a ridiculous price.,,B1;production,,,,,,,,belachelijke,belachelijker,belachelijkst,false
bereid,willing,B1,adjective,"Describing people, situations and ideas",Ik ben bereid om te helpen.,I am willing to help.,,B1;production,,,,,,,,bereide,,,false
bescheiden,modest,B1,adjective,"Describing people, situations and ideas",Ondanks haar succes blijft ze bescheiden.,Despite her success she remains modest.,,B1;production,,,,,,,,bescheiden,bescheidener,bescheidenst,false
betrouwbaar,reliable; trustworthy,B1,adjective,"Describing people, situations and ideas",We zoeken een betrouwbare oppas.,We are looking for a reliable babysitter.,,B1;production,,,,,,,,betrouwbare,betrouwbaarder,betrouwbaarst,false
bewoonbaar,habitable,B1,adjective,"Describing people, situations and ideas",Na de brand is het huis niet bewoonbaar.,After the fire the house is uninhabitable.,,B1;production,,,,,,,,bewoonbare,bewoonbaarder,bewoonbaarst,false
bewust,aware; deliberate,B1,adjective,"Describing people, situations and ideas",Ze is zich bewust van het risico.,She is aware of the risk.,,B1;production,,,,,,,,bewuste,bewuster,meest bewust,false
bruikbaar,usable; useful,B1,adjective,"Describing people, situations and ideas",Je gaf me veel bruikbare tips.,You gave me many useful tips.,,B1;production,,,,,,,,bruikbare,bruikbaarder,bruikbaarst,false
buitengewoon,extraordinary,B1,adjective,"Describing people, situations and ideas",Het was een buitengewone ervaring.,It was an extraordinary experience.,,B1;production,,,,,,,,buitengewone,buitengewoner,buitengewoonst,false
centraal,central,B1,adjective,"Describing people, situations and ideas",De bibliotheek heeft een centrale ligging.,The library has a central location.,,B1;production,,,,,,,,centrale,centraler,centraalst,false
constant,constant,B1,adjective,"Describing people, situations and ideas",De temperatuur blijft constant.,The temperature remains constant.,,B1;production,,,,,,,,constante,constanter,constantst,false
correct,correct,B1,adjective,"Describing people, situations and ideas",Zijn deze gegevens correct?,Are these details correct?,,B1;production,,,,,,,,correcte,correcter,correctst,false
creatief,creative,B1,adjective,"Describing people, situations and ideas",We zoeken een creatieve oplossing.,We are looking for a creative solution.,,B1;production,,,,,,,,creatieve,creatiever,creatiefst,false
dankbaar,grateful,B1,adjective,"Describing people, situations and ideas",Ik ben je dankbaar voor je hulp.,I am grateful for your help.,,B1;production,,,,,,,,dankbare,dankbaarder,dankbaarst,false
definitief,final; permanent,B1,adjective,"Describing people, situations and ideas",De definitieve beslissing valt morgen.,The final decision will be made tomorrow.,,B1;production,,,,,,,,definitieve,definitiever,definitiefst,false
degelijk,solid; reliable,B1,adjective,"Describing people, situations and ideas",We zoeken een degelijke tweedehands fiets.,We are looking for a solid second-hand bicycle.,,B1;production,,,,,,,,degelijke,degelijker,degelijkst,false
democratisch,democratic,B1,adjective,"Describing people, situations and ideas",De vereniging neemt een democratisch besluit.,The association makes a democratic decision.,,B1;production,,,,,,,,democratische,democratischer,meest democratisch,false
dodelijk,deadly; fatal,B1,adjective,"Describing people, situations and ideas",Roken kan dodelijke ziekten veroorzaken.,Smoking can cause fatal diseases.,,B1;production,,,,,,,,dodelijke,dodelijker,dodelijkst,false
dringend,urgent,B1,adjective,"Describing people, situations and ideas",Ik heb een dringende vraag.,I have an urgent question.,,B1;production,,,,,,,,dringende,dringender,dringendst,false
droevig,sad,B1,adjective,"Describing people, situations and ideas",Het boek heeft een droevig einde.,The book has a sad ending.,,B1;production,,,,,,,,droevige,droeviger,droevigst,false
dubbel,double,B1,adjective,"Describing people, situations and ideas",We kregen een dubbele rekening.,We received a duplicate bill.,,B1;production,,,,,,,,dubbele,,,false
duurzaam,sustainable; durable,B1,adjective,"Describing people, situations and ideas",We kiezen voor duurzame materialen.,We choose sustainable materials.,,B1;production,,,,,,,,duurzame,duurzamer,duurzaamst,false
eenvoudig,simple,B1,adjective,"Describing people, situations and ideas",De oplossing is vrij eenvoudig.,The solution is fairly simple.,,B1;production,,,,,,,,eenvoudige,eenvoudiger,eenvoudigst,false
eeuwig,eternal; endless,B1,adjective,"Describing people, situations and ideas",We willen niet eeuwig blijven wachten.,We do not want to keep waiting forever.,,B1;production,,,,,,,,eeuwige,eeuwiger,eeuwigst,false
eigenwijs,stubborn; headstrong,B1,adjective,"Describing people, situations and ideas",Mijn broer kan behoorlijk eigenwijs zijn.,My brother can be quite stubborn.,,B1;production,,,,,,,,eigenwijze,eigenwijzer,meest eigenwijs,false
emotioneel,emotional,B1,adjective,"Describing people, situations and ideas",Het afscheid was een emotioneel moment.,Saying goodbye was an emotional moment.,,B1;production,,,,,,,,emotionele,emotioneler,emotioneelst,false
ernstig,serious,B1,adjective,"Describing people, situations and ideas",Gelukkig is er geen ernstige schade.,Fortunately there is no serious damage.,,B1;production,,,,,,,,ernstige,ernstiger,ernstigst,false
eventueel,possible; potential,B1,adjective,"Describing people, situations and ideas",Eventuele vragen kunt u per e-mail stellen.,You can ask any questions by email.,,B1;production,,,,,,,,eventuele,,,false
exact,exact,B1,adjective,"Describing people, situations and ideas",Weet je het exacte adres?,Do you know the exact address?,,B1;production,,,,,,,,exacte,exacter,exactst,false
exclusief,exclusive,B1,adjective,"Describing people, situations and ideas",Dit hotel heeft een exclusief restaurant.,This hotel has an exclusive restaurant.,,B1;production,,,,,,,,exclusieve,exclusiever,exclusiefst,false
extreem,extreme,B1,adjective,"Describing people, situations and ideas",Bij extreme hitte werken we vroeger.,In extreme heat we start work earlier.,,B1;production,,,,,,,,extreme,extremer,extreemst,false
fel,bright; fierce,B1,adjective,"Describing people, situations and ideas",De felle zon schijnt in mijn ogen.,The bright sun shines in my eyes.,,B1;production,,,,,,,,felle,feller,felst,false
flauw,bland; weak,B1,adjective,"Describing people, situations and ideas",De soep smaakt een beetje flauw.,The soup tastes a little bland.,,B1;production,,,,,,,,flauwe,flauwer,flauwst,false
flink,considerable; substantial,B1,adjective,"Describing people, situations and ideas",We hebben een flinke afstand gelopen.,We have walked a considerable distance.,,B1;production,,,,,,,,flinke,flinker,flinkst,false
formeel,formal,B1,adjective,"Describing people, situations and ideas",De brief heeft een formele toon.,The letter has a formal tone.,,B1;production,,,,,,,,formele,formeler,formeelst,false
fysiek,physical,B1,adjective,"Describing people, situations and ideas",Deze baan is fysiek zwaar.,This job is physically demanding.,,B1;production,,,,,,,,fysieke,,,false
gebruikelijk,usual; customary,B1,adjective,"Describing people, situations and ideas",Is het gebruikelijk om vooraf te betalen?,Is it customary to pay in advance?,,B1;production,,,,,,,,gebruikelijke,gebruikelijker,gebruikelijkst,false
gedeeltelijk,partial,B1,adjective,"Describing people, situations and ideas",We krijgen een gedeeltelijke vergoeding.,We receive partial reimbursement.,,B1;production,,,,,,,,gedeeltelijke,,,false
gemeen,mean; nasty,B1,adjective,"Describing people, situations and ideas",Dat was een gemene opmerking.,That was a mean remark.,,B1;production,,,,,,,,gemene,gemener,gemeenst,false
gemiddeld,average,B1,adjective,"Describing people, situations and ideas",Het gemiddelde bedrag is vijftig euro.,The average amount is fifty euros.,,B1;production,,,,,,,,gemiddelde,gemiddelder,gemiddeldst,false
gerust,reassured; at ease,B1,adjective,"Describing people, situations and ideas",Ik ben pas gerust als je veilig thuis bent.,I will only feel at ease once you are safely home.,,B1;production,,,,,,,,geruste,geruster,meest gerust,false
gevoelig,sensitive,B1,adjective,"Describing people, situations and ideas",Mijn huid is gevoelig voor deze zeep.,My skin is sensitive to this soap.,,B1;production,,,,,,,,gevoelige,gevoeliger,gevoeligst,false
gevoelloos,numb; insensitive,B1,adjective,"Describing people, situations and ideas",Mijn vingers zijn gevoelloos van de kou.,My fingers are numb from the cold.,,B1;production,,,,,,,,gevoelloos,gevoellooser,meest gevoelloos,false
gezamenlijk,joint; shared,B1,adjective,"Describing people, situations and ideas",We hebben een gezamenlijke rekening.,We have a joint account.,,B1;production,,,,,,,,gezamenlijke,gezamenlijker,gezamenlijkst,false
grof,coarse; rude,B1,adjective,"Describing people, situations and ideas",Dat was een grove belediging.,That was a gross insult.,,B1;production,,,,,,,,grove,grover,grofst,false
grondig,thorough,B1,adjective,"Describing people, situations and ideas",De monteur doet een grondige controle.,The mechanic carries out a thorough check.,,B1;production,,,,,,,,grondige,grondiger,grondigst,false
gunstig,favourable,B1,adjective,"Describing people, situations and ideas",Het hotel heeft een gunstige ligging.,The hotel has a convenient location.,,B1;production,,,,,,,,gunstige,gunstiger,gunstigst,false
hartelijk,warm; cordial,B1,adjective,"Describing people, situations and ideas",We kregen een hartelijke ontvangst.,We received a warm welcome.,,B1;production,,,,,,,,hartelijke,hartelijker,hartelijkst,false
heftig,intense; severe,B1,adjective,"Describing people, situations and ideas",Dat was een heftige reactie.,That was an intense reaction.,,B1;production,,,,,,,,heftige,heftiger,heftigst,false
helder,clear; bright,B1,adjective,"Describing people, situations and ideas",Bedankt voor je heldere uitleg.,Thank you for your clear explanation.,,B1;production,,,,,,,,heldere,helderder,helderst,false
herkenbaar,recognisable,B1,adjective,"Describing people, situations and ideas",Het logo is duidelijk herkenbaar.,The logo is clearly recognisable.,,B1;production,,,,,,,,herkenbare,herkenbaarder,herkenbaarst,false
historisch,historical; historic,B1,adjective,"Describing people, situations and ideas",We wandelen door het historische centrum.,We are walking through the historic centre.,,B1;production,,,,,,,,historische,,,false
hopeloos,hopeless,B1,adjective,"Describing people, situations and ideas",De situatie leek eerst hopeloos.,At first the situation seemed hopeless.,,B1;production,,,,,,,,hopeloze,hopelozer,meest hopeloos,false
illegaal,illegal,B1,adjective,"Describing people, situations and ideas",Hier afval dumpen is illegaal.,Dumping waste here is illegal.,,B1;production,,,,,,,,illegale,illegaler,illegaalst,false
indrukwekkend,impressive,B1,adjective,"Describing people, situations and ideas",De tentoonstelling is indrukwekkend.,The exhibition is impressive.,,B1;production,,,,,,,,indrukwekkende,indrukwekkender,indrukwekkendst,false
informeel,informal,B1,adjective,"Describing people, situations and ideas",Het was een informeel gesprek.,It was an informal conversation.,,B1;production,,,,,,,,informele,informeler,informeelst,false
ingewikkeld,complicated,B1,adjective,"Describing people, situations and ideas",Het formulier is nogal ingewikkeld.,The form is rather complicated.,,B1;production,,,,,,,,ingewikkelde,ingewikkelder,ingewikkeldst,false
intelligent,intelligent,B1,adjective,"Describing people, situations and ideas",Ze stelt intelligente vragen.,She asks intelligent questions.,,B1;production,,,,,,,,intelligente,intelligenter,intelligentst,false
klassiek,classical; classic,B1,adjective,"Describing people, situations and ideas",Zij luistert graag naar klassieke muziek.,She enjoys listening to classical music.,,B1;production,,,,,,,,klassieke,klassieker,klassiekst,false
kleurrijk,colourful,B1,adjective,"Describing people, situations and ideas",De markt is een kleurrijke plek.,The market is a colourful place.,,B1;production,,,,,,,,kleurrijke,kleurrijker,kleurrijkst,false
koppig,stubborn,B1,adjective,"Describing people, situations and ideas",Hij is te koppig om hulp te vragen.,He is too stubborn to ask for help.,,B1;production,,,,,,,,koppige,koppiger,koppigst,false
krachtig,powerful,B1,adjective,"Describing people, situations and ideas",Het apparaat heeft een krachtige motor.,The device has a powerful motor.,,B1;production,,,,,,,,krachtige,krachtiger,krachtigst,false
kwetsbaar,vulnerable; fragile,B1,adjective,"Describing people, situations and ideas",Deze planten zijn kwetsbaar bij vorst.,These plants are vulnerable to frost.,,B1;production,,,,,,,,kwetsbare,kwetsbaarder,kwetsbaarst,false
landelijk,national; rural,B1,adjective,"Describing people, situations and ideas",De organisatie organiseert een landelijke actie.,The organisation is organising a nationwide campaign.,.,B1;production,,,,,,,,landelijke,landelijker,landelijkst,false
lastig,difficult; awkward,B1,adjective,"Describing people, situations and ideas",Dat is een lastige vraag.,That is a difficult question.,,B1;production,,,,,,,,lastige,lastiger,lastigst,false
legaal,legal,B1,adjective,"Describing people, situations and ideas",Is het legaal om hier te kamperen?,Is it legal to camp here?,,B1;production,,,,,,,,legale,legaler,legaalst,false
levendig,lively,B1,adjective,"Describing people, situations and ideas",Het plein is 's avonds heel levendig.,The square is very lively in the evening.,,B1;production,,,,,,,,levendige,levendiger,levendigst,false
lichamelijk,physical; bodily,B1,adjective,"Describing people, situations and ideas",De baan vraagt veel lichamelijke inspanning.,The job requires a lot of physical effort.,,B1;production,,,,,,,,lichamelijke,lichamelijker,lichamelijkst,false
logisch,logical,B1,adjective,"Describing people, situations and ideas",Dat lijkt mij een logische keuze.,That seems like a logical choice to me.,,B1;production,,,,,,,,logische,logischer,meest logisch,false
loyaal,loyal,B1,adjective,"Describing people, situations and ideas",Ze is een loyale vriendin.,She is a loyal friend.,,B1;production,,,,,,,,loyale,loyaler,loyaalst,false
maximaal,maximum,B1,adjective,"Describing people, situations and ideas",De maximale snelheid is hier dertig kilometer per uur.,The maximum speed here is thirty kilometres per hour.,,B1;production,,,,,,,,maximale,maximaler,maximaalst,false
medisch,medical,B1,adjective,"Describing people, situations and ideas",Voor medische vragen kunt u uw huisarts bellen.,For medical questions you can call your GP.,,B1;production,,,,,,,,medische,,,false
menselijk,human,B1,adjective,"Describing people, situations and ideas",Iedereen maakt weleens een menselijke fout.,Everyone makes a human error sometimes.,,B1;production,,,,,,,,menselijke,menselijker,menselijkst,false
mentaal,mental,B1,adjective,"Describing people, situations and ideas",Een verhuizing kan mentaal zwaar zijn.,Moving house can be mentally demanding.,,B1;production,,,,,,,,mentale,mentaler,mentaalst,false
milieuvriendelijk,environmentally friendly,B1,adjective,"Describing people, situations and ideas",We kiezen een milieuvriendelijk schoonmaakmiddel.,We choose an environmentally friendly cleaning product.,,B1;production,,,,,,,,milieuvriendelijke,milieuvriendelijker,milieuvriendelijkst,false
minimaal,minimum; minimal,B1,adjective,"Describing people, situations and ideas",De minimale leeftijd is achttien jaar.,The minimum age is eighteen.,,B1;production,,,,,,,,minimale,minimaler,minimaalst,false
moedig,brave,B1,adjective,"Describing people, situations and ideas",Het was een moedige beslissing.,It was a brave decision.,,B1;production,,,,,,,,moedige,moediger,moedigst,false
mondeling,oral; spoken,B1,adjective,"Describing people, situations and ideas",Je krijgt ook een mondeling examen.,You will also have an oral exam.,,B1;production,,,,,,,,mondelinge,,,false
nationaal,national,B1,adjective,"Describing people, situations and ideas",Het nationale team speelt vanavond.,The national team is playing tonight.,,B1;production,,,,,,,,nationale,nationaler,nationaalst,false
nauwkeurig,accurate; precise,B1,adjective,"Describing people, situations and ideas",We hebben nauwkeurige metingen nodig.,We need accurate measurements.,,B1;production,,,,,,,,nauwkeurige,nauwkeuriger,nauwkeurigst,false
negatief,negative,B1,adjective,"Describing people, situations and ideas",De verandering heeft ook negatieve gevolgen.,The change also has negative consequences.,,B1;production,,,,,,,,negatieve,negatiever,negatiefst,false
neutraal,neutral,B1,adjective,"Describing people, situations and ideas",De voorzitter blijft neutraal.,The chairperson remains neutral.,,B1;production,,,,,,,,neutrale,neutraler,neutraalst,false
noodzakelijk,necessary,B1,adjective,"Describing people, situations and ideas",Een afspraak is niet noodzakelijk.,An appointment is not necessary.,,B1;production,,,,,,,,noodzakelijke,noodzakelijker,noodzakelijkst,false
officieel,official,B1,adjective,"Describing people, situations and ideas",We wachten op een officiële bevestiging.,We are waiting for official confirmation.,,B1;production,,,,,,,,officiële,officiëler,officieelst,false
onbereikbaar,unreachable,B1,adjective,"Describing people, situations and ideas",De klantenservice was de hele ochtend onbereikbaar.,Customer service was unreachable all morning.,,B1;production,,,,,,,,onbereikbare,onbereikbaarder,onbereikbaarst,false
ongelooflijk,incredible,B1,adjective,"Describing people, situations and ideas",Het uitzicht is ongelooflijk mooi.,The view is incredibly beautiful.,,B1;production,,,,,,,,ongelooflijke,ongelooflijker,ongelooflijkst,false
ongeschikt,unsuitable,B1,adjective,"Describing people, situations and ideas",Deze schoenen zijn ongeschikt voor lange wandelingen.,These shoes are unsuitable for long walks.,,B1;production,,,,,,,,ongeschikte,ongeschikter,ongeschiktst,false
ongunstig,unfavourable,B1,adjective,"Describing people, situations and ideas",De weersverwachting is ongunstig.,The weather forecast is unfavourable.,,B1;production,,,,,,,,ongunstige,ongunstiger,ongunstigst,false
onnodig,unnecessary,B1,adjective,"Describing people, situations and ideas",We willen onnodige kosten voorkomen.,We want to avoid unnecessary costs.,,B1;production,,,,,,,,onnodige,onnodiger,onnodigst,false
onrustig,restless; unsettled,B1,adjective,"Describing people, situations and ideas",Door het lawaai sliep ik onrustig.,The noise made me sleep restlessly.,,B1;production,,,,,,,,onrustige,onrustiger,onrustigst,false
onschuldig,innocent; harmless,B1,adjective,"Describing people, situations and ideas",Het bleek een onschuldig misverstand.,It turned out to be a harmless misunderstanding.,,B1;production,,,,,,,,onschuldige,onschuldiger,onschuldigst,false
onveilig,unsafe,B1,adjective,"Describing people, situations and ideas",De kruising voelt onveilig voor fietsers.,The junction feels unsafe for cyclists.,,B1;production,,,,,,,,onveilige,onveiliger,onveiligst,false
onverwacht,unexpected,B1,adjective,"Describing people, situations and ideas",We kregen onverwacht bezoek.,We had unexpected visitors.,,B1;production,,,,,,,,onverwachte,onverwachter,onverwachtst,false
onvoldoende,insufficient,B1,adjective,"Describing people, situations and ideas",Er is onvoldoende ruimte voor alle fietsen.,There is insufficient space for all the bicycles.,,B1;production,,,,,,,,onvoldoende,,,false
onzichtbaar,invisible,B1,adjective,"Describing people, situations and ideas",De vlek is nu bijna onzichtbaar.,The stain is now almost invisible.,,B1;production,,,,,,,,onzichtbare,onzichtbaarder,onzichtbaarst,false
oorspronkelijk,original,B1,adjective,"Describing people, situations and ideas",Het oorspronkelijke plan was goedkoper.,The original plan was cheaper.,,B1;production,,,,,,,,oorspronkelijke,oorspronkelijker,oorspronkelijkst,false
opmerkelijk,remarkable,B1,adjective,"Describing people, situations and ideas",Dat is een opmerkelijk verschil.,That is a remarkable difference.,,B1;production,,,,,,,,opmerkelijke,opmerkelijker,opmerkelijkst,false
oprecht,sincere,B1,adjective,"Describing people, situations and ideas",Mijn excuses zijn oprecht.,My apologies are sincere.,,B1;production,,,,,,,,oprechte,oprechter,oprechtst,false
opvallend,striking; noticeable,B1,adjective,"Describing people, situations and ideas",Ze draagt een opvallende rode jas.,She is wearing a striking red coat.,,B1;production,,,,,,,,opvallende,opvallender,opvallendst,false
origineel,original,B1,adjective,"Describing people, situations and ideas",Dat is een origineel cadeau.,That is an original gift.,,B1;production,,,,,,,,originele,origineler,origineelst,false
passief,passive,B1,adjective,"Describing people, situations and ideas",Een passieve houding helpt hier niet.,A passive attitude does not help here.,,B1;production,,,,,,,,passieve,passiever,passiefst,false
positief,positive,B1,adjective,"Describing people, situations and ideas",We kregen een positieve reactie.,We received a positive response.,,B1;production,,,,,,,,positieve,positiever,positiefst,false
praktisch,practical,B1,adjective,"Describing people, situations and ideas",De cursus geeft praktische tips.,The course gives practical tips.,,B1;production,,,,,,,,praktische,praktischer,meest praktisch,false
puur,pure,B1,adjective,"Describing people, situations and ideas",Het was puur geluk dat we nog kaartjes kregen.,It was pure luck that we still got tickets.,,B1;production,,,,,,,,pure,puurder,puurst,false
recent,recent,B1,adjective,"Describing people, situations and ideas",Heb je een recente foto bij je?,Do you have a recent photograph with you?,,B1;production,,,,,,,,recente,recenter,recentst,false
redelijk,reasonable,B1,adjective,"Describing people, situations and ideas",Dat vind ik een redelijke prijs.,I think that is a reasonable price.,,B1;production,,,,,,,,redelijke,redelijker,redelijkst,false
regionaal,regional,B1,adjective,"Describing people, situations and ideas",De regionale krant schrijft over het project.,The regional newspaper is reporting on the project.,,B1;production,,,,,,,,regionale,,,false
relatief,relative; relatively,B1,adjective,"Describing people, situations and ideas",We wonen op relatief korte afstand.,We live relatively close by.,,B1;production,,,,,,,,relatieve,relatiever,relatiefst,false
rommelig,messy; disorganised,B1,adjective,"Describing people, situations and ideas",Mijn bureau is nogal rommelig.,My desk is rather messy.,,B1;production,,,,,,,,rommelige,rommeliger,rommeligst,false
scherp,sharp,B1,adjective,"Describing people, situations and ideas","Pas op, dit mes is scherp.","Be careful, this knife is sharp.",,B1;production,,,,,,,,scherpe,scherper,scherpst,false
schriftelijk,written,B1,adjective,"Describing people, situations and ideas",We hebben een schriftelijke bevestiging nodig.,We need written confirmation.,,B1;production,,,,,,,,schriftelijke,,,false
schuldig,guilty,B1,adjective,"Describing people, situations and ideas",Ik voel me schuldig over mijn reactie.,I feel guilty about my reaction.,,B1;production,,,,,,,,schuldige,schuldiger,schuldigst,false
speciaal,special,B1,adjective,"Describing people, situations and ideas",Voor deze taak heb je speciaal gereedschap nodig.,You need special tools for this task.,,B1;production,,,,,,,,speciale,specialer,speciaalst,false
specifiek,specific,B1,adjective,"Describing people, situations and ideas",Heb je een specifieke vraag?,Do you have a specific question?,,B1;production,,,,,,,,specifieke,specifieker,specifiekst,false
spontaan,spontaneous,B1,adjective,"Describing people, situations and ideas",Het was een spontaan besluit.,It was a spontaneous decision.,,B1;production,,,,,,,,spontane,spontaner,spontaanst,false
stabiel,stable,B1,adjective,"Describing people, situations and ideas",De prijzen zijn voorlopig stabiel.,Prices are stable for now.,,B1;production,,,,,,,,stabiele,stabieler,stabielst,false
stoer,tough; cool,B1,adjective,"Describing people, situations and ideas",Hij heeft een stoere leren jas.,He has a cool leather jacket.,,B1;production,,,,,,,,stoere,stoerder,stoerst,false
strafbaar,punishable by law,B1,adjective,"Describing people, situations and ideas",Diefstal is strafbaar.,Theft is punishable by law.,,B1;production,,,,,,,,strafbare,strafbaarder,strafbaarst,false
streng,strict,B1,adjective,"Describing people, situations and ideas",De school heeft strenge regels.,The school has strict rules.,,B1;production,,,,,,,,strenge,strenger,strengst,false
succesvol,successful,B1,adjective,"Describing people, situations and ideas",Het was een succesvolle samenwerking.,It was a successful collaboration.,,B1;production,,,,,,,,succesvolle,succesvoller,succesvolst,false
technisch,technical,B1,adjective,"Describing people, situations and ideas",Door een technisch probleem is de lift buiten gebruik.,The lift is out of service because of a technical problem.,,B1;production,,,,,,,,technische,technischer,meest technisch,false
toegankelijk,accessible,B1,adjective,"Describing people, situations and ideas",Het gebouw is toegankelijk voor rolstoelgebruikers.,The building is accessible to wheelchair users.,,B1;production,,,,,,,,toegankelijke,toegankelijker,toegankelijkst,false
traag,slow; sluggish,B1,adjective,"Describing people, situations and ideas",De computer is vandaag erg traag.,The computer is very slow today.,,B1;production,,,,,,,,trage,trager,traagst,false
traditioneel,traditional,B1,adjective,"Describing people, situations and ideas",We eten een traditioneel gerecht.,We are eating a traditional dish.,,B1;production,,,,,,,,traditionele,traditioneler,traditioneelst,false
typisch,typical,B1,adjective,"Describing people, situations and ideas",Dit is een typisch Nederlands landschap.,This is a typical Dutch landscape.,,B1;production,,,,,,,,typische,typischer,meest typisch,false
uitstekend,excellent,B1,adjective,"Describing people, situations and ideas",Het restaurant heeft een uitstekende beoordeling.,The restaurant has an excellent rating.,,B1;production,,,,,,,,uitstekende,uitstekender,uitstekendst,false
uniek,unique,B1,adjective,"Describing people, situations and ideas",Elk ontwerp is uniek.,Every design is unique.,,B1;production,,,,,,,,unieke,unieker,uniekst,false
vals,false; fake,B1,adjective,"Describing people, situations and ideas",Het bleek een vals alarm.,It turned out to be a false alarm.,,B1;production,,,,,,,,valse,valser,meest vals,false
vanzelfsprekend,obvious; self-evident,B1,adjective,"Describing people, situations and ideas",Voor mij is dat niet vanzelfsprekend.,"To me, that is not self-evident.",,B1;production,,,,,,,,vanzelfsprekende,vanzelfsprekender,vanzelfsprekendst,false
verantwoordelijk,responsible,B1,adjective,"Describing people, situations and ideas",Wie is verantwoordelijk voor de planning?,Who is responsible for the planning?,,B1;production,,,,,,,,verantwoordelijke,verantwoordelijker,verantwoordelijkst,false
verdacht,suspicious,B1,adjective,"Describing people, situations and ideas",De politie onderzoekt een verdacht pakket.,The police are investigating a suspicious package.,,B1;production,,,,,,,,verdachte,verdachter,verdachtst,false
vergelijkbaar,comparable,B1,adjective,"Describing people, situations and ideas",Deze twee woningen zijn goed vergelijkbaar.,These two homes are readily comparable.,,B1;production,,,,,,,,vergelijkbare,vergelijkbaarder,vergelijkbaarst,false
verkrijgbaar,available for purchase,B1,adjective,"Describing people, situations and ideas",De kaartjes zijn vanaf maandag verkrijgbaar.,Tickets are available from Monday.,,B1;production,,,,,,,,verkrijgbare,,,false
vermoeiend,tiring,B1,adjective,"Describing people, situations and ideas",Het was een vermoeiende reis.,It was a tiring journey.,,B1;production,,,,,,,,vermoeiende,vermoeiender,vermoeiendst,false
verplicht,compulsory,B1,adjective,"Describing people, situations and ideas",Deelname aan deze training is verplicht.,Participation in this training is compulsory.,,B1;production,,,,,,,,verplichte,,,false
verrassend,surprising,B1,adjective,"Describing people, situations and ideas",Het verhaal heeft een verrassend einde.,The story has a surprising ending.,,B1;production,,,,,,,,verrassende,verrassender,verrassendst,false
verstandig,sensible; wise,B1,adjective,"Describing people, situations and ideas",Het lijkt me verstandig om eerder te vertrekken.,It seems sensible to me to leave earlier.,,B1;production,,,,,,,,verstandige,verstandiger,verstandigst,false
vervelend,annoying; unpleasant,B1,adjective,"Describing people, situations and ideas",Dat is een vervelende situatie.,That is an unpleasant situation.,,B1;production,,,,,,,,vervelende,vervelender,vervelendst,false
voldoende,sufficient,B1,adjective,"Describing people, situations and ideas",Er is voldoende eten voor iedereen.,There is enough food for everyone.,,B1;production,,,,,,,,voldoende,,,false
volledig,complete; full,B1,adjective,"Describing people, situations and ideas",De volledige lijst staat online.,The complete list is online.,,B1;production,,,,,,,,volledige,vollediger,volledigst,false
volwassen,adult; mature,B1,adjective,"Describing people, situations and ideas",Volwassen deelnemers betalen het normale tarief.,Adult participants pay the normal rate.,,B1;production,,,,,,,,volwassen,,,false
voorlopig,provisional,B1,adjective,"Describing people, situations and ideas",Dit is nog een voorlopig schema.,This is still a provisional schedule.,,B1;production,,,,,,,,voorlopige,voorlopiger,voorlopigst,false
voormalig,former,B1,adjective,"Describing people, situations and ideas",Mijn voormalige collega werkt nu in Utrecht.,My former colleague now works in Utrecht.,,B1;production,,,,,,,,voormalige,,,false
vrijwillig,voluntary,B1,adjective,"Describing people, situations and ideas",Deelname aan het onderzoek is vrijwillig.,Participation in the study is voluntary.,,B1;production,,,,,,,,vrijwillige,,,false
waardevol,valuable,B1,adjective,"Describing people, situations and ideas",Dat is waardevolle informatie.,That is valuable information.,,B1;production,,,,,,,,waardevolle,waardevoller,waardevolst,false
wanhopig,desperate,B1,adjective,"Describing people, situations and ideas",Na uren zoeken werd ze wanhopig.,After hours of searching she became desperate.,,B1;production,,,,,,,,wanhopige,wanhopiger,wanhopigst,false
wereldwijd,worldwide,B1,adjective,"Describing people, situations and ideas",Dit bedrijf heeft een wereldwijd netwerk.,This company has a worldwide network.,,B1;production,,,,,,,,wereldwijde,wereldwijder,wereldwijdst,false
werkelijk,real; actual,B1,adjective,"Describing people, situations and ideas",De werkelijke kosten zijn hoger.,The actual costs are higher.,,B1;production,,,,,,,,werkelijke,,,false
willekeurig,random,B1,adjective,"Describing people, situations and ideas",De computer kiest een willekeurige naam.,The computer selects a random name.,,B1;production,,,,,,,,willekeurige,willekeuriger,willekeurigst,false
zakelijk,businesslike; business-related,B1,adjective,"Describing people, situations and ideas",We houden privézaken en zakelijke zaken apart.,We keep personal and business matters separate.,,B1;production,,,,,,,,zakelijke,zakelijker,zakelijkst,false
zeldzaam,rare,B1,adjective,"Describing people, situations and ideas",Deze vogel is in Nederland zeldzaam.,This bird is rare in the Netherlands.,,B1;production,,,,,,,,zeldzame,zeldzamer,zeldzaamst,false
zelfstandig,independent,B1,adjective,"Describing people, situations and ideas",Na de uitleg werken de studenten zelfstandig.,"After the explanation, the students work independently.",,B1;production,,,,,,,,zelfstandige,zelfstandiger,zelfstandigst,false
zelfverzekerd,self-confident,B1,adjective,"Describing people, situations and ideas",Ze spreekt steeds zelfverzekerder Nederlands.,She speaks Dutch with increasing confidence.,,B1;production,,,,,,,,zelfverzekerde,zelfverzekerder,zelfverzekerdst,false
zichtbaar,visible,B1,adjective,"Describing people, situations and ideas",Het resultaat is meteen zichtbaar.,The result is immediately visible.,,B1;production,,,,,,,,zichtbare,zichtbaarder,zichtbaarst,false
zinloos,pointless,B1,adjective,"Describing people, situations and ideas",Verder wachten is zinloos.,Waiting any longer is pointless.,,B1;production,,,,,,,,zinloze,zinlozer,meest zinloos,false
zinvol,meaningful; worthwhile,B1,adjective,"Describing people, situations and ideas",Dat lijkt me een zinvolle oefening.,That seems like a worthwhile exercise to me.,,B1;production,,,,,,,,zinvolle,zinvoller,zinvolst,false
zonnig,sunny,B1,adjective,"Describing people, situations and ideas",We verwachten een zonnig weekend.,We expect a sunny weekend.,,B1;production,,,,,,,,zonnige,zonniger,zonnigst,false
zorgvuldig,careful; meticulous,B1,adjective,"Describing people, situations and ideas",Lees de instructies zorgvuldig.,Read the instructions carefully.,,B1;production,,,,,,,,zorgvuldige,zorgvuldiger,zorgvuldigst,false
zorgzaam,caring,B1,adjective,"Describing people, situations and ideas",Mijn buurvrouw is heel zorgzaam.,My neighbour is very caring.,,B1;production,,,,,,,,zorgzame,zorgzamer,zorgzaamst,false
zuinig,economical; frugal,B1,adjective,"Describing people, situations and ideas",Deze auto is zuinig met brandstof.,This car is fuel-efficient.,,B1;production,,,,,,,,zuinige,zuiniger,zuinigst,false
absurd,absurd,B1,adjective,Education and ideas,Dat is het meest absurde idee dat ik ooit heb gehoord.,That's the most absurd idea I've ever heard.,"Definition adapted from Wiktionary contributors, CC BY-SA 4.0: https://en.wiktionary.org/wiki/absurd#Dutch. Example: Dorenda (Dutch, https://tatoeba.org/en/sentences/show/380697) and CM (English, https://tatoeba.org/en/sentences/show/42030); CC BY 2.0 FR.",B1;production,,,,,,,,absurde,absurder,absurdst,false
analyse,analysis,B1,noun,Education and ideas,Wat bleek uit de analyse?,What did the analysis show?,"Definition adapted from Wiktionary contributors, CC BY-SA 4.0: https://en.wiktionary.org/wiki/analyse#Dutch. Example: carlosalberto (Dutch, https://tatoeba.org/en/sentences/show/11541569) and carlosalberto (English, https://tatoeba.org/en/sentences/show/11541555); CC BY 2.0 FR.",B1;production,de,analyses / analysen,analysetje,,,,,,,,false
beschikken,"to direct, have influence over, decide",B1,verb,Education and ideas,Eindtermen zijn omschrijvingen van de kennis en vaardigheden waarover een leerling of student aan het eind van ieder onderwijsniveau moet beschikken.,Attainment targets are descriptions of knowledge and skills that a pupil or student is expected to have acquired by the end of each educational level.,"Definition adapted from Wiktionary contributors, CC BY-SA 4.0: https://en.wiktionary.org/wiki/beschikken#Dutch. Example: PaulP (Dutch, https://tatoeba.org/en/sentences/show/6671599) and Micsmithel (English, https://tatoeba.org/en/sentences/show/6744835); CC BY 2.0 FR.",B1;production,,,,regular,false,hebben,beschikt,,,,false
concept,concept,B1,noun,Education and ideas,Ik vind het concept van deze website erg goed.,I find the concept of this site really good.,"Definition adapted from Wiktionary contributors, CC BY-SA 4.0: https://en.wiktionary.org/wiki/concept#Dutch. Example: megamanenm (Dutch, https://tatoeba.org/en/sentences/show/10737675) and catimini (English, https://tatoeba.org/en/sentences/show/10553978); CC BY 2.0 FR.",B1;production,het,concepten,conceptje,,,,,,,,false
gedachte,"thought, idea",B1,noun,Education and ideas,"Indien er geen taal was, dan waren er ook geen gedachten.","But for language, there would be no thought.","Definition adapted from Wiktionary contributors, CC BY-SA 4.0: https://en.wiktionary.org/wiki/gedachte#Dutch. Example: Ealdwimor (Dutch, https://tatoeba.org/en/sentences/show/2801218) and sacredceltic (English, https://tatoeba.org/en/sentences/show/239729); CC BY 2.0 FR.",B1;production,de,gedachten / gedachtes,gedachtetje,,,,,,,,false
moeite,effort,B1,noun,Education and ideas,"Onderzoek vergt veel energie, maar het is de moeite waard.","Research requires a lot of energy, but it's worth the effort.","Definition adapted from Wiktionary contributors, CC BY-SA 4.0: https://en.wiktionary.org/wiki/moeite#Dutch. Example: Citrine (Dutch, https://tatoeba.org/en/sentences/show/1497205) and CK (English, https://tatoeba.org/en/sentences/show/1497183); CC BY 2.0 FR.",B1;production,de,moeiten,,,,,,,,,false
nagaan,"to check, to verify",B1,verb,Education and ideas,Het is altijd een goed idee om je bronnen na te gaan.,It's always a good idea to verify your sources.,"Definition adapted from Wiktionary contributors, CC BY-SA 4.0: https://en.wiktionary.org/wiki/nagaan#Dutch. Example from the same Wiktionary entry (CC BY-SA 4.0).",B1;production,,,,irregular,true,zijn,nagegaan,,,,false
studie,study,B1,noun,Education and ideas,Tom startte pas op zijn dertigste met een studie Frans.,Tom didn't start to study French until he was thirty.,"Definition adapted from Wiktionary contributors, CC BY-SA 4.0: https://en.wiktionary.org/wiki/studie#Dutch. Example: thomasb (Dutch, https://tatoeba.org/en/sentences/show/1308027) and CK (English, https://tatoeba.org/en/sentences/show/1026285); CC BY 2.0 FR.",B1;production,de,studies / studiën,studietje,,,,,,,,false
tekort,"shortage, deficit",B1,noun,Education and ideas,Er is een tekort aan leraren in het onderwijsveld.,There is a shortage of teachers in the education sector.,"Definition adapted from Wiktionary contributors, CC BY-SA 4.0: https://en.wiktionary.org/wiki/tekort#Dutch. Example: megamanenm (Dutch, https://tatoeba.org/en/sentences/show/10888744) and megamanenm (English, https://tatoeba.org/en/sentences/show/10888745); CC BY 2.0 FR.",B1;production,het,tekorten,tekortje,,,,,,,,false
tenslotte,"in the end, finally, in conclusion, after all",B1,adverb,Education and ideas,Hij heeft tenslotte niet voor niks in het buitenland gestudeerd.,"After all, he didn't study abroad for nothing.","Definition adapted from Wiktionary contributors, CC BY-SA 4.0: https://en.wiktionary.org/wiki/tenslotte#Dutch. Example: doemaar14 (Dutch, https://tatoeba.org/en/sentences/show/12326378) and sundown (English, https://tatoeba.org/en/sentences/show/12438857); CC BY 2.0 FR.",B1;production,,,,,,,,,,,false
term,"term; a word or phrase, especially one from a specialised area of knowledge",B1,noun,Education and ideas,"Ik vermijd de term 'AI', omdat ik die misleidend vind.","I avoid the term ""AI"" because I find it misleading.","Definition adapted from Wiktionary contributors, CC BY-SA 4.0: https://en.wiktionary.org/wiki/term#Dutch. Example: 12882 (Dutch, https://tatoeba.org/en/sentences/show/13976289) and rul (English, https://tatoeba.org/en/sentences/show/13972480); CC BY 2.0 FR.",B1;production,de,termen,termpje,,,,,,,,false
verdiepen,"to study more thoroughly, to devote oneself to",B1,verb,Education and ideas,Ik wil me in het christendom verdiepen.,I want to study Christianity.,"Often reflexive: use the appropriate reflexive pronoun for the intended meaning. Definition adapted from Wiktionary contributors, CC BY-SA 4.0: https://en.wiktionary.org/wiki/verdiepen#Dutch. Example: doemaar14 (Dutch, https://tatoeba.org/en/sentences/show/10295841) and doemaar14 (English, https://tatoeba.org/en/sentences/show/10295838); CC BY 2.0 FR.",B1;production,,,,regular,false,hebben,verdiept,,,,false
volk,"people, nation",B1,noun,Education and ideas,Een volk zonder kennis is een volk zonder kracht.,A people without knowledge is a people without strength.,"Definition adapted from Wiktionary contributors, CC BY-SA 4.0: https://en.wiktionary.org/wiki/volk#Dutch. Example: LinguisticFusion (Dutch, https://tatoeba.org/en/sentences/show/4933601) and AlanF_US (English, https://tatoeba.org/en/sentences/show/4933258); CC BY 2.0 FR.",B1;production,het,volken / volkeren,volkje,,,,,,,,false
voortaan,"henceforth, from now on",B1,adverb,Education and ideas,Laten we voortaan in de ochtend studeren.,"From now on, let's study in the morning.","Definition adapted from Wiktionary contributors, CC BY-SA 4.0: https://en.wiktionary.org/wiki/voortaan#Dutch. Example: lonepawn (Dutch, https://tatoeba.org/en/sentences/show/4570502) and CK (English, https://tatoeba.org/en/sentences/show/240080); CC BY 2.0 FR.",B1;production,,,,,,,,,,,false
aan de beurt zijn,to have one's turn,B1,expression,Everyday communication,Je bent na mij aan de beurt.,It is your turn after mine.,,B1;production,,,,,,,,,,,false
aan de slag gaan,to get to work,B1,expression,Everyday communication,Na de uitleg gaan we aan de slag.,After the explanation we get to work.,,B1;production,,,,,,,,,,,false
achter de rug hebben,to have finished; to have behind one,B1,expression,Everyday communication,We hebben het moeilijkste deel achter de rug.,We have finished the hardest part.,,B1;production,,,,,,,,,,,false
dat ligt eraan,that depends,B1,expression,Everyday communication,"Of ik meega, dat ligt eraan.",Whether I will come along depends.,,B1;production,,,,,,,,,,,false
de draad oppakken,to pick up where one left off,B1,expression,Everyday communication,Na de vakantie pak ik de draad weer op.,After the holiday I will pick up where I left off.,,B1;production,,,,,,,,,,,false
een afspraak nakomen,to keep an agreement,B1,expression,Everyday communication,Je moet je afspraken nakomen.,You need to keep your agreements.,,B1;production,,,,,,,,,,,false
een beslissing nemen,to make a decision,B1,expression,Everyday communication,We moeten vandaag een beslissing nemen.,We need to make a decision today.,,B1;production,,,,,,,,,,,false
een handje helpen,to lend a hand,B1,expression,Everyday communication,Kun je me een handje helpen?,Can you lend me a hand?,,B1;production,,,,,,,,,,,false
een rol spelen,to play a role,B1,expression,Everyday communication,De prijs speelt een belangrijke rol.,The price plays an important role.,,B1;production,,,,,,,,,,,false
ergens naar uitkijken,to look forward to something,B1,expression,Everyday communication,Ik kijk naar onze vakantie uit.,I am looking forward to our holiday.,,B1;production,,,,,,,,,,,false
ergens tegenop zien,to dread something,B1,expression,Everyday communication,Ik zie tegen het examen op.,I am dreading the exam.,,B1;production,,,,,,,,,,,false
erop aankomen,to depend on; to come down to,B1,expression,Everyday communication,Het komt erop aan dat we goed samenwerken.,What matters is that we work well together.,,B1;production,,,,,,,,,,,false
gebruikmaken van,to make use of,B1,expression,Everyday communication,Je mag gebruikmaken van mijn fiets.,You may use my bicycle.,,B1;production,,,,,,,,,,,false
iets laten weten,to let someone know,B1,expression,Everyday communication,Laat me weten of je kunt komen.,Let me know whether you can come.,,B1;production,,,,,,,,,,,false
in aanmerking komen,to qualify; to be eligible,B1,expression,Everyday communication,Kom ik voor deze korting in aanmerking?,Am I eligible for this discount?,,B1;production,,,,,,,,,,,false
in contact blijven,to stay in touch,B1,expression,Everyday communication,We blijven na de cursus in contact.,We will stay in touch after the course.,,B1;production,,,,,,,,,,,false
in de buurt van,near; in the vicinity of,B1,expression,Everyday communication,We wonen in de buurt van het station.,We live near the station.,,B1;production,,,,,,,,,,,false
in de gaten houden,to keep an eye on,B1,expression,Everyday communication,Kun je mijn tas even in de gaten houden?,Can you keep an eye on my bag for a moment?,,B1;production,,,,,,,,,,,false
in de loop van,in the course of,B1,expression,Everyday communication,Ik bel je in de loop van de middag.,I will call you during the afternoon.,,B1;production,,,,,,,,,,,false
het komt goed,it will be all right,B1,expression,Everyday communication,"Maak je geen zorgen, het komt goed.","Do not worry, it will be all right.",,B1;production,,,,,,,,,,,false
last hebben van,to be bothered by; to suffer from,B1,expression,Everyday communication,We hebben last van het lawaai.,We are bothered by the noise.,,B1;production,,,,,,,,,,,false
moeite doen,to make an effort,B1,expression,Everyday communication,Hij doet moeite om iedereen te begrijpen.,He makes an effort to understand everyone.,,B1;production,,,,,,,,,,,false
de moeite waard,worth the effort,B1,expression,Everyday communication,Deze tentoonstelling is de moeite waard.,This exhibition is worth visiting.,,B1;production,,,,,,,,,,,false
na verloop van tijd,over time,B1,expression,Everyday communication,Na verloop van tijd werd het makkelijker.,"Over time, it became easier.",,B1;production,,,,,,,,,,,false
het niet meer zien zitten,to feel unable to carry on,B1,expression,Everyday communication,Na al die problemen zag ik het niet meer zitten.,After all those problems I felt unable to carry on.,,B1;production,,,,,,,,,,,false
op de hoogte brengen,to inform,B1,expression,Everyday communication,We brengen je morgen op de hoogte.,We will inform you tomorrow.,,B1;production,,,,,,,,,,,false
op de hoogte zijn,to be aware; to be informed,B1,expression,Everyday communication,Ben je op de hoogte van de nieuwe regels?,Are you aware of the new rules?,,B1;production,,,,,,,,,,,false
op dit moment,at the moment,B1,expression,Everyday communication,Op dit moment is niemand beschikbaar.,Nobody is available at the moment.,,B1;production,,,,,,,,,,,false
op eigen benen staan,to stand on one's own feet,B1,expression,Everyday communication,Sinds kort staat ze op eigen benen.,She has recently become independent.,,B1;production,,,,,,,,,,,false
op korte termijn,in the short term; soon,B1,expression,Everyday communication,We zoeken op korte termijn een oplossing.,We are looking for a solution soon.,,B1;production,,,,,,,,,,,false
op lange termijn,in the long term,B1,expression,Everyday communication,Op lange termijn bespaart dit geld.,This saves money in the long term.,,B1;production,,,,,,,,,,,false
op zoek gaan naar,to start looking for,B1,expression,Everyday communication,We gaan op zoek naar een nieuwe woning.,We are going to look for a new home.,,B1;production,,,,,,,,,,,false
ter sprake komen,to come up in conversation,B1,expression,Everyday communication,Het probleem kwam tijdens de lunch ter sprake.,The problem came up during lunch.,,B1;production,,,,,,,,,,,false
de tijd nemen,to take one's time,B1,expression,Everyday communication,Neem de tijd om het contract te lezen.,Take your time to read the contract.,,B1;production,,,,,,,,,,,false
tot rust komen,to calm down; to unwind,B1,expression,Everyday communication,In het park kom ik tot rust.,I unwind in the park.,,B1;production,,,,,,,,,,,false
het valt mee,it is not as bad as expected,B1,expression,Everyday communication,De rekening valt gelukkig mee.,"Fortunately, the bill is not as high as expected.",,B1;production,,,,,,,,,,,false
het valt tegen,it is disappointing,B1,expression,Everyday communication,Het nieuwe restaurant valt tegen.,The new restaurant is disappointing.,,B1;production,,,,,,,,,,,false
van mening zijn,to be of the opinion,B1,expression,Everyday communication,Wij zijn van mening dat dit beter kan.,We believe this can be improved.,,B1;production,,,,,,,,,,,false
van plan zijn,to intend; to plan,B1,expression,Everyday communication,We zijn van plan om te verhuizen.,We are planning to move.,,B1;production,,,,,,,,,,,false
van tevoren,in advance,B1,expression,Everyday communication,Je moet van tevoren reserveren.,You need to book in advance.,,B1;production,,,,,,,,,,,false
voor de zekerheid,just in case,B1,expression,Everyday communication,Ik neem voor de zekerheid een paraplu mee.,I am taking an umbrella just in case.,,B1;production,,,,,,,,,,,false
voor elkaar krijgen,to manage; to get done,B1,expression,Everyday communication,Hoe heb je dat voor elkaar gekregen?,How did you manage that?,,B1;production,,,,,,,,,,,false
voor het eerst,for the first time,B1,expression,Everyday communication,Ik ga voor het eerst alleen op reis.,I am travelling alone for the first time.,,B1;production,,,,,,,,,,,false
wat mij betreft,as far as I am concerned,B1,expression,Everyday communication,Wat mij betreft kunnen we beginnen.,"As far as I am concerned, we can start.",,B1;production,,,,,,,,,,,false
zo nu en dan,now and then,B1,expression,Everyday communication,Zo nu en dan neem ik een dag vrij.,Now and then I take a day off.,,B1;production,,,,,,,,,,,false
dramatisch,"dramatic, pertaining to drama",B1,adjective,Health and feelings,De medische wetenschap heeft een dramatische vooruitgang geboekt.,Medical science has made a dramatic advance.,"Definition adapted from Wiktionary contributors, CC BY-SA 4.0: https://en.wiktionary.org/wiki/dramatisch#Dutch. Example: lonepawn (Dutch, https://tatoeba.org/en/sentences/show/4565037) and AlanF_US (English, https://tatoeba.org/en/sentences/show/28117); CC BY 2.0 FR.",B1;production,,,,,,,,dramatische,dramatischer,meest dramatisch,false
geestelijk,"mental, concerning the mind",B1,adjective,Health and feelings,Tom maakt zich zorgen om Mary’s lichamelijke en geestelijke gezondheid.,Tom is concerned about Mary's physical and mental health.,"Definition adapted from Wiktionary contributors, CC BY-SA 4.0: https://en.wiktionary.org/wiki/geestelijk#Dutch. Example: Elsofie (Dutch, https://tatoeba.org/en/sentences/show/8534035) and Hybrid (English, https://tatoeba.org/en/sentences/show/8534032); CC BY 2.0 FR.",B1;production,,,,,,,,geestelijke,geestelijker,geestelijkst,false
specialist,specialist,B1,noun,Health and feelings,Je moet eerst naar je huisarts voordat je naar een specialist gaat.,You have to see your primary health care provider before seeing a specialist.,"Definition adapted from Wiktionary contributors, CC BY-SA 4.0: https://en.wiktionary.org/wiki/specialist#Dutch. Example: Nylez (Dutch, https://tatoeba.org/en/sentences/show/9088685) and mccarras (English, https://tatoeba.org/en/sentences/show/8983340); CC BY 2.0 FR.",B1;production,de,specialisten,specialistje,,,,,,,,false
verkoop,sale,B1,noun,Health and feelings,"Als de verkoop van organen wordt gelegaliseerd, kunnen er mogelijke gezondheidsproblemen ontstaan.","If the sale of organs is legalised, potential health problems may arise.","Definition adapted from Wiktionary contributors, CC BY-SA 4.0: https://en.wiktionary.org/wiki/verkoop#Dutch. Example: MarijnKp (Dutch, https://tatoeba.org/en/sentences/show/9947763) and alphafour (English, https://tatoeba.org/en/sentences/show/1022231); CC BY 2.0 FR.",B1;production,de,verkopen,,,,,,,,,false
verlies,"loss, defeat",B1,noun,Health and feelings,Met de jaren wordt de pijn van het verlies minder.,"Over the years, the pain of loss will become less.","Definition adapted from Wiktionary contributors, CC BY-SA 4.0: https://en.wiktionary.org/wiki/verlies#Dutch. Example: Nylez (Dutch, https://tatoeba.org/en/sentences/show/9257085) and carlosalberto (English, https://tatoeba.org/en/sentences/show/8909118); CC BY 2.0 FR.",B1;production,het,verliezen,verliesje,,,,,,,,false
vrezen,to fear,B1,verb,Health and feelings,"Het is wreder de dood te vrezen, dan te sterven.",It is more cruel to fear death than to die.,"Definition adapted from Wiktionary contributors, CC BY-SA 4.0: https://en.wiktionary.org/wiki/vrezen#Dutch. Example: Mandalay (Dutch, https://tatoeba.org/en/sentences/show/6135346) and Mandalay (English, https://tatoeba.org/en/sentences/show/6135330); CC BY 2.0 FR.",B1;production,,,,regular,false,hebben,gevreesd,,,,false
wreed,"cruel, callous",B1,adjective,Health and feelings,"Het is wreder de dood te vrezen, dan te sterven.",It is more cruel to fear death than to die.,"Definition adapted from Wiktionary contributors, CC BY-SA 4.0: https://en.wiktionary.org/wiki/wreed#Dutch. Example: Mandalay (Dutch, https://tatoeba.org/en/sentences/show/6135346) and Mandalay (English, https://tatoeba.org/en/sentences/show/6135330); CC BY 2.0 FR.",B1;production,,,,,,,,wrede,wreder,wreedst,false
ziekte,"illness, disease",B1,noun,Health and feelings,Ben je niet bang voor een wereldwijde ziekte zoals corona?,Aren't you afraid of a global disease like covid?,"Definition adapted from Wiktionary contributors, CC BY-SA 4.0: https://en.wiktionary.org/wiki/ziekte#Dutch. Example: Tom9358 (Dutch, https://tatoeba.org/en/sentences/show/13659390) and Tom9358 (English, https://tatoeba.org/en/sentences/show/13659393); CC BY 2.0 FR.",B1;production,de,ziekten / ziektes,ziektetje,,,,,,,,false
achterna,"after, behind, following",B1,adverb,Linking and qualifying ideas,"Als vliegen achter vliegen vliegen, vliegen vliegen vliegen achterna.","If flies are flying after flies, then flies are flying after flies.","Definition adapted from Wiktionary contributors, CC BY-SA 4.0: https://en.wiktionary.org/wiki/achterna#Dutch. Example: martinod (Dutch, https://tatoeba.org/en/sentences/show/726971) and megamanenm (English, https://tatoeba.org/en/sentences/show/9752570); CC BY 2.0 FR.",B1;production,,,,,,,,,,,false
allereerst,"in the first place, firstly",B1,adverb,Linking and qualifying ideas,Allereerst wil ik u bedanken voor de gastvrijheid.,"First of all, I would like to thank you for your hospitality.","Definition adapted from Wiktionary contributors, CC BY-SA 4.0: https://en.wiktionary.org/wiki/allereerst#Dutch. Example: Dorenda (Dutch, https://tatoeba.org/en/sentences/show/409128) and Dorenda (English, https://tatoeba.org/en/sentences/show/408086); CC BY 2.0 FR.",B1;production,,,,,,,,,,,false
althans,"at least, anyway, at any rate",B1,adverb,Linking and qualifying ideas,"Dit zou geen probleem moeten zijn - althans, dat hoop ik.","This shouldn't be an issue - that's what I hope, at any rate.","Definition adapted from Wiktionary contributors, CC BY-SA 4.0: https://en.wiktionary.org/wiki/althans#Dutch. Example from the same Wiktionary entry (CC BY-SA 4.0).",B1;production,,,,,,,,,,,false
alvast,in advance,B1,adverb,Linking and qualifying ideas,Alvast bedankt voor uw samenwerking.,Thank you in advance for your cooperation.,"Definition adapted from Wiktionary contributors, CC BY-SA 4.0: https://en.wiktionary.org/wiki/alvast#Dutch. Example: Akradna (Dutch, https://tatoeba.org/en/sentences/show/1621676) and CK (English, https://tatoeba.org/en/sentences/show/54483); CC BY 2.0 FR.",B1;production,,,,,,,,,,,false
alweer,"already, already again",B1,adverb,Linking and qualifying ideas,Ik ben alweer op zoek naar mijn bril.,I am already searching for my glasses again.,"Definition adapted from Wiktionary contributors, CC BY-SA 4.0: https://en.wiktionary.org/wiki/alweer#Dutch. Example: Micsmithel (Dutch, https://tatoeba.org/en/sentences/show/7016171) and timoteojohano (English, https://tatoeba.org/en/sentences/show/7015465); CC BY 2.0 FR.",B1;production,,,,,,,,,,,false
amper,"scarcely, barely",B1,adverb,Linking and qualifying ideas,Sami had plaaggeesten die hij amper kon verbergen.,Sami had demons he could barely contain.,"Definition adapted from Wiktionary contributors, CC BY-SA 4.0: https://en.wiktionary.org/wiki/amper#Dutch. Example: Micsmithel (Dutch, https://tatoeba.org/en/sentences/show/6574874) and OsoHombre (English, https://tatoeba.org/en/sentences/show/6312024); CC BY 2.0 FR.",B1;production,,,,,,,,,,,false
andersom,other way around,B1,adverb,Linking and qualifying ideas,Ze zei dat haar man haar sloeg maar eigenlijk was het andersom.,"She said that her husband hit her, but in fact it was the other way around.","Definition adapted from Wiktionary contributors, CC BY-SA 4.0: https://en.wiktionary.org/wiki/andersom#Dutch. Example: Vulgaris (Dutch, https://tatoeba.org/en/sentences/show/847948) and CM (English, https://tatoeba.org/en/sentences/show/318712); CC BY 2.0 FR.",B1;production,,,,,,,,,,,false
anderzijds,on the other hand,B1,adverb,Linking and qualifying ideas,"Hij kent geen enkel woord Frans, maar anderzijds kan hij wel Engels spreken alsof hij ermee opgegroeid is.","He doesn't speak a single word of French, but on the other hand, he speaks English like he was born into it.","Definition adapted from Wiktionary contributors, CC BY-SA 4.0: https://en.wiktionary.org/wiki/anderzijds#Dutch. Example: javyoze (Dutch, https://tatoeba.org/en/sentences/show/462266) and jeanne (English, https://tatoeba.org/en/sentences/show/460292); CC BY 2.0 FR.",B1;production,,,,,,,,,,,false
blijkbaar,apparently,B1,adverb,Linking and qualifying ideas,We hebben hem erover verteld; blijkbaar is hij het vergeten.,We told him about it; apparently he has forgotten.,"Definition adapted from Wiktionary contributors, CC BY-SA 4.0: https://en.wiktionary.org/wiki/blijkbaar#Dutch. Example: megamanenm (Dutch, https://tatoeba.org/en/sentences/show/12120704) and sundown (English, https://tatoeba.org/en/sentences/show/6207970); CC BY 2.0 FR.",B1;production,,,,,,,,,,,false
bovendien,"moreover, furthermore",B1,adverb,Linking and qualifying ideas,"Bekeken van de zijkant, steken de tanden bovendien naar voren.","Moreover, when viewed from the side, the front teeth are protruding.","Definition adapted from Wiktionary contributors, CC BY-SA 4.0: https://en.wiktionary.org/wiki/bovendien#Dutch. Example: javyoze (Dutch, https://tatoeba.org/en/sentences/show/461017) and fcbond (English, https://tatoeba.org/en/sentences/show/329386); CC BY 2.0 FR.",B1;production,,,,,,,,,,,false
daadwerkelijk,"effectively, actually",B1,adverb,Linking and qualifying ideas,Deze woordenschattest overschat vaak hoeveel woorden de studenten daadwerkelijk kennen.,This vocabulary test frequently overestimates how many words the students actually know.,"Definition adapted from Wiktionary contributors, CC BY-SA 4.0: https://en.wiktionary.org/wiki/daadwerkelijk#Dutch. Example: megamanenm (Dutch, https://tatoeba.org/en/sentences/show/10186548) and megamanenm (English, https://tatoeba.org/en/sentences/show/10186546); CC BY 2.0 FR.",B1;production,,,,,,,,,,,false
dadelijk,"presently, very soon, at once",B1,adverb,Linking and qualifying ideas,"Als je niet uitkijkt, lig je dadelijk nog in het water.","If you don't watch out, you'll soon fall in the water.","Definition adapted from Wiktionary contributors, CC BY-SA 4.0: https://en.wiktionary.org/wiki/dadelijk#Dutch. Example: Dorenda (Dutch, https://tatoeba.org/en/sentences/show/402737) and Dorenda (English, https://tatoeba.org/en/sentences/show/402738); CC BY 2.0 FR.",B1;production,,,,,,,,,,,false
desondanks,"this notwithstanding, in spite of this, nevertheless",B1,adverb,Linking and qualifying ideas,"Ik was erg moe, maar ik kon desondanks niet slapen.","I was very tired, but I was nevertheless unable to sleep.","Definition adapted from Wiktionary contributors, CC BY-SA 4.0: https://en.wiktionary.org/wiki/desondanks#Dutch. Example: Micsmithel (Dutch, https://tatoeba.org/en/sentences/show/6706802) and CM (English, https://tatoeba.org/en/sentences/show/261396); CC BY 2.0 FR.",B1;production,,,,,,,,,,,false
ditmaal,this time,B1,adverb,Linking and qualifying ideas,Ik weet niet of we Tom ditmaal kunnen helpen.,I don't know if we can help Tom this time.,"Definition adapted from Wiktionary contributors, CC BY-SA 4.0: https://en.wiktionary.org/wiki/ditmaal#Dutch. Example: Elsofie (Dutch, https://tatoeba.org/en/sentences/show/8572026) and CK (English, https://tatoeba.org/en/sentences/show/3240525); CC BY 2.0 FR.",B1;production,,,,,,,,,,,false
doorgaans,generally,B1,adverb,Linking and qualifying ideas,We staan doorgaans welwillend tegenover dit soort verzoeken.,We are generally amenable to requests of this kind.,"Definition adapted from Wiktionary contributors, CC BY-SA 4.0: https://en.wiktionary.org/wiki/doorgaans#Dutch. Example: doemaar14 (Dutch, https://tatoeba.org/en/sentences/show/11173227) and sundown (English, https://tatoeba.org/en/sentences/show/10763056); CC BY 2.0 FR.",B1;production,,,,,,,,,,,false
echter,however,B1,adverb,Linking and qualifying ideas,"De ouders van de leerlingen, echter, lijken bezorgd.","The students' parents, however, seem worried.","Definition adapted from Wiktionary contributors, CC BY-SA 4.0: https://en.wiktionary.org/wiki/echter#Dutch. Example: Nylez (Dutch, https://tatoeba.org/en/sentences/show/9630025) and DJ_Saidez (English, https://tatoeba.org/en/sentences/show/13469805); CC BY 2.0 FR.",B1;production,,,,,,,,,,,false
eenmaal,once,B1,adverb,Linking and qualifying ideas,"Als je eenmaal over de rivier bent, ben je veilig.","Once you cross the river, you'll be safe.","Definition adapted from Wiktionary contributors, CC BY-SA 4.0: https://en.wiktionary.org/wiki/eenmaal#Dutch. Example: Raizin (Dutch, https://tatoeba.org/en/sentences/show/5978752) and CK (English, https://tatoeba.org/en/sentences/show/1419075); CC BY 2.0 FR.",B1;production,,,,,,,,,,,false
eindelijk,"at last, finally",B1,adverb,Linking and qualifying ideas,Tom heeft eindelijk de sleutel gevonden die hij kwijt was.,Tom has at last found the key he had lost.,"Definition adapted from Wiktionary contributors, CC BY-SA 4.0: https://en.wiktionary.org/wiki/eindelijk#Dutch. Example: doemaar14 (Dutch, https://tatoeba.org/en/sentences/show/11074228) and sundown (English, https://tatoeba.org/en/sentences/show/10767023); CC BY 2.0 FR.",B1;production,,,,,,,,,,,false
elders,elsewhere,B1,adverb,Linking and qualifying ideas,Hij is met zijn gedachten elders.,His thoughts are elsewhere.,"Definition adapted from Wiktionary contributors, CC BY-SA 4.0: https://en.wiktionary.org/wiki/elders#Dutch. Example: martinod (Dutch, https://tatoeba.org/en/sentences/show/827473) and sundown (English, https://tatoeba.org/en/sentences/show/8920189); CC BY 2.0 FR.",B1;production,,,,,,,,,,,false
enigszins,somewhat; to some degree; rather; slightly,B1,adverb,Linking and qualifying ideas,Xi Jinping lijkt enigszins op Winnie de Poeh.,Xi Jinping is somewhat similar to Winnie the Pooh.,"Definition adapted from Wiktionary contributors, CC BY-SA 4.0: https://en.wiktionary.org/wiki/enigszins#Dutch. Example: MarijnKp (Dutch, https://tatoeba.org/en/sentences/show/9059275) and Teashrock (English, https://tatoeba.org/en/sentences/show/9059257); CC BY 2.0 FR.",B1;production,,,,,,,,,,,false
eveneens,also,B1,adverb,Linking and qualifying ideas,Deze beroemde actrice was eveneens een mode-icoon.,This famous actress was also a fashion icon.,"Definition adapted from Wiktionary contributors, CC BY-SA 4.0: https://en.wiktionary.org/wiki/eveneens#Dutch. Example: Mandalay (Dutch, https://tatoeba.org/en/sentences/show/6112304) and Hybrid (English, https://tatoeba.org/en/sentences/show/4239449); CC BY 2.0 FR.",B1;production,,,,,,,,,,,false
geregeld,regularly,B1,adverb,Linking and qualifying ideas,Ik heb besloten geregeld artikels in het Engels te schrijven.,I've decided to regularly write articles in English.,"Definition adapted from Wiktionary contributors, CC BY-SA 4.0: https://en.wiktionary.org/wiki/geregeld#Dutch. Example: PaulP (Dutch, https://tatoeba.org/en/sentences/show/4305918) and megamanenm (English, https://tatoeba.org/en/sentences/show/9131435); CC BY 2.0 FR.",B1;production,,,,,,,,,,,false
gewoonlijk,"usually, normally",B1,adverb,Linking and qualifying ideas,Dit werkwoord wordt gewoonlijk alleen gebruikt in de derde persoon.,This verb is normally used only in the third person.,"Definition adapted from Wiktionary contributors, CC BY-SA 4.0: https://en.wiktionary.org/wiki/gewoonlijk#Dutch. Example: megamanenm (Dutch, https://tatoeba.org/en/sentences/show/375913) and megamanenm (English, https://tatoeba.org/en/sentences/show/375912); CC BY 2.0 FR.",B1;production,,,,,,,,,,,false
grotendeels,for the most part,B1,adverb,Linking and qualifying ideas,De studenten waren grotendeels tevreden met de nieuwe docent.,The students were for the most part satisfied with the new teacher.,"Definition adapted from Wiktionary contributors, CC BY-SA 4.0: https://en.wiktionary.org/wiki/grotendeels#Dutch. Example from the same Wiktionary entry (CC BY-SA 4.0).",B1;production,,,,,,,,,,,false
halverwege,halfway through,B1,adverb,Linking and qualifying ideas,Ik ging halverwege de film weg.,I left halfway through the film.,"Definition adapted from Wiktionary contributors, CC BY-SA 4.0: https://en.wiktionary.org/wiki/halverwege#Dutch. Example: Elsofie (Dutch, https://tatoeba.org/en/sentences/show/8015248) and sundown (English, https://tatoeba.org/en/sentences/show/12037580); CC BY 2.0 FR.",B1;production,,,,,,,,,,,false
herhaaldelijk,repeatedly,B1,adverb,Linking and qualifying ideas,De ontevredenen protesteerden deze lente herhaaldelijk op straat.,The malcontents repeatedly protested in the streets this Spring.,"Definition adapted from Wiktionary contributors, CC BY-SA 4.0: https://en.wiktionary.org/wiki/herhaaldelijk#Dutch. Example: PaulP (Dutch, https://tatoeba.org/en/sentences/show/6092768) and shekitten (English, https://tatoeba.org/en/sentences/show/6092993); CC BY 2.0 FR.",B1;production,,,,,,,,,,,false
hoofdzakelijk,mainly,B1,adverb,Linking and qualifying ideas,Een jakhals eet hoofdzakelijk vlees van kadavers.,A jackal mainly eats meat from carcasses.,"Definition adapted from Wiktionary contributors, CC BY-SA 4.0: https://en.wiktionary.org/wiki/hoofdzakelijk#Dutch. Example: martinod (Dutch, https://tatoeba.org/en/sentences/show/819006) and tatoebashrek (English, https://tatoeba.org/en/sentences/show/12182961); CC BY 2.0 FR.",B1;production,,,,,,,,,,,false
immers,"Indicates that an explanation is being given for an earlier statement.; indeed, after all",B1,adverb,Linking and qualifying ideas,"Jou kun je niks schenken, jij hebt immers al alles.","You can't be given anything, you already have everything after all.","Definition adapted from Wiktionary contributors, CC BY-SA 4.0: https://en.wiktionary.org/wiki/immers#Dutch. Example: Tom9358 (Dutch, https://tatoeba.org/en/sentences/show/13006522) and Tom9358 (English, https://tatoeba.org/en/sentences/show/13006530); CC BY 2.0 FR.",B1;production,,,,,,,,,,,false
ineens,suddenly,B1,adverb,Linking and qualifying ideas,"Je hebt me geblokkeerd op Facebook, en nu verdwijn je ineens.","You've blocked me on Facebook, and now you suddenly disappear.","Definition adapted from Wiktionary contributors, CC BY-SA 4.0: https://en.wiktionary.org/wiki/ineens#Dutch. Example: Dorenda (Dutch, https://tatoeba.org/en/sentences/show/4640620) and LinguisticFusion (English, https://tatoeba.org/en/sentences/show/4645526); CC BY 2.0 FR.",B1;production,,,,,,,,,,,false
integendeel,on the contrary,B1,adverb,Linking and qualifying ideas,"Maria is niet arm; integendeel, ze is behoorlijk rijk.","Mary is not poor. On the contrary, she is quite rich.","Definition adapted from Wiktionary contributors, CC BY-SA 4.0: https://en.wiktionary.org/wiki/integendeel#Dutch. Example: PaulP (Dutch, https://tatoeba.org/en/sentences/show/13291728) and CK (English, https://tatoeba.org/en/sentences/show/31883); CC BY 2.0 FR.",B1;production,,,,,,,,,,,false
kennelijk,apparently,B1,adverb,Linking and qualifying ideas,Kennelijk is de meest gebruikte pinautomaat van Nederland in deze stad.,Apparently the most used ATM in the Netherlands is in this town.,"Definition adapted from Wiktionary contributors, CC BY-SA 4.0: https://en.wiktionary.org/wiki/kennelijk#Dutch. Example: Globetrotter (Dutch, https://tatoeba.org/en/sentences/show/1532652) and shekitten (English, https://tatoeba.org/en/sentences/show/1168186); CC BY 2.0 FR.",B1;production,,,,,,,,,,,false
letterlijk,literally,B1,adverb,Linking and qualifying ideas,Ik vrees dat je te letterlijk hebt vertaald.,I'm afraid you translated too literally.,"Definition adapted from Wiktionary contributors, CC BY-SA 4.0: https://en.wiktionary.org/wiki/letterlijk#Dutch. Example: megamanenm (Dutch, https://tatoeba.org/en/sentences/show/12047080) and megamanenm (English, https://tatoeba.org/en/sentences/show/12047082); CC BY 2.0 FR.",B1;production,,,,,,,,,,,false
namelijk,Used to indicate that a statement explains an earlier one,B1,adverb,Linking and qualifying ideas,Franske is eten gaan kopen. Ik had dat namelijk gevraagd.,Franske went to buy food because I asked him to.,"Definition adapted from Wiktionary contributors, CC BY-SA 4.0: https://en.wiktionary.org/wiki/namelijk#Dutch. Example from the same Wiktionary entry (CC BY-SA 4.0).",B1;production,,,,,,,,,,,false
netto,net,B1,adverb,Linking and qualifying ideas,Hij verdient netto wat Jan Modaal bruto verdient.,He earns net what Joe Average earns gross.,"Definition adapted from Wiktionary contributors, CC BY-SA 4.0: https://en.wiktionary.org/wiki/netto#Dutch. Example from the same Wiktionary entry (CC BY-SA 4.0).",B1;production,,,,,,,,,,,false
nogal,"rather, quite",B1,adverb,Linking and qualifying ideas,Een taart in gelijke stukken snijden is nogal moeilijk.,Cutting a cake into equal pieces is rather difficult.,"Definition adapted from Wiktionary contributors, CC BY-SA 4.0: https://en.wiktionary.org/wiki/nogal#Dutch. Example: anders (Dutch, https://tatoeba.org/en/sentences/show/2824634) and CM (English, https://tatoeba.org/en/sentences/show/976009); CC BY 2.0 FR.",B1;production,,,,,,,,,,,false
nogmaals,once again,B1,adverb,Linking and qualifying ideas,Ik zou alles geven om haar listige glimlach nogmaals te zien.,I'd give everything to see her mischievous smile again.,"Definition adapted from Wiktionary contributors, CC BY-SA 4.0: https://en.wiktionary.org/wiki/nogmaals#Dutch. Example: Micsmithel (Dutch, https://tatoeba.org/en/sentences/show/6766426) and kaiperkins271 (English, https://tatoeba.org/en/sentences/show/6900403); CC BY 2.0 FR.",B1;production,,,,,,,,,,,false
onderuit,losing support,B1,adverb,Linking and qualifying ideas,Op het gladde ijs kun je makkelijk onderuit gaan.,On the slippery ice you can easily slip and fall. (literally: go from underneath),"Definition adapted from Wiktionary contributors, CC BY-SA 4.0: https://en.wiktionary.org/wiki/onderuit#Dutch. Example from the same Wiktionary entry (CC BY-SA 4.0).",B1;production,,,,,,,,,,,false
onlangs,recently,B1,adverb,Linking and qualifying ideas,Sami en Layla zijn onlangs verhuisd naar hun nieuwe huis.,Sami and Layla have recently moved to their new house.,"Definition adapted from Wiktionary contributors, CC BY-SA 4.0: https://en.wiktionary.org/wiki/onlangs#Dutch. Example: Micsmithel (Dutch, https://tatoeba.org/en/sentences/show/9267588) and SunnyMoon (English, https://tatoeba.org/en/sentences/show/11171525); CC BY 2.0 FR.",B1;production,,,,,,,,,,,false
onmiddellijk,"immediately, instantly",B1,adverb,Linking and qualifying ideas,Elke poging tot verzoening werd onmiddellijk in de kiem gesmoord.,Any attempt at reconciliation was immediately nipped in the bud.,"Definition adapted from Wiktionary contributors, CC BY-SA 4.0: https://en.wiktionary.org/wiki/onmiddellijk#Dutch. Example: LaraCroft (Dutch, https://tatoeba.org/en/sentences/show/3010028) and tatoebashrek (English, https://tatoeba.org/en/sentences/show/12295575); CC BY 2.0 FR.",B1;production,,,,,,,,,,,false
opeens,"suddenly, all of a sudden",B1,adverb,Linking and qualifying ideas,Waarom is het opeens zo stil?,Why is it so quiet all of a sudden?,"Definition adapted from Wiktionary contributors, CC BY-SA 4.0: https://en.wiktionary.org/wiki/opeens#Dutch. Example: doemaar14 (Dutch, https://tatoeba.org/en/sentences/show/8462341) and CK (English, https://tatoeba.org/en/sentences/show/7545206); CC BY 2.0 FR.",B1;production,,,,,,,,,,,false
openlijk,openly,B1,adverb,Linking and qualifying ideas,Hij bekende openlijk zijn fouten.,He openly confessed his faults.,"Definition adapted from Wiktionary contributors, CC BY-SA 4.0: https://en.wiktionary.org/wiki/openlijk#Dutch. Example: vvv123 (Dutch, https://tatoeba.org/en/sentences/show/11554356) and CM (English, https://tatoeba.org/en/sentences/show/284999); CC BY 2.0 FR.",B1;production,,,,,,,,,,,false
opzettelijk,"deliberately, intentionally",B1,adverb,Linking and qualifying ideas,Hij negeerde me opzettelijk toen ik hem op straat tegenkwam.,He deliberately ignored me when I passed him in the street.,"Definition adapted from Wiktionary contributors, CC BY-SA 4.0: https://en.wiktionary.org/wiki/opzettelijk#Dutch. Example: LaraCroft (Dutch, https://tatoeba.org/en/sentences/show/709650) and CK (English, https://tatoeba.org/en/sentences/show/278330); CC BY 2.0 FR.",B1;production,,,,,,,,,,,false
opzij,"aside, to the side",B1,adverb,Linking and qualifying ideas,Tom deed een stap opzij zodat Mary naar binnen kon.,Tom stood aside for Mary to enter.,"Definition adapted from Wiktionary contributors, CC BY-SA 4.0: https://en.wiktionary.org/wiki/opzij#Dutch. Example: doemaar14 (Dutch, https://tatoeba.org/en/sentences/show/12739202) and CM (English, https://tatoeba.org/en/sentences/show/7131567); CC BY 2.0 FR.",B1;production,,,,,,,,,,,false
overdag,"by day, during daytime, in the daytime",B1,adverb,Linking and qualifying ideas,Hamsters zijn nachtdieren en slapen het liefst overdag.,Hamsters are nocturnal animals and prefer sleeping during the day.,"Definition adapted from Wiktionary contributors, CC BY-SA 4.0: https://en.wiktionary.org/wiki/overdag#Dutch. Example: Adelpa (Dutch, https://tatoeba.org/en/sentences/show/12203829) and Miktsoanit (English, https://tatoeba.org/en/sentences/show/12204722); CC BY 2.0 FR.",B1;production,,,,,,,,,,,false
overeind,standing,B1,adverb,Linking and qualifying ideas,Het gebouw staat overeind.,The building is still standing.,"Definition adapted from Wiktionary contributors, CC BY-SA 4.0: https://en.wiktionary.org/wiki/overeind#Dutch. Example from the same Wiktionary entry (CC BY-SA 4.0).",B1;production,,,,,,,,,,,false
plotseling,suddenly,B1,adverb,Linking and qualifying ideas,Plotseling wist hij wat hij al die tijd vergeten was.,Suddenly it came to him what he had forgotten all this time.,"Definition adapted from Wiktionary contributors, CC BY-SA 4.0: https://en.wiktionary.org/wiki/plotseling#Dutch. Example: Elsofie (Dutch, https://tatoeba.org/en/sentences/show/8083716) and sundown (English, https://tatoeba.org/en/sentences/show/10187513); CC BY 2.0 FR.",B1;production,,,,,,,,,,,false
recentelijk,recently,B1,adverb,Linking and qualifying ideas,Heb je recentelijk je profiel afbeelding veranderd?,Have you changed your profile picture recently?,"Definition adapted from Wiktionary contributors, CC BY-SA 4.0: https://en.wiktionary.org/wiki/recentelijk#Dutch. Example: pcmill (Dutch, https://tatoeba.org/en/sentences/show/7047394) and CK (English, https://tatoeba.org/en/sentences/show/7046345); CC BY 2.0 FR.",B1;production,,,,,,,,,,,false
rechtstreeks,directly,B1,adverb,Linking and qualifying ideas,Donkere materie kan niet rechtstreeks gezien worden.,Dark matter cannot be seen directly.,"Definition adapted from Wiktionary contributors, CC BY-SA 4.0: https://en.wiktionary.org/wiki/rechtstreeks#Dutch. Example: Raizin (Dutch, https://tatoeba.org/en/sentences/show/4538106) and Hybrid (English, https://tatoeba.org/en/sentences/show/4538100); CC BY 2.0 FR.",B1;production,,,,,,,,,,,false
simpelweg,simply,B1,adverb,Linking and qualifying ideas,Deze video gaat simpelweg over de Tweede Wereldoorlog in Europa.,This video is simply about the Second World War in Europe.,"Definition adapted from Wiktionary contributors, CC BY-SA 4.0: https://en.wiktionary.org/wiki/simpelweg#Dutch. Example: MarijnKp (Dutch, https://tatoeba.org/en/sentences/show/9779841) and rayshih715 (English, https://tatoeba.org/en/sentences/show/6146260); CC BY 2.0 FR.",B1;production,,,,,,,,,,,false
sowieso,"anyhow, in any case, anyway",B1,adverb,Linking and qualifying ideas,Je hebt sowieso een baan nodig.,You need a job anyway.,"Definition adapted from Wiktionary contributors, CC BY-SA 4.0: https://en.wiktionary.org/wiki/sowieso#Dutch. Example: Nylez (Dutch, https://tatoeba.org/en/sentences/show/9025606) and mccarras (English, https://tatoeba.org/en/sentences/show/9023306); CC BY 2.0 FR.",B1;production,,,,,,,,,,,false
spoedig,soon,B1,adverb,Linking and qualifying ideas,"De heer Johnson, voorzitter van de club, zal spoedig komen.","Mr Johnson, president of the club, will soon come.","Definition adapted from Wiktionary contributors, CC BY-SA 4.0: https://en.wiktionary.org/wiki/spoedig#Dutch. Example: PaulP (Dutch, https://tatoeba.org/en/sentences/show/3645189) and Luornu (English, https://tatoeba.org/en/sentences/show/62882); CC BY 2.0 FR.",B1;production,,,,,,,,,,,false
stiekem,"secretly, sneakily",B1,adverb,Linking and qualifying ideas,Fadil bekeerde zich stiekem tot de islam.,Fadil secretly converted to Islam.,"Definition adapted from Wiktionary contributors, CC BY-SA 4.0: https://en.wiktionary.org/wiki/stiekem#Dutch. Example: MarijnKp (Dutch, https://tatoeba.org/en/sentences/show/7318141) and OsoHombre (English, https://tatoeba.org/en/sentences/show/5886693); CC BY 2.0 FR.",B1;production,,,,,,,,,,,false
tegelijk,"simultaneously, at the same time",B1,adverb,Linking and qualifying ideas,Kan je een christen zijn en tegelijk het homohuwelijk ondersteunen?,Can you be a Christian and support gay marriage at the same time?,"Definition adapted from Wiktionary contributors, CC BY-SA 4.0: https://en.wiktionary.org/wiki/tegelijk#Dutch. Example: MarijnKp (Dutch, https://tatoeba.org/en/sentences/show/7916282) and Hybrid (English, https://tatoeba.org/en/sentences/show/2941059); CC BY 2.0 FR.",B1;production,,,,,,,,,,,false
tegelijkertijd,"simultaneously, at the same time",B1,adverb,Linking and qualifying ideas,Het is gevaarlijk om te bellen en tegelijkertijd te rijden.,It's dangerous to talk on the phone and drive at the same time.,"Definition adapted from Wiktionary contributors, CC BY-SA 4.0: https://en.wiktionary.org/wiki/tegelijkertijd#Dutch. Example: MarijnKp (Dutch, https://tatoeba.org/en/sentences/show/8627698) and CM (English, https://tatoeba.org/en/sentences/show/580783); CC BY 2.0 FR.",B1;production,,,,,,,,,,,false
tenminste,at least,B1,adverb,Linking and qualifying ideas,Tom zal dat doen. Tenminste is dat wat ik hoop.,Tom will do that. At least that's what I hope.,"Definition adapted from Wiktionary contributors, CC BY-SA 4.0: https://en.wiktionary.org/wiki/tenminste#Dutch. Example: SunnyMoon (Dutch, https://tatoeba.org/en/sentences/show/11211094) and CK (English, https://tatoeba.org/en/sentences/show/10144673); CC BY 2.0 FR.",B1;production,,,,,,,,,,,false
terecht,"rightly, justifiedly, for a good reason",B1,adverb,Linking and qualifying ideas,Hij beklaagt zich terecht.,He complains with good reason.,"Definition adapted from Wiktionary contributors, CC BY-SA 4.0: https://en.wiktionary.org/wiki/terecht#Dutch. Example: doemaar14 (Dutch, https://tatoeba.org/en/sentences/show/13667006) and Dejo (English, https://tatoeba.org/en/sentences/show/284145); CC BY 2.0 FR.",B1;production,,,,,,,,,,,false
trouwens,besides; by the way,B1,adverb,Linking and qualifying ideas,Ik wil niet langer blijven. Ik moet trouwens om tien uur thuis zijn.,"I don't want to stay any longer. Besides, I have to be home at ten.","Definition adapted from Wiktionary contributors, CC BY-SA 4.0: https://en.wiktionary.org/wiki/trouwens#Dutch. Example: kiryopi (Dutch, https://tatoeba.org/en/sentences/show/12802511) and kiryopi (English, https://tatoeba.org/en/sentences/show/12802512); CC BY 2.0 FR.",B1;production,,,,,,,,,,,false
uiteraard,of course,B1,adverb,Linking and qualifying ideas,Het is uiteraard niet de bedoeling dat je in je schoolboek schrijft.,"Of course, you are not supposed to write in your textbook.","Definition adapted from Wiktionary contributors, CC BY-SA 4.0: https://en.wiktionary.org/wiki/uiteraard#Dutch. Example: Sophizzle (Dutch, https://tatoeba.org/en/sentences/show/6387949) and Micsmithel (English, https://tatoeba.org/en/sentences/show/6535155); CC BY 2.0 FR.",B1;production,,,,,,,,,,,false
vandaan,"from, away",B1,adverb,Linking and qualifying ideas,Ik wil een boot die me hier ver vandaan brengt.,I want a boat that will take me far away from here.,"Definition adapted from Wiktionary contributors, CC BY-SA 4.0: https://en.wiktionary.org/wiki/vandaan#Dutch. Example: kredability (Dutch, https://tatoeba.org/en/sentences/show/3615759) and Zifre (English, https://tatoeba.org/en/sentences/show/1526); CC BY 2.0 FR.",B1;production,,,,,,,,,,,false
vermoedelijk,presumably,B1,adverb,Linking and qualifying ideas,De baby heeft vermoedelijk de speen ingeslikt.,The baby has presumably swallowed the pacifier.,"Definition adapted from Wiktionary contributors, CC BY-SA 4.0: https://en.wiktionary.org/wiki/vermoedelijk#Dutch. Example: MarijnKp (Dutch, https://tatoeba.org/en/sentences/show/7769363) and Lepotdeterre (English, https://tatoeba.org/en/sentences/show/4400846); CC BY 2.0 FR.",B1;production,,,,,,,,,,,false
volkomen,completely,B1,adverb,Linking and qualifying ideas,Het is een volkomen natuurlijke reactie.,That's a completely natural reaction.,"Definition adapted from Wiktionary contributors, CC BY-SA 4.0: https://en.wiktionary.org/wiki/volkomen#Dutch. Example: Micsmithel (Dutch, https://tatoeba.org/en/sentences/show/9795415) and sundown (English, https://tatoeba.org/en/sentences/show/8281490); CC BY 2.0 FR.",B1;production,,,,,,,,,,,false
voorgoed,for good,B1,adverb,Linking and qualifying ideas,Ik ga voorgoed stoppen met roken.,I will quit smoking for good.,"Definition adapted from Wiktionary contributors, CC BY-SA 4.0: https://en.wiktionary.org/wiki/voorgoed#Dutch. Example: meshbags (Dutch, https://tatoeba.org/en/sentences/show/8234849) and CK (English, https://tatoeba.org/en/sentences/show/256165); CC BY 2.0 FR.",B1;production,,,,,,,,,,,false
voornamelijk,"mainly, mostly; predominantly",B1,adverb,Linking and qualifying ideas,Lucht bestaat voornamelijk uit zuurstof en stikstof.,Air is composed mainly of nitrogen and oxygen.,"Definition adapted from Wiktionary contributors, CC BY-SA 4.0: https://en.wiktionary.org/wiki/voornamelijk#Dutch. Example: megamanenm (Dutch, https://tatoeba.org/en/sentences/show/11518584) and MrShoval (English, https://tatoeba.org/en/sentences/show/2079843); CC BY 2.0 FR.",B1;production,,,,,,,,,,,false
voortdurend,"continuously, incessantly, all the time",B1,adverb,Linking and qualifying ideas,Dat is een vraag die ik voortdurend te horen krijg.,That's a question that I hear all the time.,"Definition adapted from Wiktionary contributors, CC BY-SA 4.0: https://en.wiktionary.org/wiki/voortdurend#Dutch. Example: doemaar14 (Dutch, https://tatoeba.org/en/sentences/show/10753936) and CK (English, https://tatoeba.org/en/sentences/show/8569539); CC BY 2.0 FR.",B1;production,,,,,,,,,,,false
vrijwel,almost,B1,adverb,Linking and qualifying ideas,Ik weet vrijwel zeker dat mijn kat mijn hamster heeft opgegeten.,I'm almost sure that my cat ate my hamster.,"Definition adapted from Wiktionary contributors, CC BY-SA 4.0: https://en.wiktionary.org/wiki/vrijwel#Dutch. Example: Raizin (Dutch, https://tatoeba.org/en/sentences/show/4559107) and AlanF_US (English, https://tatoeba.org/en/sentences/show/4559102); CC BY 2.0 FR.",B1;production,,,,,,,,,,,false
wellicht,"possibly, perhaps",B1,adverb,Linking and qualifying ideas,Wij kunnen daar wellicht wat aan doen.,Perhaps we can do something about that.,"Definition adapted from Wiktionary contributors, CC BY-SA 4.0: https://en.wiktionary.org/wiki/wellicht#Dutch. Example: meshbags (Dutch, https://tatoeba.org/en/sentences/show/9930874) and CK (English, https://tatoeba.org/en/sentences/show/3360363); CC BY 2.0 FR.",B1;production,,,,,,,,,,,false
zomaar,"just because; for no reason, out of the blue",B1,adverb,Linking and qualifying ideas,Je kan het niet zomaar opeten alleen omdat het voedzaam is.,You can't eat it just because it is nutritious.,"Definition adapted from Wiktionary contributors, CC BY-SA 4.0: https://en.wiktionary.org/wiki/zomaar#Dutch. Example: megamanenm (Dutch, https://tatoeba.org/en/sentences/show/9729166) and Dejo (English, https://tatoeba.org/en/sentences/show/26430); CC BY 2.0 FR.",B1;production,,,,,,,,,,,false
energie,energy,B1,noun,Nature and environment,"Onderzoek vergt veel energie, maar het is de moeite waard.","Research requires a lot of energy, but it's worth the effort.","Definition adapted from Wiktionary contributors, CC BY-SA 4.0: https://en.wiktionary.org/wiki/energie#Dutch. Example: Citrine (Dutch, https://tatoeba.org/en/sentences/show/1497205) and CK (English, https://tatoeba.org/en/sentences/show/1497183); CC BY 2.0 FR.",B1;production,de,energieën,,,,,,,,,false
gemeenschappelijk,"common, mutual",B1,adjective,Nature and environment,Alle mensen op aarde stammen af van een gemeenschappelijke voorouder.,All humans on Earth are descended from a common ancestor.,"Definition adapted from Wiktionary contributors, CC BY-SA 4.0: https://en.wiktionary.org/wiki/gemeenschappelijk#Dutch. Example: Citrine (Dutch, https://tatoeba.org/en/sentences/show/1478267) and darinmex (English, https://tatoeba.org/en/sentences/show/1463261); CC BY 2.0 FR.",B1;production,,,,,,,,gemeenschappelijke,gemeenschappelijker,gemeenschappelijkst,false
gewicht,weight,B1,noun,Nature and environment,In de woestijn is water zijn gewicht in goud waard.,"In the desert, water is worth its weight in gold.","Definition adapted from Wiktionary contributors, CC BY-SA 4.0: https://en.wiktionary.org/wiki/gewicht#Dutch. Example: Raizin (Dutch, https://tatoeba.org/en/sentences/show/6617257) and CK (English, https://tatoeba.org/en/sentences/show/6569183); CC BY 2.0 FR.",B1;production,het,gewichten,gewichtje,,,,,,,,false
giftig,"poisonous, venomous, toxic",B1,adjective,Nature and environment,We bestuderen een soort giftige kikker met veel gelijkenis tot een steen.,We study a species of poisonous frog that looks very similar to a stone.,"Definition adapted from Wiktionary contributors, CC BY-SA 4.0: https://en.wiktionary.org/wiki/giftig#Dutch. Example: LaraCroft (Dutch, https://tatoeba.org/en/sentences/show/1407894) and marcelostockle (English, https://tatoeba.org/en/sentences/show/1404488); CC BY 2.0 FR.",B1;production,,,,,,,,giftige,giftiger,giftigst,false
omgekeerd,vice versa,B1,adverb,Nature and environment,Zeer kleine hoeveelheden massa kunnen worden omgezet in een zeer grote hoeveelheid energie en omgekeerd.,Very small amounts of mass may be converted into a very large amount of energy and vice versa.,"Definition adapted from Wiktionary contributors, CC BY-SA 4.0: https://en.wiktionary.org/wiki/omgekeerd#Dutch. Example: Mandalay (Dutch, https://tatoeba.org/en/sentences/show/6133289) and Hybrid (English, https://tatoeba.org/en/sentences/show/5225973); CC BY 2.0 FR.",B1;production,,,,,,,,,,,false
schip,ship,B1,noun,Nature and environment,"Als het schip lek is, gaan de ratten van boord.",His followers were quitting their positions like rats deserting a sinking ship.,"Definition adapted from Wiktionary contributors, CC BY-SA 4.0: https://en.wiktionary.org/wiki/schip#Dutch. Example: Dorenda (Dutch, https://tatoeba.org/en/sentences/show/422749) and mccarras (English, https://tatoeba.org/en/sentences/show/8988152); CC BY 2.0 FR.",B1;production,het,schepen,scheepje,,,,,,,,false
snappen,to understand; to get,B1,verb,Nature and environment,Ik snap niet waarom de planning is veranderd.,I do not understand why the schedule has changed.,,B1;production,,,,regular,false,hebben,gesnapt,,,,false
stroom,"flow, current or flush, as of moving water or other liquid",B1,noun,Nature and environment,Laten we tegen de stroom in proberen te zwemmen.,Let's try to swim against the current.,"Definition adapted from Wiktionary contributors, CC BY-SA 4.0: https://en.wiktionary.org/wiki/stroom#Dutch. Example: Citrine (Dutch, https://tatoeba.org/en/sentences/show/1484140) and Eldad (English, https://tatoeba.org/en/sentences/show/2110989); CC BY 2.0 FR.",B1;production,de,stromen,stroompje,,,,,,,,false
volstrekt,"absolutely, positively, completely",B1,adverb,Nature and environment,"Deze veronderstelling, dat de aarde onbeweeglijk zou zijn, was volstrekt foutief.","This supposition, that the Earth is immobile, was completely untrue.","Definition adapted from Wiktionary contributors, CC BY-SA 4.0: https://en.wiktionary.org/wiki/volstrekt#Dutch. Example: simonbr (Dutch, https://tatoeba.org/en/sentences/show/3349972) and pne (English, https://tatoeba.org/en/sentences/show/1809074); CC BY 2.0 FR.",B1;production,,,,,,,,,,,false
vullen,to fill,B1,verb,Nature and environment,Hoeveel water is er nodig om jouw zwembad te vullen?,How much water does it take to fill up your swimming pool?,"Definition adapted from Wiktionary contributors, CC BY-SA 4.0: https://en.wiktionary.org/wiki/vullen#Dutch. Example: doemaar14 (Dutch, https://tatoeba.org/en/sentences/show/9085126) and CK (English, https://tatoeba.org/en/sentences/show/6431039); CC BY 2.0 FR.",B1;production,,,,regular,false,hebben,gevuld,,,,false
zuiver,"clean, tidy",B1,adjective,Nature and environment,Het water van deze rivier is heel zuiver.,The water in this river is very clean.,"Definition adapted from Wiktionary contributors, CC BY-SA 4.0: https://en.wiktionary.org/wiki/zuiver#Dutch. Example: martinod (Dutch, https://tatoeba.org/en/sentences/show/694996) and CK (English, https://tatoeba.org/en/sentences/show/58146); CC BY 2.0 FR.",B1;production,,,,,,,,zuivere,zuiverder,zuiverst,false
afvalscheiding,waste separation,B1,noun,"Nature, health and everyday change",Goede afvalscheiding maakt hergebruik gemakkelijker.,Proper waste separation makes reuse easier.,,B1;production,de,afvalscheidingen,,,,,,,,,false
afvalverwerking,waste processing,B1,noun,"Nature, health and everyday change",De gemeente investeert in duurzame afvalverwerking.,The municipality is investing in sustainable waste processing.,,B1;production,de,afvalverwerkingen,,,,,,,,,false
afweer,immune defence; resistance,B1,noun,"Nature, health and everyday change",Het lichaam gebruikt zijn afweer tegen ziekteverwekkers.,The body uses its immune defences against pathogens.,,B1;production,de,afweren,,,,,,,,,false
beweging,movement; exercise,B1,noun,"Nature, health and everyday change",Na een dag zitten heb ik behoefte aan beweging.,"After a day spent sitting, I feel the need for exercise.",,B1;production,de,bewegingen,beweginkje,,,,,,,,false
bewoner,resident,B1,noun,"Nature, health and everyday change",Bewoners kunnen meedenken over het nieuwe park.,Residents can contribute ideas for the new park.,,B1;production,de,bewoners,bewonertje,,,,,,,,false
bloeddruk,blood pressure,B1,noun,"Nature, health and everyday change",De verpleegkundige meet mijn bloeddruk.,The nurse measures my blood pressure.,,B1;production,de,bloeddrukken,,,,,,,,,false
bodem,soil; bottom,B1,noun,"Nature, health and everyday change",Deze planten groeien goed in vochtige bodem.,These plants grow well in moist soil.,,B1;production,de,bodems,bodempje,,,,,,,,false
brandstof,fuel,B1,noun,"Nature, health and everyday change",Deze auto verbruikt minder brandstof.,This car uses less fuel.,,B1;production,de,brandstoffen,brandstofje,,,,,,,,false
conditie,physical fitness; condition,B1,noun,"Nature, health and everyday change",Door regelmatig te wandelen verbeterde mijn conditie.,My fitness improved through regular walking.,,B1;production,de,condities / conditiën,,,,,,,,,false
dieet,diet,B1,noun,"Nature, health and everyday change",Hij bespreekt zijn dieet met een voedingsdeskundige.,He discusses his diet with a nutritionist.,,B1;production,het,diëten,dieetje,,,,,,,,false
droogte,drought,B1,noun,"Nature, health and everyday change",Door de droogte staat er weinig water in de rivier.,"Because of the drought, there is little water in the river.",,B1;production,de,droogten / droogtes,,,,,,,,,false
duurzaamheid,sustainability,B1,noun,"Nature, health and everyday change",Bij de aankoop letten we op duurzaamheid.,We consider sustainability when making the purchase.,No usual plural in this sense.,B1;production,de,,,,,,,,,,false
energiebron,energy source,B1,noun,"Nature, health and everyday change",Wind is een belangrijke hernieuwbare energiebron.,Wind is an important renewable energy source.,,B1;production,de,energiebronnen,energiebronnetje,,,,,,,,false
evenwicht,balance; equilibrium,B1,noun,"Nature, health and everyday change",Op de smalle plank verloor ik bijna mijn evenwicht.,I nearly lost my balance on the narrow plank.,,B1;production,het,evenwichten,evenwichtje,,,,,,,,false
fysiotherapie,physiotherapy,B1,noun,"Nature, health and everyday change",Na de operatie kreeg hij fysiotherapie.,"After the operation, he received physiotherapy.",,B1;production,de,fysiotherapieën,,,,,,,,,false
gehoor,hearing,B1,noun,"Nature, health and everyday change",Harde muziek kan je gehoor beschadigen.,Loud music can damage your hearing.,No usual plural in this sense.,B1;production,het,,,,,,,,,,false
geneesmiddel,medicine; medicinal product,B1,noun,"Nature, health and everyday change",Lees de bijsluiter voordat je het geneesmiddel gebruikt.,Read the leaflet before using the medicine.,,B1;production,het,geneesmiddelen,geneesmiddeltje,,,,,,,,false
grondstof,raw material,B1,noun,"Nature, health and everyday change",Oud papier kan als grondstof voor nieuw papier dienen.,Waste paper can serve as a raw material for new paper.,,B1;production,de,grondstoffen,grondstofje,,,,,,,,false
herfststorm,autumn storm,B1,noun,"Nature, health and everyday change",Door de herfststorm lagen er takken op het fietspad.,There were branches on the cycle path because of the autumn storm.,,B1;production,de,herfststormen,,,,,,,,,false
hergebruik,reuse,B1,noun,"Nature, health and everyday change",Hergebruik van materialen bespaart grondstoffen.,Reusing materials saves raw materials.,No usual plural in this sense.,B1;production,het,,,,,,,,,,false
herstel,recovery; repair,B1,noun,"Nature, health and everyday change",Zijn herstel verliep langzamer dan verwacht.,His recovery was slower than expected.,No usual plural in this sense.,B1;production,het,,,,,,,,,,false
hittegolf,heatwave,B1,noun,"Nature, health and everyday change",Tijdens de hittegolf zochten we schaduw op.,"During the heatwave, we sought out shade.",,B1;production,de,hittegolven,hittegolfje,,,,,,,,false
huiduitslag,rash,B1,noun,"Nature, health and everyday change",Na het gebruik van de crème kreeg ik huiduitslag.,I developed a rash after using the cream.,,B1;production,de,huiduitslagen,huiduitslagje,,,,,,,,false
hulpverlener,care worker; emergency responder,B1,noun,"Nature, health and everyday change",De hulpverlener bleef rustig en stelde duidelijke vragen.,The emergency responder stayed calm and asked clear questions.,,B1;production,de,hulpverleners,hulpverlenertje,,,,,,,,false
infectie,infection,B1,noun,"Nature, health and everyday change",De arts onderzocht of er sprake was van een infectie.,The doctor checked whether there was an infection.,,B1;production,de,infecties,infectietje,,,,,,,,false
klimaat,climate,B1,noun,"Nature, health and everyday change",Het klimaat beïnvloedt welke gewassen hier groeien.,The climate affects which crops grow here.,,B1;production,het,klimaten,klimaatje,,,,,,,,false
klimaatverandering,climate change,B1,noun,"Nature, health and everyday change",Klimaatverandering heeft gevolgen voor onze waterhuishouding.,Climate change has consequences for our water management.,,B1;production,de,klimaatveranderingen,,,,,,,,,false
leefgebied,habitat; home range,B1,noun,"Nature, health and everyday change",Dit natuurgebied is het leefgebied van veel vogels.,This nature reserve is home to many birds.,,B1;production,het,leefgebieden,leefgebiedje,,,,,,,,false
leefomgeving,living environment,B1,noun,"Nature, health and everyday change",Meer groen maakt de leefomgeving prettiger.,More greenery makes the living environment more pleasant.,,B1;production,de,leefomgevingen,leefomgevinkje,,,,,,,,false
leefstijl,lifestyle,B1,noun,"Nature, health and everyday change",Hij probeert stap voor stap zijn leefstijl te veranderen.,He is trying to change his lifestyle step by step.,,B1;production,de,leefstijlen,leefstijltje,,,,,,,,false
levensduur,lifespan; service life,B1,noun,"Nature, health and everyday change",Goed onderhoud verlengt de levensduur van het apparaat.,Proper maintenance extends the device's service life.,,B1;production,de,levensduren,levensduurtje,,,,,,,,false
milieuvervuiling,environmental pollution,B1,noun,"Nature, health and everyday change",Minder wegwerpplastic helpt milieuvervuiling te beperken.,Less single-use plastic helps limit environmental pollution.,No usual plural in this sense.,B1;production,de,,,,,,,,,,false
natuurgebied,nature reserve; natural area,B1,noun,"Nature, health and everyday change",In dit natuurgebied moet de hond aan de lijn.,Dogs must be kept on a lead in this nature reserve.,,B1;production,het,natuurgebieden,natuurgebiedje,,,,,,,,false
neerslag,precipitation; rainfall,B1,noun,"Nature, health and everyday change",Voor morgen wordt veel neerslag verwacht.,A lot of rain is expected tomorrow.,,B1;production,de,neerslagen,neerslagje,,,,,,,,false
noodgeval,emergency,B1,noun,"Nature, health and everyday change",In een noodgeval kun je direct hulp inschakelen.,"In an emergency, you can call for help immediately.",,B1;production,het,noodgevallen,,,,,,,,,false
ontspanning,relaxation,B1,noun,"Nature, health and everyday change",Voor ontspanning lees ik graag een boek.,I enjoy reading a book to relax.,,B1;production,de,ontspanningen,ontspanninkje,,,,,,,,false
overstroming,flood,B1,noun,"Nature, health and everyday change",Na de overstroming moesten bewoners tijdelijk verhuizen.,"After the flood, residents had to move temporarily.",,B1;production,de,overstromingen,overstrominkje,,,,,,,,false
preventie,prevention,B1,noun,"Nature, health and everyday change",De voorlichting richt zich op de preventie van ongevallen.,The information campaign focuses on preventing accidents.,,B1;production,de,preventies,,,,,,,,,false
recycling,recycling,B1,noun,"Nature, health and everyday change",Door recycling krijgen materialen een nieuw leven.,Recycling gives materials a new life.,,B1;production,de,recyclings,,,,,,,,,false
rustpauze,rest break,B1,noun,"Nature, health and everyday change",Na een uur wandelen namen we een korte rustpauze.,"After an hour of walking, we took a short rest break.",,B1;production,de,rustpauzes,,,,,,,,,false
slaaptekort,lack of sleep,B1,noun,"Nature, health and everyday change",Door slaaptekort kon ik me moeilijk concentreren.,I found it difficult to concentrate because of a lack of sleep.,,B1;production,het,slaaptekorten,,,,,,,,,false
slachtoffer,victim,B1,noun,"Nature, health and everyday change",De omstanders boden het slachtoffer hulp aan.,The bystanders offered the victim help.,,B1;production,het,slachtoffers,slachtoffertje,,,,,,,,false
symptoom,symptom,B1,noun,"Nature, health and everyday change",De arts vroeg wanneer het eerste symptoom was begonnen.,The doctor asked when the first symptom had started.,,B1;production,het,symptomen,symptoompje,,,,,,,,false
uitstoot,emissions,B1,noun,"Nature, health and everyday change",Elektrische bussen verminderen de plaatselijke uitstoot.,Electric buses reduce local emissions.,,B1;production,de,uitstoten,uitstootje,,,,,,,,false
verbruik,consumption; usage,B1,noun,"Nature, health and everyday change",Je kunt het verbruik van elektriciteit online volgen.,You can monitor your electricity usage online.,No usual plural in this sense.,B1;production,het,,,,,,,,,,false
vermoeidheid,fatigue; tiredness,B1,noun,"Nature, health and everyday change",Door de vermoeidheid ging ze vroeg naar bed.,She went to bed early because she was tired.,,B1;production,de,vermoeidheden,vermoeidheidje,,,,,,,,false
vervuiling,pollution; contamination,B1,noun,"Nature, health and everyday change",De vervuiling van de rivier wordt onderzocht.,The pollution of the river is being investigated.,,B1;production,de,vervuilingen,vervuilinkje,,,,,,,,false
voeding,nutrition; food,B1,noun,"Nature, health and everyday change",Gevarieerde voeding is voor haar belangrijk.,A varied diet is important to her.,,B1;production,de,voedingen,voedinkje,,,,,,,,false
voedselverspilling,food waste,B1,noun,"Nature, health and everyday change",Met een boodschappenlijst kun je voedselverspilling beperken.,A shopping list can help reduce food waste.,,B1;production,de,voedselverspillingen,,,,,,,,,false
voorzorg,precaution,B1,noun,"Nature, health and everyday change",Uit voorzorg namen we extra water mee.,We took extra water as a precaution.,,B1;production,de,voorzorgen,voorzorgje,,,,,,,,false
waterpeil,water level,B1,noun,"Nature, health and everyday change",Na de regen steeg het waterpeil snel.,"After the rain, the water level rose quickly.",,B1;production,het,waterpeilen,,,,,,,,,false
weerbericht,weather forecast,B1,noun,"Nature, health and everyday change",Volgens het weerbericht blijft het vanmiddag droog.,"According to the forecast, it will stay dry this afternoon.",,B1;production,het,weerberichten,weerberichtje,,,,,,,,false
weersomstandigheid,weather condition,B1,noun,"Nature, health and everyday change",Door slechte weersomstandigheden werd de wedstrijd afgelast.,The match was cancelled because of poor weather conditions.,,B1;production,de,weersomstandigheden,,,,,,,,,false
welzijn,well-being,B1,noun,"Nature, health and everyday change",De school besteedt aandacht aan het welzijn van de leerlingen.,The school pays attention to the pupils' well-being.,No usual plural in this sense.,B1;production,het,,,,,,,,,,false
windkracht,wind force,B1,noun,"Nature, health and everyday change",Bij deze windkracht blijven de kleine boten in de haven.,"With winds this strong, the small boats stay in the harbour.",,B1;production,de,windkrachten,windkrachtje,,,,,,,,false
zorgverlener,healthcare provider,B1,noun,"Nature, health and everyday change",Bespreek veranderingen in je klachten met je zorgverlener.,Discuss changes in your symptoms with your healthcare provider.,,B1;production,de,zorgverleners,zorgverlenertje,,,,,,,,false
aanleg,construction,B1,noun,"People, objects and abstract concepts",De aanleg van een autoweg zal bijdragen aan de groei van de voorsteden.,The construction of a highway will contribute to the growth of the suburbs.,"No usual plural in this sense. Definition adapted from Wiktionary contributors, CC BY-SA 4.0: https://en.wiktionary.org/wiki/aanleg#Dutch. Example: Elsofie (Dutch, https://tatoeba.org/en/sentences/show/8191514) and CK (English, https://tatoeba.org/en/sentences/show/21073); CC BY 2.0 FR.",B1;production,de,,,,,,,,,,false
advocaat,"attorney, lawyer",B1,noun,"People, objects and abstract concepts",Het was de bedoeling dat Tom onze advocaat zou zijn.,It was intended that Tom would be our lawyer.,"Definition adapted from Wiktionary contributors, CC BY-SA 4.0: https://en.wiktionary.org/wiki/advocaat#Dutch. Example: megamanenm (Dutch, https://tatoeba.org/en/sentences/show/10732032) and megamanenm (English, https://tatoeba.org/en/sentences/show/10732034); CC BY 2.0 FR.",B1;production,de,advocaten,advocaatje,,,,,,,,false
album,album,B1,noun,"People, objects and abstract concepts",Ik kan niet wachten tot Mary haar nieuwste album onthult.,I can't wait for Mary to unveil her newest album.,"Definition adapted from Wiktionary contributors, CC BY-SA 4.0: https://en.wiktionary.org/wiki/album#Dutch. Example: doemaar14 (Dutch, https://tatoeba.org/en/sentences/show/13772227) and nana2capriccio (English, https://tatoeba.org/en/sentences/show/12457400); CC BY 2.0 FR.",B1;production,het,albums,albumpje,,,,,,,,false
alternatief,alternative,B1,noun,"People, objects and abstract concepts",Vijf jaar zonder veranderingen is geen alternatief.,Five years without changes is not an alternative.,"Definition adapted from Wiktionary contributors, CC BY-SA 4.0: https://en.wiktionary.org/wiki/alternatief#Dutch. Example: Mandalay (Dutch, https://tatoeba.org/en/sentences/show/6088774) and SunnyMoon (English, https://tatoeba.org/en/sentences/show/11171527); CC BY 2.0 FR.",B1;production,het,alternatieven,alternatiefje,,,,,,,,false
app,app,B1,noun,"People, objects and abstract concepts",Deze app meldt je automatisch aan wanneer je hem opent.,This app automatically signs you in when you open it.,"Definition adapted from Wiktionary contributors, CC BY-SA 4.0: https://en.wiktionary.org/wiki/app#Dutch. Example: Micsmithel (Dutch, https://tatoeba.org/en/sentences/show/7044962) and darinmex (English, https://tatoeba.org/en/sentences/show/1693325); CC BY 2.0 FR.",B1;production,de,apps,appje,,,,,,,,false
apparaat,"apparatus, device",B1,noun,"People, objects and abstract concepts",Dit apparaat waarschuwt je als je je rijstrook verlaat.,This device will warn you when you leave your lane.,"Definition adapted from Wiktionary contributors, CC BY-SA 4.0: https://en.wiktionary.org/wiki/apparaat#Dutch. Example: MarijnKp (Dutch, https://tatoeba.org/en/sentences/show/8011421) and MarijnKp (English, https://tatoeba.org/en/sentences/show/9357267); CC BY 2.0 FR.",B1;production,het,apparaten,apparaatje,,,,,,,,false
architectuur,architecture,B1,noun,"People, objects and abstract concepts",Valencia is beroemd om zijn opmerkelijke architectuur.,Valencia is famous for its unusual architecture.,"Definition adapted from Wiktionary contributors, CC BY-SA 4.0: https://en.wiktionary.org/wiki/architectuur#Dutch. Example: Citrine (Dutch, https://tatoeba.org/en/sentences/show/1020971) and CM (English, https://tatoeba.org/en/sentences/show/1020963); CC BY 2.0 FR.",B1;production,de,architecturen,,,,,,,,,false
armoede,poverty,B1,noun,"People, objects and abstract concepts",De armoede had hem geleerd op eigen benen te staan.,Poverty had taught him to stand on his own feet.,"No usual plural in this sense. Definition adapted from Wiktionary contributors, CC BY-SA 4.0: https://en.wiktionary.org/wiki/armoede#Dutch. Example: simonbr (Dutch, https://tatoeba.org/en/sentences/show/813538) and CM (English, https://tatoeba.org/en/sentences/show/318538); CC BY 2.0 FR.",B1;production,de,,,,,,,,,,false
assistent,"assistant, person who assists, aid",B1,noun,"People, objects and abstract concepts",Ik heb een assistent nodig die Frans spreekt.,I need an assistant who speaks French.,"Definition adapted from Wiktionary contributors, CC BY-SA 4.0: https://en.wiktionary.org/wiki/assistent#Dutch. Example: Mikedebie (Dutch, https://tatoeba.org/en/sentences/show/4811000) and CK (English, https://tatoeba.org/en/sentences/show/4809265); CC BY 2.0 FR.",B1;production,de,assistenten,assistentje,,,,,,,,false
bedreiging,"threat, menace",B1,noun,"People, objects and abstract concepts",De atoombom is een grote bedreiging voor de mensheid.,The atomic bomb is a great threat to humanity.,"Definition adapted from Wiktionary contributors, CC BY-SA 4.0: https://en.wiktionary.org/wiki/bedreiging#Dutch. Example: Vulgaris (Dutch, https://tatoeba.org/en/sentences/show/846621) and AlanF_US (English, https://tatoeba.org/en/sentences/show/4398635); CC BY 2.0 FR.",B1;production,de,bedreigingen,bedreiginkje,,,,,,,,false
beeld,image,B1,noun,"People, objects and abstract concepts",De beelden die als bewijs werden aangevoerd bleken vervalst.,The images that were used as proof turned out to be faked.,"Definition adapted from Wiktionary contributors, CC BY-SA 4.0: https://en.wiktionary.org/wiki/beeld#Dutch. Example from the same Wiktionary entry (CC BY-SA 4.0).",B1;production,het,beelden,beeldje,,,,,,,,false
behoud,"preservation, conserving, conservation",B1,noun,"People, objects and abstract concepts",Hij was verantwoordelijk voor het behoud van de tempel.,He was in charge of the conservation of the temple.,"No usual plural in this sense. Definition adapted from Wiktionary contributors, CC BY-SA 4.0: https://en.wiktionary.org/wiki/behoud#Dutch. Example: carlosalberto (Dutch, https://tatoeba.org/en/sentences/show/13090997) and carlosalberto (English, https://tatoeba.org/en/sentences/show/13090957); CC BY 2.0 FR.",B1;production,het,,,,,,,,,,false
beschrijving,description,B1,noun,"People, objects and abstract concepts",Kan je me een korte beschrijving van de dief geven?,Can you give me a brief description of the thief?,"Definition adapted from Wiktionary contributors, CC BY-SA 4.0: https://en.wiktionary.org/wiki/beschrijving#Dutch. Example: Raizin (Dutch, https://tatoeba.org/en/sentences/show/4516358) and CK (English, https://tatoeba.org/en/sentences/show/44943); CC BY 2.0 FR.",B1;production,de,beschrijvingen,beschrijvinkje,,,,,,,,false
bestand,"archive, file",B1,noun,"People, objects and abstract concepts",In welke map hebben jullie het bestand opgeslagen?,In which folder did you save the file?,"Definition adapted from Wiktionary contributors, CC BY-SA 4.0: https://en.wiktionary.org/wiki/bestand#Dutch. Example: Micsmithel (Dutch, https://tatoeba.org/en/sentences/show/7682570) and Zifre (English, https://tatoeba.org/en/sentences/show/5975); CC BY 2.0 FR.",B1;production,het,bestanden,bestandje,,,,,,,,false
beurt,turn shared in sequence with others),B1,noun,"People, objects and abstract concepts",Ze stonden in de rij te wachten op hun beurt.,"They stood in line, waiting their turn.","Definition adapted from Wiktionary contributors, CC BY-SA 4.0: https://en.wiktionary.org/wiki/beurt#Dutch. Example: Citrine (Dutch, https://tatoeba.org/en/sentences/show/3037198) and sharptoothed (English, https://tatoeba.org/en/sentences/show/3022337); CC BY 2.0 FR.",B1;production,de,beurten,beurtje,,,,,,,,false
beveiliging,"protection, security",B1,noun,"People, objects and abstract concepts","Blijf daar niet zo staan, bel de beveiliging!",Don't just stand there. Call security.,"Definition adapted from Wiktionary contributors, CC BY-SA 4.0: https://en.wiktionary.org/wiki/beveiliging#Dutch. Example: wezy (Dutch, https://tatoeba.org/en/sentences/show/2247277) and CK (English, https://tatoeba.org/en/sentences/show/1860459); CC BY 2.0 FR.",B1;production,de,beveiligingen,beveiligingetje,,,,,,,,false
bezit,possession,B1,noun,"People, objects and abstract concepts",Portugal heeft het bezit van verdovende middelen voor persoonlijk gebruik gedecriminaliseerd.,Portugal has decriminalized the possession of drugs for personal use.,"No usual plural in this sense. Definition adapted from Wiktionary contributors, CC BY-SA 4.0: https://en.wiktionary.org/wiki/bezit#Dutch. Example: Elsofie (Dutch, https://tatoeba.org/en/sentences/show/8091417) and Dejo (English, https://tatoeba.org/en/sentences/show/2485020); CC BY 2.0 FR.",B1;production,het,,,,,,,,,,false
bezwaar,objection,B1,noun,"People, objects and abstract concepts",We hebben er geen bezwaar tegen dat je je bij onze club aansluit.,We have no objection to you joining our club.,"Definition adapted from Wiktionary contributors, CC BY-SA 4.0: https://en.wiktionary.org/wiki/bezwaar#Dutch. Example: Elsofie (Dutch, https://tatoeba.org/en/sentences/show/8221836) and Nylez (English, https://tatoeba.org/en/sentences/show/8962116); CC BY 2.0 FR.",B1;production,het,bezwaren,bezwaartje,,,,,,,,false
bouw,construction of buildings,B1,noun,"People, objects and abstract concepts",De bouw van de kathedraal duurde vier jaar.,Construction of the cathedral went on for four years.,"No usual plural in this sense. Definition adapted from Wiktionary contributors, CC BY-SA 4.0: https://en.wiktionary.org/wiki/bouw#Dutch. Example: martinod (Dutch, https://tatoeba.org/en/sentences/show/6964845) and sundown (English, https://tatoeba.org/en/sentences/show/9440242); CC BY 2.0 FR.",B1;production,de,,,,,,,,,,false
budget,budget,B1,noun,"People, objects and abstract concepts",We hebben een budget nodig voor ons gezin.,We need a budget for our family.,"Definition adapted from Wiktionary contributors, CC BY-SA 4.0: https://en.wiktionary.org/wiki/budget#Dutch. Example: Elsofie (Dutch, https://tatoeba.org/en/sentences/show/8300225) and Source_VOA (English, https://tatoeba.org/en/sentences/show/680441); CC BY 2.0 FR.",B1;production,het,budgetten / budgets,budgetje,,,,,,,,false
camera,camera,B1,noun,"People, objects and abstract concepts",Kun je me laten zien hoe je deze camera gebruikt?,Will you show me how to use this camera?,"Definition adapted from Wiktionary contributors, CC BY-SA 4.0: https://en.wiktionary.org/wiki/camera#Dutch. Example: Citrine (Dutch, https://tatoeba.org/en/sentences/show/1478160) and CK (English, https://tatoeba.org/en/sentences/show/1474157); CC BY 2.0 FR.",B1;production,de,camera's,cameraatje,,,,,,,,false
cliënt,"client, customer",B1,noun,"People, objects and abstract concepts",Het werk van een advocaat is om te bewijzen dat zijn cliënt onschuldig is.,The job of a lawyer is to prove his client is innocent.,"Definition adapted from Wiktionary contributors, CC BY-SA 4.0: https://en.wiktionary.org/wiki/cli%C3%ABnt#Dutch. Example: Nylez (Dutch, https://tatoeba.org/en/sentences/show/10028322) and rul (English, https://tatoeba.org/en/sentences/show/12665251); CC BY 2.0 FR.",B1;production,de,cliënten,cliëntje,,,,,,,,false
context,context,B1,noun,"People, objects and abstract concepts",Is de context echt nodig om de subjunctief te begrijpen?,Is context really necessary to understand the subjunctive?,"Definition adapted from Wiktionary contributors, CC BY-SA 4.0: https://en.wiktionary.org/wiki/context#Dutch. Example: Mandalay (Dutch, https://tatoeba.org/en/sentences/show/6105315) and sacredceltic (English, https://tatoeba.org/en/sentences/show/478728); CC BY 2.0 FR.",B1;production,de,contexten,,,,,,,,,false
dagblad,daily newspaper,B1,noun,"People, objects and abstract concepts",De oplage van dagbladen is afgelopen jaar verder afgenomen.,The distribution of dailies has decreased further over the past year.,"Definition adapted from Wiktionary contributors, CC BY-SA 4.0: https://en.wiktionary.org/wiki/dagblad#Dutch. Example from the same Wiktionary entry (CC BY-SA 4.0).",B1;production,het,dagbladen,dagblaadje,,,,,,,,false
definitie,definition,B1,noun,"People, objects and abstract concepts",Volgens de wetenschappelijke definitie van het woord zijn alle vogels dinosaurussen.,"According to the scientific definition of the word, all birds are dinosaurs.","Definition adapted from Wiktionary contributors, CC BY-SA 4.0: https://en.wiktionary.org/wiki/definitie#Dutch. Example: Raizin (Dutch, https://tatoeba.org/en/sentences/show/7549347) and SunnyMoon (English, https://tatoeba.org/en/sentences/show/11164908); CC BY 2.0 FR.",B1;production,de,definities,definitietje,,,,,,,,false
diefstal,theft,B1,noun,"People, objects and abstract concepts",Hoe geef ik een diefstal aan?,How do I report a theft?,"Definition adapted from Wiktionary contributors, CC BY-SA 4.0: https://en.wiktionary.org/wiki/diefstal#Dutch. Example: kroeckx (Dutch, https://tatoeba.org/en/sentences/show/13761780) and CK (English, https://tatoeba.org/en/sentences/show/279865); CC BY 2.0 FR.",B1;production,de,diefstallen,diefstalletje,,,,,,,,false
document,document,B1,noun,"People, objects and abstract concepts",Onderteken het document niet zonder dat u het gelezen hebt.,Don't sign the document without having read it.,"Definition adapted from Wiktionary contributors, CC BY-SA 4.0: https://en.wiktionary.org/wiki/document#Dutch. Example: doemaar14 (Dutch, https://tatoeba.org/en/sentences/show/13624705) and araneo (English, https://tatoeba.org/en/sentences/show/13622715); CC BY 2.0 FR.",B1;production,het,documenten,documentje,,,,,,,,false
eenheid,unity,B1,noun,"People, objects and abstract concepts",Hij sprak over de eenheid van de partij.,He spoke about the unity of the party.,"Definition adapted from Wiktionary contributors, CC BY-SA 4.0: https://en.wiktionary.org/wiki/eenheid#Dutch. Example: Tom9358 (Dutch, https://tatoeba.org/en/sentences/show/13640663) and Tom9358 (English, https://tatoeba.org/en/sentences/show/13640667); CC BY 2.0 FR.",B1;production,de,eenheden,eenheidje,,,,,,,,false
eeuw,"century, 100 years",B1,noun,"People, objects and abstract concepts",100 jaar wordt een eeuw genoemd.,One hundred years is called a century.,"Definition adapted from Wiktionary contributors, CC BY-SA 4.0: https://en.wiktionary.org/wiki/eeuw#Dutch. Example: MarijnKp (Dutch, https://tatoeba.org/en/sentences/show/7462445) and shanghainese (English, https://tatoeba.org/en/sentences/show/1697713); CC BY 2.0 FR.",B1;production,de,eeuwen,eeuwtje,,,,,,,,false
eigendom,ownership,B1,noun,"People, objects and abstract concepts",Ze hebben jarenlang de eigendom van het land betwist.,They disputed the ownership of the land for years.,"No usual plural in this sense. Definition adapted from Wiktionary contributors, CC BY-SA 4.0: https://en.wiktionary.org/wiki/eigendom#Dutch. Example: Micsmithel (Dutch, https://tatoeba.org/en/sentences/show/7041608) and CK (English, https://tatoeba.org/en/sentences/show/306334); CC BY 2.0 FR.",B1;production,de,,,,,,,,,,false
excuus,"excuse, apology, explanation to avoid or alleviate guilt or negative judgement",B1,noun,"People, objects and abstract concepts",Hij kwam niet. Zijn excuus was dat hij ziek was.,He didn't come. His excuse was that he was sick.,"Definition adapted from Wiktionary contributors, CC BY-SA 4.0: https://en.wiktionary.org/wiki/excuus#Dutch. Example: Aubrey (Dutch, https://tatoeba.org/en/sentences/show/4300301) and AlanF_US (English, https://tatoeba.org/en/sentences/show/4297028); CC BY 2.0 FR.",B1;production,het,excusen / excuses,excuusje,,,,,,,,false
expert,expert,B1,noun,"People, objects and abstract concepts",Tom is een expert in het opruimen van bommen.,Tom is a bomb disposal expert.,"Definition adapted from Wiktionary contributors, CC BY-SA 4.0: https://en.wiktionary.org/wiki/expert#Dutch. Example: MarijnKp (Dutch, https://tatoeba.org/en/sentences/show/7717494) and Hybrid (English, https://tatoeba.org/en/sentences/show/6549888); CC BY 2.0 FR.",B1;production,de,experts / experten,expertje,,,,,,,,false
fase,"phase, stage",B1,noun,"People, objects and abstract concepts",De adolescentie is de fase tussen de puberteit en overspel.,Adolescence is the stage between puberty and adultery.,"Definition adapted from Wiktionary contributors, CC BY-SA 4.0: https://en.wiktionary.org/wiki/fase#Dutch. Example: carlosalberto (Dutch, https://tatoeba.org/en/sentences/show/13570781) and carlosalberto (English, https://tatoeba.org/en/sentences/show/3149533); CC BY 2.0 FR.",B1;production,de,fasen / fases,fasetje,,,,,,,,false
figuur,"figure, shape",B1,noun,"People, objects and abstract concepts",Bill is nog steeds een legendarische figuur in dit bedrijf.,Bill is still a legendary figure in this company.,"Definition adapted from Wiktionary contributors, CC BY-SA 4.0: https://en.wiktionary.org/wiki/figuur#Dutch. Example: simonbr (Dutch, https://tatoeba.org/en/sentences/show/8537919) and CP (English, https://tatoeba.org/en/sentences/show/34550); CC BY 2.0 FR.",B1;production,het,figuren,figuurtje,,,,,,,,false
focus,focus,B1,noun,"People, objects and abstract concepts",Zij plaatste een convexe lens op de focus.,She placed a convex lens on the focus.,"Definition adapted from Wiktionary contributors, CC BY-SA 4.0: https://en.wiktionary.org/wiki/focus#Dutch. Example from the same Wiktionary entry (CC BY-SA 4.0).",B1;production,de,focussen,,,,,,,,,false
formule,formula,B1,noun,"People, objects and abstract concepts",Mary wil met een Formule 1-coureur trouwen.,Mary wants to marry a Formula 1 driver.,"Definition adapted from Wiktionary contributors, CC BY-SA 4.0: https://en.wiktionary.org/wiki/formule#Dutch. Example: Citrine (Dutch, https://tatoeba.org/en/sentences/show/1476164) and Spamster (English, https://tatoeba.org/en/sentences/show/1474807); CC BY 2.0 FR.",B1;production,de,formules,formuletje,,,,,,,,false
gebeurtenis,"event, occasion, occurrence",B1,noun,"People, objects and abstract concepts",Het is een verhaal gebaseerd op een echte gebeurtenis.,It's a story based on a real event.,"Definition adapted from Wiktionary contributors, CC BY-SA 4.0: https://en.wiktionary.org/wiki/gebeurtenis#Dutch. Example: Talitha (Dutch, https://tatoeba.org/en/sentences/show/4766498) and CM (English, https://tatoeba.org/en/sentences/show/2009065); CC BY 2.0 FR.",B1;production,de,gebeurtenissen,gebeurtenisje,,,,,,,,false
gebied,"area, region",B1,noun,"People, objects and abstract concepts",Verschillende metingen laten hoge radonniveaus in dit gebied zien.,Several measurements show high radon levels in this area.,"Definition adapted from Wiktionary contributors, CC BY-SA 4.0: https://en.wiktionary.org/wiki/gebied#Dutch. Example: MarijnKp (Dutch, https://tatoeba.org/en/sentences/show/9265875) and ebob52 (English, https://tatoeba.org/en/sentences/show/8016515); CC BY 2.0 FR.",B1;production,het,gebieden,gebiedje,,,,,,,,false
geboorte,birth,B1,noun,"People, objects and abstract concepts",Ik heb hem gefeliciteerd met de geboorte van zijn zoon.,I congratulated him on the birth of his son.,"Definition adapted from Wiktionary contributors, CC BY-SA 4.0: https://en.wiktionary.org/wiki/geboorte#Dutch. Example: simonbr (Dutch, https://tatoeba.org/en/sentences/show/8537927) and CK (English, https://tatoeba.org/en/sentences/show/260254); CC BY 2.0 FR.",B1;production,de,geboorten / geboortes,,,,,,,,,false
gebouw,"building, structure, construction",B1,noun,"People, objects and abstract concepts",Het gebouw is op het moment in aanbouw.,The building is under construction.,"Definition adapted from Wiktionary contributors, CC BY-SA 4.0: https://en.wiktionary.org/wiki/gebouw#Dutch. Example: phiz (Dutch, https://tatoeba.org/en/sentences/show/415457) and CK (English, https://tatoeba.org/en/sentences/show/49971); CC BY 2.0 FR.",B1;production,het,gebouwen,gebouwtje,,,,,,,,false
gebruik,use,B1,noun,"People, objects and abstract concepts","Om dat niet te vergeten, kan je dit ezelsbruggetje gebruiken.",You can use this mnemonic so you won't forget.,"Definition adapted from Wiktionary contributors, CC BY-SA 4.0: https://en.wiktionary.org/wiki/gebruik#Dutch. Example: PaulP (Dutch, https://tatoeba.org/en/sentences/show/3626949) and mccarras (English, https://tatoeba.org/en/sentences/show/8984150); CC BY 2.0 FR.",B1;production,het,gebruiken,gebruikje,,,,,,,,false
gebruiker,user,B1,noun,"People, objects and abstract concepts",Deze gebruiker is al twee jaar niet online geweest.,This user hasn't been online for two years.,"Definition adapted from Wiktionary contributors, CC BY-SA 4.0: https://en.wiktionary.org/wiki/gebruiker#Dutch. Example: meshbags (Dutch, https://tatoeba.org/en/sentences/show/8228492) and MarijnKp (English, https://tatoeba.org/en/sentences/show/9357287); CC BY 2.0 FR.",B1;production,de,gebruikers,gebruikertje,,,,,,,,false
gedeelte,"part, section",B1,noun,"People, objects and abstract concepts",Meer mensen wonen in het noordelijke gedeelte van de stad.,More people live in the northern part of the city.,"Definition adapted from Wiktionary contributors, CC BY-SA 4.0: https://en.wiktionary.org/wiki/gedeelte#Dutch. Example: megamanenm (Dutch, https://tatoeba.org/en/sentences/show/1124454) and CK (English, https://tatoeba.org/en/sentences/show/21774); CC BY 2.0 FR.",B1;production,het,gedeelten / gedeeltes,,,,,,,,,false
geheugen,memory,B1,noun,"People, objects and abstract concepts","Hoe ouder we worden, hoe slechter ons geheugen.","The older we become, the worse our memory gets.","Definition adapted from Wiktionary contributors, CC BY-SA 4.0: https://en.wiktionary.org/wiki/geheugen#Dutch. Example: simonbr (Dutch, https://tatoeba.org/en/sentences/show/844417) and CK (English, https://tatoeba.org/en/sentences/show/282186); CC BY 2.0 FR.",B1;production,het,geheugens,geheugentje,,,,,,,,false
geluid,sound,B1,noun,"People, objects and abstract concepts",Tom zat naar het geluid van de regen te luisteren.,Tom listened to the sound of the rain.,"Definition adapted from Wiktionary contributors, CC BY-SA 4.0: https://en.wiktionary.org/wiki/geluid#Dutch. Example: megamanenm (Dutch, https://tatoeba.org/en/sentences/show/9735312) and Hybrid (English, https://tatoeba.org/en/sentences/show/6860139); CC BY 2.0 FR.",B1;production,het,geluiden,geluidje,,,,,,,,false
generatie,"generation, age",B1,noun,"People, objects and abstract concepts","Er mist een generatie, die het niet geleerd heeft.",There is a generation missing that has not learned it.,"Definition adapted from Wiktionary contributors, CC BY-SA 4.0: https://en.wiktionary.org/wiki/generatie#Dutch. Example: Tom9358 (Dutch, https://tatoeba.org/en/sentences/show/12827265) and Tom9358 (English, https://tatoeba.org/en/sentences/show/12827336); CC BY 2.0 FR.",B1;production,de,generaties,generatietje,,,,,,,,false
geur,"scent, smell, odour, odor",B1,noun,"People, objects and abstract concepts",Een walgelijke geur walmde uit het gat in de grond.,A putrid smell came up out of the hole in the ground.,"Definition adapted from Wiktionary contributors, CC BY-SA 4.0: https://en.wiktionary.org/wiki/geur#Dutch. Example: megamanenm (Dutch, https://tatoeba.org/en/sentences/show/11556599) and darinmex (English, https://tatoeba.org/en/sentences/show/710077); CC BY 2.0 FR.",B1;production,de,geuren,geurtje,,,,,,,,false
gevaar,"danger, peril",B1,noun,"People, objects and abstract concepts",Hij voelde het gevaar en ging op de vlucht.,He sensed the danger and fled.,"Definition adapted from Wiktionary contributors, CC BY-SA 4.0: https://en.wiktionary.org/wiki/gevaar#Dutch. Example: martinod (Dutch, https://tatoeba.org/en/sentences/show/685706) and megamanenm (English, https://tatoeba.org/en/sentences/show/9808657); CC BY 2.0 FR.",B1;production,het,gevaren,gevaartje,,,,,,,,false
geval,"case, situation, instance",B1,noun,"People, objects and abstract concepts",Dit heeft in ieder geval niets met jou te maken.,"In any case, this has nothing to do with you.","Definition adapted from Wiktionary contributors, CC BY-SA 4.0: https://en.wiktionary.org/wiki/geval#Dutch. Example: rose_d (Dutch, https://tatoeba.org/en/sentences/show/10640968) and helloroto (English, https://tatoeba.org/en/sentences/show/9772426); CC BY 2.0 FR.",B1;production,het,gevallen,gevalletje,,,,,,,,false
geweten,conscience,B1,noun,"People, objects and abstract concepts","We kunnen van alles wegrennen, behalve van ons geweten.","We can run away from everything, except from our conscience.","Definition adapted from Wiktionary contributors, CC BY-SA 4.0: https://en.wiktionary.org/wiki/geweten#Dutch. Example: MarijnKp (Dutch, https://tatoeba.org/en/sentences/show/7496448) and Scott (English, https://tatoeba.org/en/sentences/show/1548561); CC BY 2.0 FR.",B1;production,het,gewetens,gewetentje,,,,,,,,false
glimlach,smile,B1,noun,"People, objects and abstract concepts",Ik zou alles geven om haar listige glimlach nogmaals te zien.,I'd give everything to see her mischievous smile again.,"Definition adapted from Wiktionary contributors, CC BY-SA 4.0: https://en.wiktionary.org/wiki/glimlach#Dutch. Example: Micsmithel (Dutch, https://tatoeba.org/en/sentences/show/6766426) and kaiperkins271 (English, https://tatoeba.org/en/sentences/show/6900403); CC BY 2.0 FR.",B1;production,de,glimlachen,glimlachje,,,,,,,,false
groep,group,B1,noun,"People, objects and abstract concepts",Ik veroordeel de gruwelijke wreedheden van de terroristische groep IS.,I condemn the heinous atrocities committed by the terrorist group IS.,"Definition adapted from Wiktionary contributors, CC BY-SA 4.0: https://en.wiktionary.org/wiki/groep#Dutch. Example: vvv123 (Dutch, https://tatoeba.org/en/sentences/show/3544223) and tatoebashrek (English, https://tatoeba.org/en/sentences/show/12513780); CC BY 2.0 FR.",B1;production,de,groepen,groepje,,,,,,,,false
helft,half,B1,noun,"People, objects and abstract concepts",We leven in de tweede helft van de twintigste eeuw.,We live in the second half of the twentieth century.,"Definition adapted from Wiktionary contributors, CC BY-SA 4.0: https://en.wiktionary.org/wiki/helft#Dutch. Example: Vulgaris (Dutch, https://tatoeba.org/en/sentences/show/846466) and megamanenm (English, https://tatoeba.org/en/sentences/show/11510399); CC BY 2.0 FR.",B1;production,de,helften,helftje,,,,,,,,false
hoogtepunt,"high point, acme, climax; zenith",B1,noun,"People, objects and abstract concepts",Zijn carrière bereikte een hoogtepunt toen hij een internationale prijs won.,His career hit a zenith when he won an international award.,"Definition adapted from Wiktionary contributors, CC BY-SA 4.0: https://en.wiktionary.org/wiki/hoogtepunt#Dutch. Example from the same Wiktionary entry (CC BY-SA 4.0).",B1;production,het,hoogtepunten,hoogtepuntje,,,,,,,,false
incident,incident,B1,noun,"People, objects and abstract concepts",Dit is de plek waar het incident plaatsvond.,This is the place where the incident happened.,"Definition adapted from Wiktionary contributors, CC BY-SA 4.0: https://en.wiktionary.org/wiki/incident#Dutch. Example: Nylez (Dutch, https://tatoeba.org/en/sentences/show/9685456) and CK (English, https://tatoeba.org/en/sentences/show/62151); CC BY 2.0 FR.",B1;production,het,incidenten,,,,,,,,,false
innovatie,innovation,B1,noun,"People, objects and abstract concepts","Dankzij de technische innovatie, is de maximale productie van de fabriek verdubbeld.","Thanks to the technological innovation, the maximum output of the factory has doubled.","Definition adapted from Wiktionary contributors, CC BY-SA 4.0: https://en.wiktionary.org/wiki/innovatie#Dutch. Example: thomasb (Dutch, https://tatoeba.org/en/sentences/show/1308042) and helloroto (English, https://tatoeba.org/en/sentences/show/20054); CC BY 2.0 FR.",B1;production,de,innovaties,innovatietje,,,,,,,,false
instelling,institution,B1,noun,"People, objects and abstract concepts",Zij is een lid van de instelling.,She is a member of the institution.,"Definition adapted from Wiktionary contributors, CC BY-SA 4.0: https://en.wiktionary.org/wiki/instelling#Dutch. Example: Elsofie (Dutch, https://tatoeba.org/en/sentences/show/7986583) and Miktsoanit (English, https://tatoeba.org/en/sentences/show/12299244); CC BY 2.0 FR.",B1;production,de,instellingen,instellinkje,,,,,,,,false
jongere,"young person, an adolescent",B1,noun,"People, objects and abstract concepts",De meeste jongeren kennen die verschrikking van de oorlog niet.,Most young people don't know the terror of war.,"Definition adapted from Wiktionary contributors, CC BY-SA 4.0: https://en.wiktionary.org/wiki/jongere#Dutch. Example: marcelostockle (Dutch, https://tatoeba.org/en/sentences/show/2885487) and CM (English, https://tatoeba.org/en/sentences/show/275828); CC BY 2.0 FR.",B1;production,de,jongeren,,,,,,,,,false
kampioen,champion,B1,noun,"People, objects and abstract concepts",Deze cultivar is de kampioen van champignons.,This cultivar is the champion amongst mushrooms.,"Definition adapted from Wiktionary contributors, CC BY-SA 4.0: https://en.wiktionary.org/wiki/kampioen#Dutch. Example: SunnyMoon (Dutch, https://tatoeba.org/en/sentences/show/11148921) and Objectivesea (English, https://tatoeba.org/en/sentences/show/5314573); CC BY 2.0 FR.",B1;production,de,kampioenen,kampioentje,,,,,,,,false
kanaal,canal,B1,noun,"People, objects and abstract concepts",Het kanaal verbindt de Atlantische Oceaan met de Stille Oceaan.,The canal connects the Atlantic with the Pacific.,"Definition adapted from Wiktionary contributors, CC BY-SA 4.0: https://en.wiktionary.org/wiki/kanaal#Dutch. Example: PaulP (Dutch, https://tatoeba.org/en/sentences/show/13238620) and orcrist (English, https://tatoeba.org/en/sentences/show/49580); CC BY 2.0 FR.",B1;production,het,kanalen,kanaaltje,,,,,,,,false
kern,"nucleus, physical core",B1,noun,"People, objects and abstract concepts",Wetenschappers geloven dat Ceres een rotsachtige kern heeft en een mantel van ijs.,Scientists believe that Ceres has a rocky core and an icy mantle.,"Definition adapted from Wiktionary contributors, CC BY-SA 4.0: https://en.wiktionary.org/wiki/kern#Dutch. Example: Nylez (Dutch, https://tatoeba.org/en/sentences/show/10071630) and Hybrid (English, https://tatoeba.org/en/sentences/show/3957484); CC BY 2.0 FR.",B1;production,de,kernen,kerntje,,,,,,,,false
kleding,clothing,B1,noun,"People, objects and abstract concepts",Ik draag geen suggestieve kleding.,I don't wear suggestive clothing.,"No usual plural in this sense. Definition adapted from Wiktionary contributors, CC BY-SA 4.0: https://en.wiktionary.org/wiki/kleding#Dutch. Example: Raizin (Dutch, https://tatoeba.org/en/sentences/show/6633269) and Hybrid (English, https://tatoeba.org/en/sentences/show/4211750); CC BY 2.0 FR.",B1;production,de,,,,,,,,,,false
komst,arrival,B1,noun,"People, objects and abstract concepts",Ik wacht op de komst van een vriend.,I'm waiting for the arrival of a friend.,"No usual plural in this sense. Definition adapted from Wiktionary contributors, CC BY-SA 4.0: https://en.wiktionary.org/wiki/komst#Dutch. Example: Elsofie (Dutch, https://tatoeba.org/en/sentences/show/7974664) and megamanenm (English, https://tatoeba.org/en/sentences/show/10221529); CC BY 2.0 FR.",B1;production,de,,,,,,,,,,false
koop,"purchase, bought acquisition",B1,noun,"People, objects and abstract concepts","Als ik genoeg geld had, kon ik het kopen.","If I'd had enough money, I could have bought it.","Definition adapted from Wiktionary contributors, CC BY-SA 4.0: https://en.wiktionary.org/wiki/koop#Dutch. Example: SunnyMoon (Dutch, https://tatoeba.org/en/sentences/show/11208031) and CC (English, https://tatoeba.org/en/sentences/show/6869929); CC BY 2.0 FR.",B1;production,de,kopen,koopje,,,,,,,,false
kracht,"power, force, strength",B1,noun,"People, objects and abstract concepts",Ik heb de kracht niet meer om te blijven proberen.,I don't have the strength to keep trying.,"Definition adapted from Wiktionary contributors, CC BY-SA 4.0: https://en.wiktionary.org/wiki/kracht#Dutch. Example: Micsmithel (Dutch, https://tatoeba.org/en/sentences/show/7682559) and CK (English, https://tatoeba.org/en/sentences/show/2125); CC BY 2.0 FR.",B1;production,de,krachten,krachtje,,,,,,,,false
kritiek,criticism,B1,noun,"People, objects and abstract concepts",Hij verdedigde zijn vriend tegen alle kritiek.,He defended his friend from all criticism.,"Definition adapted from Wiktionary contributors, CC BY-SA 4.0: https://en.wiktionary.org/wiki/kritiek#Dutch. Example: Mandalay (Dutch, https://tatoeba.org/en/sentences/show/6036683) and meshbags (English, https://tatoeba.org/en/sentences/show/10064925); CC BY 2.0 FR.",B1;production,de,kritieken,kritiekje,,,,,,,,false
laptop,laptop,B1,noun,"People, objects and abstract concepts",De stickers aan de onderkant van mijn laptop zijn weggesleten.,The stickers on the bottom of my laptop have worn away.,"Definition adapted from Wiktionary contributors, CC BY-SA 4.0: https://en.wiktionary.org/wiki/laptop#Dutch. Example: megamanenm (Dutch, https://tatoeba.org/en/sentences/show/12349288) and hecko2 (English, https://tatoeba.org/en/sentences/show/11156551); CC BY 2.0 FR.",B1;production,de,laptops,laptopje,,,,,,,,false
leider,"leader, head, chief",B1,noun,"People, objects and abstract concepts",De Saksische leider Widukind leefde meer dan duizend jaar geleden.,The Saxon leader Widukind lived more than a thousand years ago.,"Definition adapted from Wiktionary contributors, CC BY-SA 4.0: https://en.wiktionary.org/wiki/leider#Dutch. Example: Tom9358 (Dutch, https://tatoeba.org/en/sentences/show/13885722) and Tom9358 (English, https://tatoeba.org/en/sentences/show/13885725); CC BY 2.0 FR.",B1;production,de,leiders,leidertje,,,,,,,,false
lijst,list,B1,noun,"People, objects and abstract concepts",Dit is een lijst van wat ik wil voor Kerstmis.,This is a list of what I want for Christmas.,"Definition adapted from Wiktionary contributors, CC BY-SA 4.0: https://en.wiktionary.org/wiki/lijst#Dutch. Example: Micsmithel (Dutch, https://tatoeba.org/en/sentences/show/9521935) and CK (English, https://tatoeba.org/en/sentences/show/5679175); CC BY 2.0 FR.",B1;production,de,lijsten,lijstje,,,,,,,,false
luxe,luxury,B1,noun,"People, objects and abstract concepts","Training is geen luxe, het is een investering.","Training is not a luxury, it's an investment.","Definition adapted from Wiktionary contributors, CC BY-SA 4.0: https://en.wiktionary.org/wiki/luxe#Dutch. Example: alvations (Dutch, https://tatoeba.org/en/sentences/show/5786030) and alvations (English, https://tatoeba.org/en/sentences/show/5786027); CC BY 2.0 FR.",B1;production,de,luxes,luxetje,,,,,,,,false
machine,machine,B1,noun,"People, objects and abstract concepts",Kun je me laten zien hoe je deze machine start?,Could you show me how to start this machine?,"Definition adapted from Wiktionary contributors, CC BY-SA 4.0: https://en.wiktionary.org/wiki/machine#Dutch. Example: Citrine (Dutch, https://tatoeba.org/en/sentences/show/3039579) and Amastan (English, https://tatoeba.org/en/sentences/show/1632142); CC BY 2.0 FR.",B1;production,de,machines,machientje,,,,,,,,false
magazine,magazine,B1,noun,"People, objects and abstract concepts",Het magazine komt twee keer per maand uit.,The magazine is issued twice a month.,"Definition adapted from Wiktionary contributors, CC BY-SA 4.0: https://en.wiktionary.org/wiki/magazine#Dutch. Example: PaulP (Dutch, https://tatoeba.org/en/sentences/show/647361) and CK (English, https://tatoeba.org/en/sentences/show/47749); CC BY 2.0 FR.",B1;production,het,magazines,,,,,,,,,false
manier,"way, manner",B1,noun,"People, objects and abstract concepts",Het is een uitstekende manier om de tijd te doden.,It is an outstanding way to kill time.,"Definition adapted from Wiktionary contributors, CC BY-SA 4.0: https://en.wiktionary.org/wiki/manier#Dutch. Example: Nylez (Dutch, https://tatoeba.org/en/sentences/show/9209042) and SunnyMoon (English, https://tatoeba.org/en/sentences/show/11213577); CC BY 2.0 FR.",B1;production,de,manieren,maniertje,,,,,,,,false
materiaal,material,B1,noun,"People, objects and abstract concepts",Ik wil een pak gemaakt van dit materiaal.,I want a suit made of this material.,"Definition adapted from Wiktionary contributors, CC BY-SA 4.0: https://en.wiktionary.org/wiki/materiaal#Dutch. Example: Vulgaris (Dutch, https://tatoeba.org/en/sentences/show/848515) and CK (English, https://tatoeba.org/en/sentences/show/58236); CC BY 2.0 FR.",B1;production,het,materialen,materiaaltje,,,,,,,,false
merk,brand,B1,noun,"People, objects and abstract concepts",„Sony” is een merk dat in de hele wereld bekend is.,Sony is a brand known around the world.,"Definition adapted from Wiktionary contributors, CC BY-SA 4.0: https://en.wiktionary.org/wiki/merk#Dutch. Example: PaulP (Dutch, https://tatoeba.org/en/sentences/show/13267043) and AlanF_US (English, https://tatoeba.org/en/sentences/show/4825408); CC BY 2.0 FR.",B1;production,het,merken,merkje,,,,,,,,false
moment,moment,B1,noun,"People, objects and abstract concepts",Tom heeft op dit moment echt veel op zijn bord.,Tom really has a lot on his plate at the moment.,"Definition adapted from Wiktionary contributors, CC BY-SA 4.0: https://en.wiktionary.org/wiki/moment#Dutch. Example: Slam4 (Dutch, https://tatoeba.org/en/sentences/show/12109639) and sundown (English, https://tatoeba.org/en/sentences/show/9096819); CC BY 2.0 FR.",B1;production,het,momenten,momentje,,,,,,,,false
monument,monument,B1,noun,"People, objects and abstract concepts",Wil je dat monument echt zien? Het is vreselijk afgelegen.,Do you really want to go see that monument? It's in the middle of nowhere.,"Definition adapted from Wiktionary contributors, CC BY-SA 4.0: https://en.wiktionary.org/wiki/monument#Dutch. Example: megamanenm (Dutch, https://tatoeba.org/en/sentences/show/10891640) and megamanenm (English, https://tatoeba.org/en/sentences/show/10891651); CC BY 2.0 FR.",B1;production,het,monumenten,monumentje,,,,,,,,false
nood,need,B1,noun,"People, objects and abstract concepts",Ik heb er geen nood aan.,I have no need for that.,"Definition adapted from Wiktionary contributors, CC BY-SA 4.0: https://en.wiktionary.org/wiki/nood#Dutch. Example: megamanenm (Dutch, https://tatoeba.org/en/sentences/show/10491049) and megamanenm (English, https://tatoeba.org/en/sentences/show/10491050); CC BY 2.0 FR.",B1;production,de,noden,noodje,,,,,,,,false
omvang,"dimension, size, extensiveness, volume, magnitude, scope",B1,noun,"People, objects and abstract concepts",Als een vrouw met overgewicht heeft Mary veel ervaring met mensen die over haar oordelen wegens haar omvang.,"As an overweight woman, Mary has experienced many incidents of people judging her based on her size.","Definition adapted from Wiktionary contributors, CC BY-SA 4.0: https://en.wiktionary.org/wiki/omvang#Dutch. Example: LinguisticFusion (Dutch, https://tatoeba.org/en/sentences/show/4639971) and patgfisher (English, https://tatoeba.org/en/sentences/show/4638832); CC BY 2.0 FR.",B1;production,de,omvangen,,,,,,,,,false
onafhankelijkheid,independence,B1,noun,"People, objects and abstract concepts",In 1776 riepen de Verenigde Staten de onafhankelijkheid van Groot-Brittannië uit.,The US declared independence from Great Britain in 1776.,"Definition adapted from Wiktionary contributors, CC BY-SA 4.0: https://en.wiktionary.org/wiki/onafhankelijkheid#Dutch. Example: Plutone (Dutch, https://tatoeba.org/en/sentences/show/7853634) and Leolaaziano (English, https://tatoeba.org/en/sentences/show/7831089); CC BY 2.0 FR.",B1;production,de,onafhankelijkheden,,,,,,,,,false
ontslag,resignation,B1,noun,"People, objects and abstract concepts",Zeg hem dat hij onmiddelijk zijn ontslag moet indienen.,Tell him he should submit his immediate resignation.,"Definition adapted from Wiktionary contributors, CC BY-SA 4.0: https://en.wiktionary.org/wiki/ontslag#Dutch. Example: doemaar14 (Dutch, https://tatoeba.org/en/sentences/show/11173142) and Eldad (English, https://tatoeba.org/en/sentences/show/3696661); CC BY 2.0 FR.",B1;production,het,ontslagen,ontslagje,,,,,,,,false
ontvangst,"reception, welcome",B1,noun,"People, objects and abstract concepts",Mag ik om te beginnen iedereen bedanken voor uw warme ontvangst?,May I begin by thanking every one for your warm welcome?,"Definition adapted from Wiktionary contributors, CC BY-SA 4.0: https://en.wiktionary.org/wiki/ontvangst#Dutch. Example: Elsofie (Dutch, https://tatoeba.org/en/sentences/show/8296443) and CK (English, https://tatoeba.org/en/sentences/show/22083); CC BY 2.0 FR.",B1;production,de,ontvangsten,ontvangstje,,,,,,,,false
ontwerp,"design, plan, draft",B1,noun,"People, objects and abstract concepts",Tom ontdekte een fout in het ontwerp van het schip.,Tom discovered a flaw in the ship's design.,"Definition adapted from Wiktionary contributors, CC BY-SA 4.0: https://en.wiktionary.org/wiki/ontwerp#Dutch. Example: doemaar14 (Dutch, https://tatoeba.org/en/sentences/show/4707934) and CK (English, https://tatoeba.org/en/sentences/show/1963110); CC BY 2.0 FR.",B1;production,het,ontwerpen,ontwerpje,,,,,,,,false
onzin,nonsense,B1,noun,"People, objects and abstract concepts",Ik heb geen tijd om deze onzin te bespreken.,I do not have the time to discuss this nonsense.,"No usual plural in this sense. Definition adapted from Wiktionary contributors, CC BY-SA 4.0: https://en.wiktionary.org/wiki/onzin#Dutch. Example: doemaar14 (Dutch, https://tatoeba.org/en/sentences/show/11159644) and halucnation (English, https://tatoeba.org/en/sentences/show/5733670); CC BY 2.0 FR.",B1;production,de,,,,,,,,,,false
oordeel,"opinion, judgement",B1,noun,"People, objects and abstract concepts",Het verschil tussen een bloem en onkruid is slechts een oordeel.,The difference between a flower and a weed is just judgement.,"Definition adapted from Wiktionary contributors, CC BY-SA 4.0: https://en.wiktionary.org/wiki/oordeel#Dutch. Example: Mandalay (Dutch, https://tatoeba.org/en/sentences/show/6093386) and SunnyMoon (English, https://tatoeba.org/en/sentences/show/11177984); CC BY 2.0 FR.",B1;production,het,oordelen,oordeeltje,,,,,,,,false
oorsprong,"origin; point, place or line whence one originates",B1,noun,"People, objects and abstract concepts",Er zijn veel theorieën over de oorsprong van het leven.,There are many theories about the origin of life.,"Definition adapted from Wiktionary contributors, CC BY-SA 4.0: https://en.wiktionary.org/wiki/oorsprong#Dutch. Example: Elsofie (Dutch, https://tatoeba.org/en/sentences/show/7958555) and CK (English, https://tatoeba.org/en/sentences/show/271879); CC BY 2.0 FR.",B1;production,de,oorsprongen,,,,,,,,,false
operatie,"operation, procedure, surgery",B1,noun,"People, objects and abstract concepts",Was de operatie poliklinisch?,Was the operation an outpatient procedure?,"Definition adapted from Wiktionary contributors, CC BY-SA 4.0: https://en.wiktionary.org/wiki/operatie#Dutch. Example: Micsmithel (Dutch, https://tatoeba.org/en/sentences/show/9984663) and NurseMeeks (English, https://tatoeba.org/en/sentences/show/9851468); CC BY 2.0 FR.",B1;production,de,operaties,operatietje,,,,,,,,false
opmerking,"remark, observation",B1,noun,"People, objects and abstract concepts",Ik heb die rare opmerking niet ongemerkt laten voorbijgaan.,I did not let that strange remark go unnoticed.,"Definition adapted from Wiktionary contributors, CC BY-SA 4.0: https://en.wiktionary.org/wiki/opmerking#Dutch. Example: megamanenm (Dutch, https://tatoeba.org/en/sentences/show/10893232) and megamanenm (English, https://tatoeba.org/en/sentences/show/10893233); CC BY 2.0 FR.",B1;production,de,opmerkingen,opmerkinkje,,,,,,,,false
oppervlakte,area,B1,noun,"People, objects and abstract concepts",De oppervlakte van de fabriek is duizend vierkante meter.,"The area of the factory is 1,000 square meters.","Definition adapted from Wiktionary contributors, CC BY-SA 4.0: https://en.wiktionary.org/wiki/oppervlakte#Dutch. Example: PaulP (Dutch, https://tatoeba.org/en/sentences/show/3124149) and CM (English, https://tatoeba.org/en/sentences/show/240742); CC BY 2.0 FR.",B1;production,de,oppervlakten / oppervlaktes,,,,,,,,,false
oprichter,founder,B1,noun,"People, objects and abstract concepts",Hij is de oprichter van een groot bedrijf.,He is the founder of a large company.,"Definition adapted from Wiktionary contributors, CC BY-SA 4.0: https://en.wiktionary.org/wiki/oprichter#Dutch. Example: Nylez (Dutch, https://tatoeba.org/en/sentences/show/9757095) and Nylez (English, https://tatoeba.org/en/sentences/show/9164276); CC BY 2.0 FR.",B1;production,de,oprichters,oprichtertje,,,,,,,,false
optie,option,B1,noun,"People, objects and abstract concepts",Er is een derde optie nodig.,We need a third option.,"Definition adapted from Wiktionary contributors, CC BY-SA 4.0: https://en.wiktionary.org/wiki/optie#Dutch. Example: doemaar14 (Dutch, https://tatoeba.org/en/sentences/show/10343969) and CK (English, https://tatoeba.org/en/sentences/show/9607452); CC BY 2.0 FR.",B1;production,de,opties,optietje,,,,,,,,false
opzet,"intention, intent",B1,noun,"People, objects and abstract concepts",Sami is daar met dat opzet naartoe gegaan.,Sami went there with that intent.,"No usual plural in this sense. Definition adapted from Wiktionary contributors, CC BY-SA 4.0: https://en.wiktionary.org/wiki/opzet#Dutch. Example: Micsmithel (Dutch, https://tatoeba.org/en/sentences/show/8005936) and OsoHombre (English, https://tatoeba.org/en/sentences/show/6580097); CC BY 2.0 FR.",B1;production,het,,,,,,,,,,false
orde,"order; state of being ordered, arranged, in line with rules",B1,noun,"People, objects and abstract concepts",Over het algemeen weet men maar weinig over niet-lineaire differentiaalvergelijkingen van de tweede orde.,"In general, little is known about nonlinear second order differential equations.","Definition adapted from Wiktionary contributors, CC BY-SA 4.0: https://en.wiktionary.org/wiki/orde#Dutch. Example: martinod (Dutch, https://tatoeba.org/en/sentences/show/758658) and Zifre (English, https://tatoeba.org/en/sentences/show/2380); CC BY 2.0 FR.",B1;production,de,ordes / orden,,,,,,,,,false
overwinning,"victory, triumph",B1,noun,"People, objects and abstract concepts",In 1958 heeft Brazilië zijn eerste overwinning behaald op het Wereldkampioenschap.,"In 1958, Brazil won its first World Cup victory.","Definition adapted from Wiktionary contributors, CC BY-SA 4.0: https://en.wiktionary.org/wiki/overwinning#Dutch. Example: Dorenda (Dutch, https://tatoeba.org/en/sentences/show/481128) and CK (English, https://tatoeba.org/en/sentences/show/479130); CC BY 2.0 FR.",B1;production,de,overwinningen,overwinningetje,,,,,,,,false
paniek,panic,B1,noun,"People, objects and abstract concepts",Ik wil geen paniek veroorzaken.,I don't want to cause a panic.,"No usual plural in this sense. Definition adapted from Wiktionary contributors, CC BY-SA 4.0: https://en.wiktionary.org/wiki/paniek#Dutch. Example: Citrine (Dutch, https://tatoeba.org/en/sentences/show/2323496) and CK (English, https://tatoeba.org/en/sentences/show/2323291); CC BY 2.0 FR.",B1;production,de,,paniekje,,,,,,,,false
parlement,parliament,B1,noun,"People, objects and abstract concepts",Het parlement vindt zijn oorsprong in het 14de-eeuwse Engeland.,Parliament has its beginnings in 14th-century England.,"Definition adapted from Wiktionary contributors, CC BY-SA 4.0: https://en.wiktionary.org/wiki/parlement#Dutch. Example: Micsmithel (Dutch, https://tatoeba.org/en/sentences/show/8855191) and shekitten (English, https://tatoeba.org/en/sentences/show/20022); CC BY 2.0 FR.",B1;production,het,parlementen,parlementje,,,,,,,,false
passie,passion,B1,noun,"People, objects and abstract concepts","Wie zichzelf verliest in passie, verliest minder dan wie de passie verliest.",Those who lose themselves in passion lose less than those who lose their passion.,"Definition adapted from Wiktionary contributors, CC BY-SA 4.0: https://en.wiktionary.org/wiki/passie#Dutch. Example: Rovo (Dutch, https://tatoeba.org/en/sentences/show/3071045) and Rovo (English, https://tatoeba.org/en/sentences/show/3071039); CC BY 2.0 FR.",B1;production,de,passies,passietje,,,,,,,,false
periode,period,B1,noun,"People, objects and abstract concepts",De burgers kiezen de burgemeester voor een periode van vier jaar.,The citizens choose the mayor for a period of four years.,"Definition adapted from Wiktionary contributors, CC BY-SA 4.0: https://en.wiktionary.org/wiki/periode#Dutch. Example: samson (Dutch, https://tatoeba.org/en/sentences/show/2189266) and SunnyMoon (English, https://tatoeba.org/en/sentences/show/11165133); CC BY 2.0 FR.",B1;production,de,periodes / perioden,periodetje,,,,,,,,false
perspectief,perspective,B1,noun,"People, objects and abstract concepts","In het perspectief van de mensheid is tien een belangrijk getal, omdat we natuurlijk tien vingers aan onze handen hebben.","In the perspective of humanity, ten is a major number, because naturally we have 10 fingers in our hands.","Definition adapted from Wiktionary contributors, CC BY-SA 4.0: https://en.wiktionary.org/wiki/perspectief#Dutch. Example: SunnyMoon (Dutch, https://tatoeba.org/en/sentences/show/11148901) and SunnyMoon (English, https://tatoeba.org/en/sentences/show/11148897); CC BY 2.0 FR.",B1;production,het,perspectieven,perspectiefje,,,,,,,,false
petitie,petition,B1,noun,"People, objects and abstract concepts",Meer dan 10.000 mensen ondertekenden de petitie.,"More than 10,000 people signed the petition.","Definition adapted from Wiktionary contributors, CC BY-SA 4.0: https://en.wiktionary.org/wiki/petitie#Dutch. Example: doemaar14 (Dutch, https://tatoeba.org/en/sentences/show/4718833) and darinmex (English, https://tatoeba.org/en/sentences/show/706805); CC BY 2.0 FR.",B1;production,de,petities,petitietje,,,,,,,,false
ploeg,team; crew,B1,noun,"People, objects and abstract concepts",We zien hem als de beste speler van de ploeg.,We see him as the best player in the team.,"Definition adapted from Wiktionary contributors, CC BY-SA 4.0: https://en.wiktionary.org/wiki/ploeg#Dutch. Example: martinod (Dutch, https://tatoeba.org/en/sentences/show/941708) and sundown (English, https://tatoeba.org/en/sentences/show/12758040); CC BY 2.0 FR.",B1;production,de,ploegen,ploegje,,,,,,,,false
poging,attempt,B1,noun,"People, objects and abstract concepts",Elke poging tot verzoening werd onmiddellijk in de kiem gesmoord.,Any attempt at reconciliation was immediately nipped in the bud.,"Definition adapted from Wiktionary contributors, CC BY-SA 4.0: https://en.wiktionary.org/wiki/poging#Dutch. Example: LaraCroft (Dutch, https://tatoeba.org/en/sentences/show/3010028) and tatoebashrek (English, https://tatoeba.org/en/sentences/show/12295575); CC BY 2.0 FR.",B1;production,de,pogingen,poginkje,,,,,,,,false
politicus,politician,B1,noun,"People, objects and abstract concepts",De politie trof de politicus dood aan in zijn kamer.,The police found the politician dead in his room.,"Definition adapted from Wiktionary contributors, CC BY-SA 4.0: https://en.wiktionary.org/wiki/politicus#Dutch. Example: martinod (Dutch, https://tatoeba.org/en/sentences/show/947790) and CK (English, https://tatoeba.org/en/sentences/show/238236); CC BY 2.0 FR.",B1;production,de,politici,politicusje,,,,,,,,false
premier,prime minister,B1,noun,"People, objects and abstract concepts",De premier bracht een formeel bezoek aan het Witte Huis.,The prime minister paid a formal visit to the White House.,"Definition adapted from Wiktionary contributors, CC BY-SA 4.0: https://en.wiktionary.org/wiki/premier#Dutch. Example: PaulP (Dutch, https://tatoeba.org/en/sentences/show/3371389) and CK (English, https://tatoeba.org/en/sentences/show/266153); CC BY 2.0 FR.",B1;production,de,premiers,premiertje,,,,,,,,false
privacy,privacy,B1,noun,"People, objects and abstract concepts",Sami sprak de shahada uit in de privacy van zijn eigen kamer.,Sami took the shahada in the privacy of his own room.,"No usual plural in this sense. Definition adapted from Wiktionary contributors, CC BY-SA 4.0: https://en.wiktionary.org/wiki/privacy#Dutch. Example: MarijnKp (Dutch, https://tatoeba.org/en/sentences/show/7318542) and OsoHombre (English, https://tatoeba.org/en/sentences/show/7307306); CC BY 2.0 FR.",B1;production,de,,,,,,,,,,false
product,product,B1,noun,"People, objects and abstract concepts",Ik wil dat u ons product in uw winkel verkoopt.,I want you to sell our product at your shop.,"Definition adapted from Wiktionary contributors, CC BY-SA 4.0: https://en.wiktionary.org/wiki/product#Dutch. Example: megamanenm (Dutch, https://tatoeba.org/en/sentences/show/11018251) and megamanenm (English, https://tatoeba.org/en/sentences/show/11018249); CC BY 2.0 FR.",B1;production,het,producten,productje,,,,,,,,false
programma,program,B1,noun,"People, objects and abstract concepts",Dit programma corrigeert de fouten die ik maak in mijn vertalingen.,This program corrects the mistakes I make in my translations.,"Definition adapted from Wiktionary contributors, CC BY-SA 4.0: https://en.wiktionary.org/wiki/programma#Dutch. Example: carlosalberto (Dutch, https://tatoeba.org/en/sentences/show/12929938) and carlosalberto (English, https://tatoeba.org/en/sentences/show/12929940); CC BY 2.0 FR.",B1;production,het,programma's,programmaatje,,,,,,,,false
promotie,promotion,B1,noun,"People, objects and abstract concepts",Volgens mij verdient Tom de promotie niet.,I don't think Tom deserves the promotion.,"Definition adapted from Wiktionary contributors, CC BY-SA 4.0: https://en.wiktionary.org/wiki/promotie#Dutch. Example: megamanenm (Dutch, https://tatoeba.org/en/sentences/show/12343792) and CK (English, https://tatoeba.org/en/sentences/show/8553607); CC BY 2.0 FR.",B1;production,de,promoties,promotietje,,,,,,,,false
provincie,province,B1,noun,"People, objects and abstract concepts",New York zou een provincie van Canada moeten worden.,New York should become a Canadian province.,"Definition adapted from Wiktionary contributors, CC BY-SA 4.0: https://en.wiktionary.org/wiki/provincie#Dutch. Example: PaulP (Dutch, https://tatoeba.org/en/sentences/show/13042895) and rul (English, https://tatoeba.org/en/sentences/show/13023061); CC BY 2.0 FR.",B1;production,de,provinciën / provincies,provincietje,,,,,,,,false
raad,"advice, counsel",B1,noun,"People, objects and abstract concepts",Ik heb een probleem en ik heb uw raad nodig.,I have a problem and I need your advice.,"Definition adapted from Wiktionary contributors, CC BY-SA 4.0: https://en.wiktionary.org/wiki/raad#Dutch. Example: PaulP (Dutch, https://tatoeba.org/en/sentences/show/3808663) and CK (English, https://tatoeba.org/en/sentences/show/2662984); CC BY 2.0 FR.",B1;production,de,raden,raadje,,,,,,,,false
ramp,"disaster, catastrophe",B1,noun,"People, objects and abstract concepts",We zullen eerst de oorzaak van de ramp vaststellen.,We will first ascertain the cause of the disaster.,"Definition adapted from Wiktionary contributors, CC BY-SA 4.0: https://en.wiktionary.org/wiki/ramp#Dutch. Example: megamanenm (Dutch, https://tatoeba.org/en/sentences/show/1124439) and slyfin (English, https://tatoeba.org/en/sentences/show/32808); CC BY 2.0 FR.",B1;production,de,rampen,rampje,,,,,,,,false
realiteit,reality,B1,noun,"People, objects and abstract concepts",De zoete droom moet voor de bittere realiteit plaatsmaken.,The sweet dream needs to be substituted for bitter reality.,"Definition adapted from Wiktionary contributors, CC BY-SA 4.0: https://en.wiktionary.org/wiki/realiteit#Dutch. Example: Akradna (Dutch, https://tatoeba.org/en/sentences/show/1621303) and SunnyMoon (English, https://tatoeba.org/en/sentences/show/11162456); CC BY 2.0 FR.",B1;production,de,realiteiten,realiteitje,,,,,,,,false
rechtbank,court of first instance,B1,noun,"People, objects and abstract concepts",Wat was de beslissing van de rechtbank?,What was the court's decision?,"Definition adapted from Wiktionary contributors, CC BY-SA 4.0: https://en.wiktionary.org/wiki/rechtbank#Dutch. Example: carlosalberto (Dutch, https://tatoeba.org/en/sentences/show/11518374) and carlosalberto (English, https://tatoeba.org/en/sentences/show/11518355); CC BY 2.0 FR.",B1;production,de,rechtbanken,rechtbankje,,,,,,,,false
record,"record, a best achievement",B1,noun,"People, objects and abstract concepts",Ik denk dat ik het record van Tom kan verbreken.,I think I can beat Tom's record.,"Definition adapted from Wiktionary contributors, CC BY-SA 4.0: https://en.wiktionary.org/wiki/record#Dutch. Example: Micsmithel (Dutch, https://tatoeba.org/en/sentences/show/6844845) and CK (English, https://tatoeba.org/en/sentences/show/6817134); CC BY 2.0 FR.",B1;production,het,records,recordje,,,,,,,,false
reputatie,reputation,B1,noun,"People, objects and abstract concepts",Die autodealer heeft de reputatie rammelbakken te verkopen.,That car dealership has a reputation for selling lemons.,"Definition adapted from Wiktionary contributors, CC BY-SA 4.0: https://en.wiktionary.org/wiki/reputatie#Dutch. Example: Micsmithel (Dutch, https://tatoeba.org/en/sentences/show/7958370) and darinmex (English, https://tatoeba.org/en/sentences/show/603587); CC BY 2.0 FR.",B1;production,de,reputaties,reputatietje,,,,,,,,false
schatting,estimate,B1,noun,"People, objects and abstract concepts",Volgens de laagste schatting zal dat dertigduizend jen kosten.,It will cost thirty thousand yen at the lowest estimate.,"Definition adapted from Wiktionary contributors, CC BY-SA 4.0: https://en.wiktionary.org/wiki/schatting#Dutch. Example: martinod (Dutch, https://tatoeba.org/en/sentences/show/578468) and Eldad (English, https://tatoeba.org/en/sentences/show/36756); CC BY 2.0 FR.",B1;production,de,schattingen,schattingetje,,,,,,,,false
scheiding,divorce,B1,noun,"People, objects and abstract concepts",Ik heb mijn ex-vrouw niet gezien sinds onze scheiding.,I haven't seen my ex-wife since our divorce.,"Definition adapted from Wiktionary contributors, CC BY-SA 4.0: https://en.wiktionary.org/wiki/scheiding#Dutch. Example: Nylez (Dutch, https://tatoeba.org/en/sentences/show/9456333) and shekitten (English, https://tatoeba.org/en/sentences/show/9456335); CC BY 2.0 FR.",B1;production,de,scheidingen,scheidinkje,,,,,,,,false
service,service,B1,noun,"People, objects and abstract concepts",Dit restaurant is ongeëvenaard wat betreft het niveau van de service.,This restaurant can't be matched for good service.,"Definition adapted from Wiktionary contributors, CC BY-SA 4.0: https://en.wiktionary.org/wiki/service#Dutch. Example: PaulP (Dutch, https://tatoeba.org/en/sentences/show/13513396) and orcrist (English, https://tatoeba.org/en/sentences/show/60338); CC BY 2.0 FR.",B1;production,de,services,,,,,,,,,false
signaal,signal,B1,noun,"People, objects and abstract concepts","Gabriel probeerde een signaal op zijn telefoon te krijgen, maar het lukte hem niet.",Gabriel tried to get a signal on his phone but he failed.,"Definition adapted from Wiktionary contributors, CC BY-SA 4.0: https://en.wiktionary.org/wiki/signaal#Dutch. Example: Slam4 (Dutch, https://tatoeba.org/en/sentences/show/11762258) and Amastan (English, https://tatoeba.org/en/sentences/show/11757461); CC BY 2.0 FR.",B1;production,het,signalen,signaaltje,,,,,,,,false
smaak,"taste, sense of taste",B1,noun,"People, objects and abstract concepts",De sinaasappel liet een vreemde smaak achter in mijn mond.,The orange left a strange taste in my mouth.,"Definition adapted from Wiktionary contributors, CC BY-SA 4.0: https://en.wiktionary.org/wiki/smaak#Dutch. Example: MarijnKp (Dutch, https://tatoeba.org/en/sentences/show/7586003) and CM (English, https://tatoeba.org/en/sentences/show/50604); CC BY 2.0 FR.",B1;production,de,smaken,smaakje,,,,,,,,false
snelheid,"speed, velocity",B1,noun,"People, objects and abstract concepts",Tom rijdt gewoonlijk iets harder dan de toegestane snelheid.,Tom usually drives slightly over the speed limit.,"Definition adapted from Wiktionary contributors, CC BY-SA 4.0: https://en.wiktionary.org/wiki/snelheid#Dutch. Example: Mikedebie (Dutch, https://tatoeba.org/en/sentences/show/4811066) and CK (English, https://tatoeba.org/en/sentences/show/4805532); CC BY 2.0 FR.",B1;production,de,snelheden,snelheidje,,,,,,,,false
software,software,B1,noun,"People, objects and abstract concepts",De GUI van de nieuwe software is gebruiksvriendelijk en efficiënt.,The new software's GUI is user-friendly and efficient.,"No usual plural in this sense. Definition adapted from Wiktionary contributors, CC BY-SA 4.0: https://en.wiktionary.org/wiki/software#Dutch. Example: megamanenm (Dutch, https://tatoeba.org/en/sentences/show/12496523) and Lumi (English, https://tatoeba.org/en/sentences/show/12483997); CC BY 2.0 FR.",B1;production,de,,,,,,,,,,false
soort,"sort, kind",B1,noun,"People, objects and abstract concepts",Ik ben niet geboren om dit soort dingen te doen.,I wasn't born to do this kind of stuff.,"Definition adapted from Wiktionary contributors, CC BY-SA 4.0: https://en.wiktionary.org/wiki/soort#Dutch. Example: doemaar14 (Dutch, https://tatoeba.org/en/sentences/show/12326368) and Winter (English, https://tatoeba.org/en/sentences/show/12007041); CC BY 2.0 FR.",B1;production,het,soorten,,,,,,,,,false
standaard,"standard, norm",B1,noun,"People, objects and abstract concepts",Kun je me een voorbeeld geven van een dubbele standaard.,Can you give me an example of a double standard?,"Definition adapted from Wiktionary contributors, CC BY-SA 4.0: https://en.wiktionary.org/wiki/standaard#Dutch. Example: mvdstelt (Dutch, https://tatoeba.org/en/sentences/show/11199732) and maaster (English, https://tatoeba.org/en/sentences/show/11199416); CC BY 2.0 FR.",B1;production,de,standaarden / standaards,standaardje,,,,,,,,false
stap,step,B1,noun,"People, objects and abstract concepts",Van het sublieme naar het lachwekkende is maar een stap.,From the sublime to the laughable is just one step.,"Definition adapted from Wiktionary contributors, CC BY-SA 4.0: https://en.wiktionary.org/wiki/stap#Dutch. Example: martinod (Dutch, https://tatoeba.org/en/sentences/show/781815) and SunnyMoon (English, https://tatoeba.org/en/sentences/show/11176298); CC BY 2.0 FR.",B1;production,de,stappen,stapje,,,,,,,,false
stem,"voice, sound made by the mouth using airflow",B1,noun,"People, objects and abstract concepts",Hij hoorde het geluid van mijn stem.,He heard the sound of my voice.,"Definition adapted from Wiktionary contributors, CC BY-SA 4.0: https://en.wiktionary.org/wiki/stem#Dutch. Example: PaulP (Dutch, https://tatoeba.org/en/sentences/show/11810347) and Tom9358 (English, https://tatoeba.org/en/sentences/show/12929679); CC BY 2.0 FR.",B1;production,de,stemmen,stemmetje,,,,,,,,false
stemming,"mood, atmosphere",B1,noun,"People, objects and abstract concepts",Ik ben niet in de stemming om nu te zingen.,I'm not in the mood to sing right now.,"Definition adapted from Wiktionary contributors, CC BY-SA 4.0: https://en.wiktionary.org/wiki/stemming#Dutch. Example: doemaar14 (Dutch, https://tatoeba.org/en/sentences/show/10325812) and CK (English, https://tatoeba.org/en/sentences/show/7873735); CC BY 2.0 FR.",B1;production,de,stemmingen,stemminkje,,,,,,,,false
stijging,increase,B1,noun,"People, objects and abstract concepts",Vanaf de vroege jaren 2010 is er een aanzienlijke stijging in eenzaamheid en depressie bij adolescenten over de hele wereld.,Starting in the early 2010s there has been a significant worldwide increase in loneliness and depression among adolescents.,"Definition adapted from Wiktionary contributors, CC BY-SA 4.0: https://en.wiktionary.org/wiki/stijging#Dutch. Example: megamanenm (Dutch, https://tatoeba.org/en/sentences/show/10189170) and megamanenm (English, https://tatoeba.org/en/sentences/show/10189166); CC BY 2.0 FR.",B1;production,de,stijgingen,stijginkje,,,,,,,,false
stijl,"style, fashion",B1,noun,"People, objects and abstract concepts",Die schrijver is bekend voor zijn spottende stijl.,That writer is known for his derisive style.,"Definition adapted from Wiktionary contributors, CC BY-SA 4.0: https://en.wiktionary.org/wiki/stijl#Dutch. Example: PaulP (Dutch, https://tatoeba.org/en/sentences/show/4950351) and Miktsoanit (English, https://tatoeba.org/en/sentences/show/12263782); CC BY 2.0 FR.",B1;production,de,stijlen,stijltje,,,,,,,,false
stilte,silence,B1,noun,"People, objects and abstract concepts",Het geschreeuw van de vogel verbrak de stilte van het bos.,The bird's cry broke the silence of the woods.,"Definition adapted from Wiktionary contributors, CC BY-SA 4.0: https://en.wiktionary.org/wiki/stilte#Dutch. Example: javyoze (Dutch, https://tatoeba.org/en/sentences/show/462247) and beauzavier (English, https://tatoeba.org/en/sentences/show/460323); CC BY 2.0 FR.",B1;production,de,stilten / stiltes,stiltetje,,,,,,,,false
stof,dust,B1,noun,"People, objects and abstract concepts",Ze schudde het tapijt om het stof eruit te krijgen.,She shook the rug to get dust out of it.,"No usual plural in this sense. Definition adapted from Wiktionary contributors, CC BY-SA 4.0: https://en.wiktionary.org/wiki/stof#Dutch. Example: megamanenm (Dutch, https://tatoeba.org/en/sentences/show/3406447) and CM (English, https://tatoeba.org/en/sentences/show/310856); CC BY 2.0 FR.",B1;production,het,,stofje,,,,,,,,false
straf,"punishment, penalty, sanction",B1,noun,"People, objects and abstract concepts",In veel landen is de doodstraf de zwaarste straf.,"In many countries, the death penalty is the most severe punishment.","Definition adapted from Wiktionary contributors, CC BY-SA 4.0: https://en.wiktionary.org/wiki/straf#Dutch. Example: Elsofie (Dutch, https://tatoeba.org/en/sentences/show/8514675) and AlanF_US (English, https://tatoeba.org/en/sentences/show/4919815); CC BY 2.0 FR.",B1;production,de,straffen,strafje,,,,,,,,false
symbool,"symbol, sign, character, glyph or anything of symbolic value",B1,noun,"People, objects and abstract concepts",Berlijn is een symbool van de eenheid tussen Oost en West.,Berlin is a symbol of union between East and West.,"Definition adapted from Wiktionary contributors, CC BY-SA 4.0: https://en.wiktionary.org/wiki/symbool#Dutch. Example: Mandalay (Dutch, https://tatoeba.org/en/sentences/show/6089715) and AsaeP (English, https://tatoeba.org/en/sentences/show/6089322); CC BY 2.0 FR.",B1;production,het,symbolen,symbooltje,,,,,,,,false
technologie,technology,B1,noun,"People, objects and abstract concepts",Ik ben dankbaar dat de technologie er is.,I'm thankful for technology.,"Definition adapted from Wiktionary contributors, CC BY-SA 4.0: https://en.wiktionary.org/wiki/technologie#Dutch. Example: Micsmithel (Dutch, https://tatoeba.org/en/sentences/show/6875510) and CK (English, https://tatoeba.org/en/sentences/show/6873112); CC BY 2.0 FR.",B1;production,de,technologieën,technologietje,,,,,,,,false
tegenstander,"adversary, opponent",B1,noun,"People, objects and abstract concepts",De mat gezette speler schudde de hand van zijn tegenstander.,The checkmated player shook the hand of his opponent.,"Definition adapted from Wiktionary contributors, CC BY-SA 4.0: https://en.wiktionary.org/wiki/tegenstander#Dutch. Example: megamanenm (Dutch, https://tatoeba.org/en/sentences/show/11535548) and megamanenm (English, https://tatoeba.org/en/sentences/show/11535549); CC BY 2.0 FR.",B1;production,de,tegenstanders,tegenstandertje,,,,,,,,false
teken,"sign, indication, mark",B1,noun,"People, objects and abstract concepts","Ik leef, zelfs al geef ik geen teken van leven.",I am alive even though I am not giving any sign of life.,"Definition adapted from Wiktionary contributors, CC BY-SA 4.0: https://en.wiktionary.org/wiki/teken#Dutch. Example: PaulP (Dutch, https://tatoeba.org/en/sentences/show/4275658) and laurafults (English, https://tatoeba.org/en/sentences/show/2053); CC BY 2.0 FR.",B1;production,het,tekenen / tekens,tekentje,,,,,,,,false
test,test,B1,noun,"People, objects and abstract concepts",Tom wist dat hij de test niet zou kunnen halen.,Tom knew that he wouldn't be able to pass the test.,"Definition adapted from Wiktionary contributors, CC BY-SA 4.0: https://en.wiktionary.org/wiki/test#Dutch. Example: purple_ice (Dutch, https://tatoeba.org/en/sentences/show/11901603) and CK (English, https://tatoeba.org/en/sentences/show/3820326); CC BY 2.0 FR.",B1;production,de,testen / tests,testje,,,,,,,,false
toernooi,tournament,B1,noun,"People, objects and abstract concepts",Dat toernooi heb je alleen maar gewonnen omdat niemand anders zich inschreef.,You only won the tournament because no one else signed up.,"Definition adapted from Wiktionary contributors, CC BY-SA 4.0: https://en.wiktionary.org/wiki/toernooi#Dutch. Example: megamanenm (Dutch, https://tatoeba.org/en/sentences/show/10189133) and megamanenm (English, https://tatoeba.org/en/sentences/show/10189132); CC BY 2.0 FR.",B1;production,het,toernooien,toernooitje,,,,,,,,false
toestand,"situation, condition",B1,noun,"People, objects and abstract concepts",De toestand van de patiënt verandert van dag tot dag.,The patient's condition changes from day to day.,"Definition adapted from Wiktionary contributors, CC BY-SA 4.0: https://en.wiktionary.org/wiki/toestand#Dutch. Example: MarijnKp (Dutch, https://tatoeba.org/en/sentences/show/12976722) and CK (English, https://tatoeba.org/en/sentences/show/21066); CC BY 2.0 FR.",B1;production,de,toestanden,toestandje,,,,,,,,false
toeval,"accident, chance",B1,noun,"People, objects and abstract concepts",Hij laat alles over aan het toeval.,He leaves everything to chance.,"Definition adapted from Wiktionary contributors, CC BY-SA 4.0: https://en.wiktionary.org/wiki/toeval#Dutch. Example: koosscharroo (Dutch, https://tatoeba.org/en/sentences/show/448584) and sundown (English, https://tatoeba.org/en/sentences/show/9435584); CC BY 2.0 FR.",B1;production,het,toevallen,toevalletje,,,,,,,,false
traditie,tradition,B1,noun,"People, objects and abstract concepts",Het is een Chinese traditie om de lente met bloemen te verwelkomen.,It is a Chinese tradition to welcome spring with flowers.,"Definition adapted from Wiktionary contributors, CC BY-SA 4.0: https://en.wiktionary.org/wiki/traditie#Dutch. Example: MarijnKp (Dutch, https://tatoeba.org/en/sentences/show/8563086) and eastasiastudent (English, https://tatoeba.org/en/sentences/show/766016); CC BY 2.0 FR.",B1;production,de,tradities,traditietje,,,,,,,,false
uiterlijk,appearance,B1,noun,"People, objects and abstract concepts",Je moet niet spotten met het uiterlijk van gehandicapte mensen.,You should not mock the appearance of disabled people.,"Definition adapted from Wiktionary contributors, CC BY-SA 4.0: https://en.wiktionary.org/wiki/uiterlijk#Dutch. Example: samson (Dutch, https://tatoeba.org/en/sentences/show/2186080) and tatoebashrek (English, https://tatoeba.org/en/sentences/show/11890610); CC BY 2.0 FR.",B1;production,het,uiterlijken,uiterlijkje,,,,,,,,false
uitgave,edition,B1,noun,"People, objects and abstract concepts",Een herziene uitgave van de encyclopedie werd gepubliceerd.,A revised edition of the encyclopedia was published.,"Definition adapted from Wiktionary contributors, CC BY-SA 4.0: https://en.wiktionary.org/wiki/uitgave#Dutch. Example: Micsmithel (Dutch, https://tatoeba.org/en/sentences/show/7064155) and CM (English, https://tatoeba.org/en/sentences/show/44330); CC BY 2.0 FR.",B1;production,de,uitgaven / uitgaves,uitgavetje,,,,,,,,false
update,update,B1,noun,"People, objects and abstract concepts",Er is een nieuwe update beschikbaar.,A new update is available.,"Definition adapted from Wiktionary contributors, CC BY-SA 4.0: https://en.wiktionary.org/wiki/update#Dutch. Example: megamanenm (Dutch, https://tatoeba.org/en/sentences/show/9167437) and megamanenm (English, https://tatoeba.org/en/sentences/show/9167436); CC BY 2.0 FR.",B1;production,de,updates,updateje,,,,,,,,false
verbod,ban,B1,noun,"People, objects and abstract concepts",Hij vroeg de ambtenaren om het verbod op te heffen.,He asked the officials to lift the ban.,"Definition adapted from Wiktionary contributors, CC BY-SA 4.0: https://en.wiktionary.org/wiki/verbod#Dutch. Example: anders (Dutch, https://tatoeba.org/en/sentences/show/2839144) and Source_VOA (English, https://tatoeba.org/en/sentences/show/803145); CC BY 2.0 FR.",B1;production,het,verboden,verbodje,,,,,,,,false
vergelijking,equation,B1,noun,"People, objects and abstract concepts",Ik weet niet hoe ik deze wiskundige vergelijking kan aantonen.,I don't know how to prove this math equation.,"Definition adapted from Wiktionary contributors, CC BY-SA 4.0: https://en.wiktionary.org/wiki/vergelijking#Dutch. Example: Mandalay (Dutch, https://tatoeba.org/en/sentences/show/6131539) and Source_VOA (English, https://tatoeba.org/en/sentences/show/681809); CC BY 2.0 FR.",B1;production,de,vergelijkingen,vergelijkinkje,,,,,,,,false
verleden,past,B1,noun,"People, objects and abstract concepts",Niemand kan in het verleden leven. Het leven is nu.,Nobody can live in the past. Life is now.,"No usual plural in this sense. Definition adapted from Wiktionary contributors, CC BY-SA 4.0: https://en.wiktionary.org/wiki/verleden#Dutch. Example: carlosalberto (Dutch, https://tatoeba.org/en/sentences/show/13330579) and carlosalberto (English, https://tatoeba.org/en/sentences/show/13330537); CC BY 2.0 FR.",B1;production,het,,,,,,,,,,false
verstand,"reason, mind, intellect, brains, wit",B1,noun,"People, objects and abstract concepts",Ik dacht dat ik mijn verstand aan het verliezen was.,I thought I was losing my mind.,"No usual plural in this sense. Definition adapted from Wiktionary contributors, CC BY-SA 4.0: https://en.wiktionary.org/wiki/verstand#Dutch. Example: megamanenm (Dutch, https://tatoeba.org/en/sentences/show/6284260) and CK (English, https://tatoeba.org/en/sentences/show/1961308); CC BY 2.0 FR.",B1;production,het,,verstandje,,,,,,,,false
verzameling,collection,B1,noun,"People, objects and abstract concepts",Tatoeba is een verzameling van zinnen en vertalingen.,Tatoeba is a collection of sentences and translations.,"Definition adapted from Wiktionary contributors, CC BY-SA 4.0: https://en.wiktionary.org/wiki/verzameling#Dutch. Example: SunnyMoon (Dutch, https://tatoeba.org/en/sentences/show/11219391) and espamatics (English, https://tatoeba.org/en/sentences/show/10075508); CC BY 2.0 FR.",B1;production,de,verzamelingen,verzamelingetje,,,,,,,,false
video,"video, movie",B1,noun,"People, objects and abstract concepts",Sami heeft geen flauw idee hoelang deze video zal zijn.,Sami has no clue how long this video is going to be.,"Definition adapted from Wiktionary contributors, CC BY-SA 4.0: https://en.wiktionary.org/wiki/video#Dutch. Example: megamanenm (Dutch, https://tatoeba.org/en/sentences/show/9729321) and OsoHombre (English, https://tatoeba.org/en/sentences/show/7184875); CC BY 2.0 FR.",B1;production,de,video's,videootje,,,,,,,,false
virus,virus,B1,noun,"People, objects and abstract concepts",Ik denk dat ik een virus op mijn computer heb.,I think I have a virus on my computer.,"Definition adapted from Wiktionary contributors, CC BY-SA 4.0: https://en.wiktionary.org/wiki/virus#Dutch. Example: MarijnKp (Dutch, https://tatoeba.org/en/sentences/show/8735427) and meirad (English, https://tatoeba.org/en/sentences/show/4873724); CC BY 2.0 FR.",B1;production,het,virussen,virusje,,,,,,,,false
voorkeur,preference,B1,noun,"People, objects and abstract concepts","Jij wilt dat de zon schijnt, maar ik geef de voorkeur aan regen.","You want the Sun to shine, but I give the preference to rain.","Definition adapted from Wiktionary contributors, CC BY-SA 4.0: https://en.wiktionary.org/wiki/voorkeur#Dutch. Example: Nylez (Dutch, https://tatoeba.org/en/sentences/show/9178933) and SunnyMoon (English, https://tatoeba.org/en/sentences/show/11173887); CC BY 2.0 FR.",B1;production,de,voorkeuren,voorkeurtje,,,,,,,,false
voorraad,"stock, provision",B1,noun,"People, objects and abstract concepts",Hij wilde de voorraad zo snel mogelijk aanvullen.,He wanted to replenish the stock as soon as possible.,"Definition adapted from Wiktionary contributors, CC BY-SA 4.0: https://en.wiktionary.org/wiki/voorraad#Dutch. Example: Elsofie (Dutch, https://tatoeba.org/en/sentences/show/7948460) and MarijnKp (English, https://tatoeba.org/en/sentences/show/9358551); CC BY 2.0 FR.",B1;production,de,voorraden,voorraadje,,,,,,,,false
vorm,"form, shape",B1,noun,"People, objects and abstract concepts",Maria was een duivel in de vorm van een vrouw.,Maria was a devil in the shape of a woman.,"Definition adapted from Wiktionary contributors, CC BY-SA 4.0: https://en.wiktionary.org/wiki/vorm#Dutch. Example: Tom9358 (Dutch, https://tatoeba.org/en/sentences/show/13035342) and marcelostockle (English, https://tatoeba.org/en/sentences/show/2783416); CC BY 2.0 FR.",B1;production,de,vormen,vormpje,,,,,,,,false
vrede,peace,B1,noun,"People, objects and abstract concepts",Sami zei dat hij zijn vrede in de islam vond.,Sami said he found his peace in Islam.,"No usual plural in this sense. Definition adapted from Wiktionary contributors, CC BY-SA 4.0: https://en.wiktionary.org/wiki/vrede#Dutch. Example: MarijnKp (Dutch, https://tatoeba.org/en/sentences/show/8001632) and OsoHombre (English, https://tatoeba.org/en/sentences/show/7306898); CC BY 2.0 FR.",B1;production,de,,,,,,,,,,false
waarheid,truth,B1,noun,"People, objects and abstract concepts","Pilatus vroeg wat de waarheid was, maar Jezus antwoordde niet.","Pilate asked what the truth was, but Jesus did not answer.","Definition adapted from Wiktionary contributors, CC BY-SA 4.0: https://en.wiktionary.org/wiki/waarheid#Dutch. Example: doemaar14 (Dutch, https://tatoeba.org/en/sentences/show/11578072) and carlosalberto (English, https://tatoeba.org/en/sentences/show/11577740); CC BY 2.0 FR.",B1;production,de,waarheden,waarheidje,,,,,,,,false
website,web site,B1,noun,"People, objects and abstract concepts",Bevat de website van ALC een archief van Engelse uitdrukkingen?,Does ALC's web site include an archive of English expressions?,"Definition adapted from Wiktionary contributors, CC BY-SA 4.0: https://en.wiktionary.org/wiki/website#Dutch. Example: MarijnKp (Dutch, https://tatoeba.org/en/sentences/show/10738125) and Dejo (English, https://tatoeba.org/en/sentences/show/67316); CC BY 2.0 FR.",B1;production,de,websites,websiteje,,,,,,,,false
werkelijkheid,reality,B1,noun,"People, objects and abstract concepts",Het heden is de enige werkelijkheid en de enige zekerheid.,The present is the only reality and the only certainty.,"Definition adapted from Wiktionary contributors, CC BY-SA 4.0: https://en.wiktionary.org/wiki/werkelijkheid#Dutch. Example: Micsmithel (Dutch, https://tatoeba.org/en/sentences/show/7084510) and carlosalberto (English, https://tatoeba.org/en/sentences/show/3085281); CC BY 2.0 FR.",B1;production,de,werkelijkheden,werkelijkheidje,,,,,,,,false
wetenschap,"science, scholarly knowledge, scholarship",B1,noun,"People, objects and abstract concepts",Het leven is geen exacte wetenschap. Het is een kunst.,"Life is not an exact science, it is an art.","Definition adapted from Wiktionary contributors, CC BY-SA 4.0: https://en.wiktionary.org/wiki/wetenschap#Dutch. Example: PaulP (Dutch, https://tatoeba.org/en/sentences/show/4274019) and CM (English, https://tatoeba.org/en/sentences/show/2275); CC BY 2.0 FR.",B1;production,de,wetenschappen,,,,,,,,,false
zoektocht,"search, quest",B1,noun,"People, objects and abstract concepts",Er zijn bij de zoektocht geen wapens gevonden.,No weapons were found during the search.,"Definition adapted from Wiktionary contributors, CC BY-SA 4.0: https://en.wiktionary.org/wiki/zoektocht#Dutch. Example: doemaar14 (Dutch, https://tatoeba.org/en/sentences/show/12362350) and CK (English, https://tatoeba.org/en/sentences/show/11850255); CC BY 2.0 FR.",B1;production,de,zoektochten,zoektochtje,,,,,,,,false
aanzienlijk,considerable,B1,adjective,Precise descriptions,Enkel mensen van een aanzienlijke verwaandheid schrijven boeken.,Only men of considerable vanity write books.,"Definition adapted from Wiktionary contributors, CC BY-SA 4.0: https://en.wiktionary.org/wiki/aanzienlijk#Dutch. Example: megamanenm (Dutch, https://tatoeba.org/en/sentences/show/6288085) and Hybrid (English, https://tatoeba.org/en/sentences/show/6287138); CC BY 2.0 FR.",B1;production,,,,,,,,aanzienlijke,aanzienlijker,aanzienlijkst,false
absoluut,"absolute, complete, perfect",B1,adjective,Precise descriptions,Weten hoe je werkwoorden moet vervoegen is een absolute noodzaak.,Knowing how to conjugate verbs is an absolute necessity.,"Definition adapted from Wiktionary contributors, CC BY-SA 4.0: https://en.wiktionary.org/wiki/absoluut#Dutch. Example: Micsmithel (Dutch, https://tatoeba.org/en/sentences/show/10706202) and AmarMecheri (English, https://tatoeba.org/en/sentences/show/7062758); CC BY 2.0 FR.",B1;production,,,,,,,,absolute,absoluter,absoluutst,false
administratief,administrative,B1,adjective,Precise descriptions,De geregistreerde verpleegkundige heeft gewoonlijk een meer administratieve rol dan de gediplomeerde praktijkverpleegkundige.,The Registered Nurse usually has more of an administrative role than the Licensed Practical Nurse.,"Definition adapted from Wiktionary contributors, CC BY-SA 4.0: https://en.wiktionary.org/wiki/administratief#Dutch. Example: Micsmithel (Dutch, https://tatoeba.org/en/sentences/show/9986471) and NurseMeeks (English, https://tatoeba.org/en/sentences/show/9850805); CC BY 2.0 FR.",B1;production,,,,,,,,administratieve,,,false
afgelegen,remote,B1,adjective,Precise descriptions,Hij woonde in een afgelegen huis.,He lived in a remote house.,"Definition adapted from Wiktionary contributors, CC BY-SA 4.0: https://en.wiktionary.org/wiki/afgelegen#Dutch. Example: Tom9358 (Dutch, https://tatoeba.org/en/sentences/show/12801068) and Tom9358 (English, https://tatoeba.org/en/sentences/show/12801070); CC BY 2.0 FR.",B1;production,,,,,,,,afgelegen,afgelegener,afgelegenst,false
afschuwelijk,"heinous, horrible",B1,adjective,Precise descriptions,Die nacht droomde hij een afschuwelijke droom.,That night he dreamed a horrible dream.,"Definition adapted from Wiktionary contributors, CC BY-SA 4.0: https://en.wiktionary.org/wiki/afschuwelijk#Dutch. Example: Citrine (Dutch, https://tatoeba.org/en/sentences/show/1478299) and GoddessSK (English, https://tatoeba.org/en/sentences/show/1461979); CC BY 2.0 FR.",B1;production,,,,,,,,afschuwelijke,afschuwelijker,afschuwelijkst,false
arrogant,arrogant,B1,adjective,Precise descriptions,Ga je nu je mond houden met je arrogante opmerkingen?,Now will you shut up with the arrogant comments?,"Definition adapted from Wiktionary contributors, CC BY-SA 4.0: https://en.wiktionary.org/wiki/arrogant#Dutch. Example: PaulP (Dutch, https://tatoeba.org/en/sentences/show/3851677) and mccarras (English, https://tatoeba.org/en/sentences/show/8984155); CC BY 2.0 FR.",B1;production,,,,,,,,arrogante,arroganter,arrogantst,false
boeiend,"captivating, interesting",B1,adjective,Precise descriptions,Hij vertelde een boeiend verhaal.,He told an interesting story.,"Definition adapted from Wiktionary contributors, CC BY-SA 4.0: https://en.wiktionary.org/wiki/boeiend#Dutch. Example from the same Wiktionary entry (CC BY-SA 4.0).",B1;production,,,,,,,,boeiende,boeiender,boeiendst,false
complex,complex,B1,adjective,Precise descriptions,Ik heb zijn bekwaamheid in het lezen en begrijpen van complexe teksten altijd bewonderd.,I always admired his ability to read and understand complex texts.,"Definition adapted from Wiktionary contributors, CC BY-SA 4.0: https://en.wiktionary.org/wiki/complex#Dutch. Example: megamanenm (Dutch, https://tatoeba.org/en/sentences/show/11509442) and megamanenm (English, https://tatoeba.org/en/sentences/show/11509441); CC BY 2.0 FR.",B1;production,,,,,,,,complexe,complexer,meest complex,false
dapper,"brave, courageous",B1,adjective,Precise descriptions,"Voor iemand die dapper is, is elke dierentuin een kinderboerderij.","For the brave, every zoo is a petting zoo.","Definition adapted from Wiktionary contributors, CC BY-SA 4.0: https://en.wiktionary.org/wiki/dapper#Dutch. Example: DerpyHooves (Dutch, https://tatoeba.org/en/sentences/show/3523173) and shekitten (English, https://tatoeba.org/en/sentences/show/2826532); CC BY 2.0 FR.",B1;production,,,,,,,,dappere,dapperder,dapperst,false
defect,"broken, not working",B1,adjective,Precise descriptions,Kunt u de defecte radio maken?,Can you fix the broken radio?,"Definition adapted from Wiktionary contributors, CC BY-SA 4.0: https://en.wiktionary.org/wiki/defect#Dutch. Example: PaulP (Dutch, https://tatoeba.org/en/sentences/show/3209541) and francaisr0wlet (English, https://tatoeba.org/en/sentences/show/22306); CC BY 2.0 FR.",B1;production,,,,,,,,defecte,defecter,defectst,false
efficiënt,efficient,B1,adjective,Precise descriptions,De GUI van de nieuwe software is gebruiksvriendelijk en efficiënt.,The new software's GUI is user-friendly and efficient.,"Definition adapted from Wiktionary contributors, CC BY-SA 4.0: https://en.wiktionary.org/wiki/effici%C3%ABnt#Dutch. Example: megamanenm (Dutch, https://tatoeba.org/en/sentences/show/12496523) and Lumi (English, https://tatoeba.org/en/sentences/show/12483997); CC BY 2.0 FR.",B1;production,,,,,,,,efficiënte,efficiënter,efficiëntst,false
elektronisch,electronic,B1,adjective,Precise descriptions,Ik luister veel naar elektronische muziek.,I listen to a lot of electronic music.,"Definition adapted from Wiktionary contributors, CC BY-SA 4.0: https://en.wiktionary.org/wiki/elektronisch#Dutch. Example: Nylez (Dutch, https://tatoeba.org/en/sentences/show/9391702) and megamanenm (English, https://tatoeba.org/en/sentences/show/10218325); CC BY 2.0 FR.",B1;production,,,,,,,,elektronische,elektronischer,meest elektronisch,false
fantastisch,"fantastic, great",B1,adjective,Precise descriptions,In de zomer heb ik een fantastische week doorgebracht in Griekenland.,In summer I spent a fantastic week in Greece.,"Definition adapted from Wiktionary contributors, CC BY-SA 4.0: https://en.wiktionary.org/wiki/fantastisch#Dutch. Example: carlosalberto (Dutch, https://tatoeba.org/en/sentences/show/11450983) and carlosalberto (English, https://tatoeba.org/en/sentences/show/11450936); CC BY 2.0 FR.",B1;production,,,,,,,,fantastische,fantastischer,meest fantastisch,false
fulltime,full-time,B1,adjective,Precise descriptions,Ik denk niet dat Tom een fulltime baan heeft.,I don't think that Tom has a full-time job.,"Definition adapted from Wiktionary contributors, CC BY-SA 4.0: https://en.wiktionary.org/wiki/fulltime#Dutch. Example: Micsmithel (Dutch, https://tatoeba.org/en/sentences/show/8005939) and CK (English, https://tatoeba.org/en/sentences/show/7231218); CC BY 2.0 FR.",B1;production,,,,,,,,fulltime,,,false
geheim,secret,B1,adjective,Precise descriptions,Ik heb een geheim dat ik aan niemand kan vertellen.,I have a secret I can't tell anyone.,"Definition adapted from Wiktionary contributors, CC BY-SA 4.0: https://en.wiktionary.org/wiki/geheim#Dutch. Example: megamanenm (Dutch, https://tatoeba.org/en/sentences/show/10773097) and CK (English, https://tatoeba.org/en/sentences/show/2952121); CC BY 2.0 FR.",B1;production,,,,,,,,geheime,geheimer,geheimst,false
hecht,"tight, close-knit",B1,adjective,Precise descriptions,We woonden in een hechte en levendige buurt.,We lived in a close-knit and vibrant neighborhood.,"Definition adapted from Wiktionary contributors, CC BY-SA 4.0: https://en.wiktionary.org/wiki/hecht#Dutch. Example: kiryopi (Dutch, https://tatoeba.org/en/sentences/show/13365900) and kiryopi (English, https://tatoeba.org/en/sentences/show/13365898); CC BY 2.0 FR.",B1;production,,,,,,,,hechte,hechter,hechtst,false
hevig,intense,B1,adjective,Precise descriptions,Er werd hevig gevochten in Marioepol.,There was intense fighting in Mariupol.,"Definition adapted from Wiktionary contributors, CC BY-SA 4.0: https://en.wiktionary.org/wiki/hevig#Dutch. Example: MarijnKp (Dutch, https://tatoeba.org/en/sentences/show/11484915) and Amastan (English, https://tatoeba.org/en/sentences/show/10925804); CC BY 2.0 FR.",B1;production,,,,,,,,hevige,heviger,hevigst,false
huidig,"current, present",B1,adjective,Precise descriptions,De piloot leest haar huidige hoogte af van de hoogtemeter.,The pilot reads her current altitude from the altimeter.,"Definition adapted from Wiktionary contributors, CC BY-SA 4.0: https://en.wiktionary.org/wiki/huidig#Dutch. Example: Dozyjones (Dutch, https://tatoeba.org/en/sentences/show/13203852) and Dozyjones (English, https://tatoeba.org/en/sentences/show/13203850); CC BY 2.0 FR.",B1;production,,,,,,,,huidige,,,false
ideaal,"ideal, perfect; optimal",B1,adjective,Precise descriptions,In het ideale scenario hoeft niemand zijn baan te verliezen.,"In the ideal scenario, no one needs to lose their job.","Definition adapted from Wiktionary contributors, CC BY-SA 4.0: https://en.wiktionary.org/wiki/ideaal#Dutch. Example: megamanenm (Dutch, https://tatoeba.org/en/sentences/show/10740909) and megamanenm (English, https://tatoeba.org/en/sentences/show/10740910); CC BY 2.0 FR.",B1;production,,,,,,,,ideale,idealer,ideaalst,false
intensief,intensive,B1,adjective,Precise descriptions,Tom is naar de intensieve zorg verplaatst.,Tom was moved to intensive care.,"Definition adapted from Wiktionary contributors, CC BY-SA 4.0: https://en.wiktionary.org/wiki/intensief#Dutch. Example: megamanenm (Dutch, https://tatoeba.org/en/sentences/show/11561999) and sundown (English, https://tatoeba.org/en/sentences/show/11053827); CC BY 2.0 FR.",B1;production,,,,,,,,intensieve,intensiever,intensiefst,false
irritant,"annoying, causing irritation or annoyance; vexatious",B1,adjective,Precise descriptions,Zo irritant... Nu krijg ik hoofdpijn telkens wanneer ik de computer gebruik!,So annoying... Now I get a headache whenever I use the computer!,"Definition adapted from Wiktionary contributors, CC BY-SA 4.0: https://en.wiktionary.org/wiki/irritant#Dutch. Example: Sophizzle (Dutch, https://tatoeba.org/en/sentences/show/6387989) and fcbond (English, https://tatoeba.org/en/sentences/show/1687); CC BY 2.0 FR.",B1;production,,,,,,,,irritante,irritanter,irritantst,false
kalm,"calm, tranquil, free of noise and disturbance",B1,adjective,Precise descriptions,Tom vond het moeilijk om kalm te blijven.,Tom found it hard to remain calm.,"Definition adapted from Wiktionary contributors, CC BY-SA 4.0: https://en.wiktionary.org/wiki/kalm#Dutch. Example: MarijnKp (Dutch, https://tatoeba.org/en/sentences/show/7535237) and CK (English, https://tatoeba.org/en/sentences/show/3422104); CC BY 2.0 FR.",B1;production,,,,,,,,kalme,kalmer,kalmst,false
koninklijk,royal,B1,adjective,Precise descriptions,Het koninklijk paleis werd op een heuvel gebouwd.,The royal palace was built on a hill.,"Definition adapted from Wiktionary contributors, CC BY-SA 4.0: https://en.wiktionary.org/wiki/koninklijk#Dutch. Example: Elsofie (Dutch, https://tatoeba.org/en/sentences/show/8353949) and CK (English, https://tatoeba.org/en/sentences/show/25649); CC BY 2.0 FR.",B1;production,,,,,,,,koninklijke,koninklijker,koninklijkst,false
kwaad,"angry, furious",B1,adjective,Precise descriptions,Ik ben kwaad omdat iemand mijn fiets gestolen heeft.,I'm angry because someone stole my bicycle.,"Definition adapted from Wiktionary contributors, CC BY-SA 4.0: https://en.wiktionary.org/wiki/kwaad#Dutch. Example: martinod (Dutch, https://tatoeba.org/en/sentences/show/3074766) and AlanF_US (English, https://tatoeba.org/en/sentences/show/2212267); CC BY 2.0 FR.",B1;production,,,,,,,,kwade,kwader,kwaadst,false
machtig,powerful,B1,adjective,Precise descriptions,Ooit trouwde een grote en machtige koning met een mooie prinses.,Once upon a time a great and powerful king married a lovely princess.,"Definition adapted from Wiktionary contributors, CC BY-SA 4.0: https://en.wiktionary.org/wiki/machtig#Dutch. Example: Micsmithel (Dutch, https://tatoeba.org/en/sentences/show/8975084) and Hybrid (English, https://tatoeba.org/en/sentences/show/3881905); CC BY 2.0 FR.",B1;production,,,,,,,,machtige,machtiger,machtigst,false
mannelijk,male,B1,adjective,Precise descriptions,Wilt u liever onderzocht worden door een mannelijke verpleegkundige?,Would you prefer to be examined by a male nurse?,"Definition adapted from Wiktionary contributors, CC BY-SA 4.0: https://en.wiktionary.org/wiki/mannelijk#Dutch. Example: Micsmithel (Dutch, https://tatoeba.org/en/sentences/show/9983504) and NurseMeeks (English, https://tatoeba.org/en/sentences/show/9943107); CC BY 2.0 FR.",B1;production,,,,,,,,mannelijke,mannelijker,mannelijkst,false
mobiel,mobile,B1,adjective,Precise descriptions,Hij is erg gefrustreerd. Zijn mobiele telefoon werkt niet.,He's very frustrated. His mobile phone doesn't work.,"Definition adapted from Wiktionary contributors, CC BY-SA 4.0: https://en.wiktionary.org/wiki/mobiel#Dutch. Example: CaspieChi (Dutch, https://tatoeba.org/en/sentences/show/14027002) and Ioan_Cristian (English, https://tatoeba.org/en/sentences/show/14026852); CC BY 2.0 FR.",B1;production,,,,,,,,mobiele,mobieler,mobielst,false
muzikaal,musical,B1,adjective,Precise descriptions,Zijn muzikale bekwaamheid werd bevorderd in Wenen.,His musical ability was fostered in Vienna.,"Definition adapted from Wiktionary contributors, CC BY-SA 4.0: https://en.wiktionary.org/wiki/muzikaal#Dutch. Example: PaulP (Dutch, https://tatoeba.org/en/sentences/show/2335679) and shekitten (English, https://tatoeba.org/en/sentences/show/285643); CC BY 2.0 FR.",B1;production,,,,,,,,muzikale,muzikaler,muzikaalst,false
nauw,close,B1,adjective,Precise descriptions,Ziri hield nauw contact met zijn familie.,Ziri kept very close contact with his family.,"Definition adapted from Wiktionary contributors, CC BY-SA 4.0: https://en.wiktionary.org/wiki/nauw#Dutch. Example: megamanenm (Dutch, https://tatoeba.org/en/sentences/show/12120844) and Amastan (English, https://tatoeba.org/en/sentences/show/11245239); CC BY 2.0 FR.",B1;production,,,,,,,,nauwe,nauwer,nauwst,false
naïef,naive,B1,adjective,Precise descriptions,Naar de hel met positiviteit. Je kunt niet zo naïef blijven.,To hell with positivity. You can't continue being so naive.,"Definition adapted from Wiktionary contributors, CC BY-SA 4.0: https://en.wiktionary.org/wiki/na%C3%AFef#Dutch. Example: Mandalay (Dutch, https://tatoeba.org/en/sentences/show/6062903) and mailohilohi (English, https://tatoeba.org/en/sentences/show/6051485); CC BY 2.0 FR.",B1;production,,,,,,,,naïeve,naïever,naïefst,false
onbelangrijk,unimportant,B1,adjective,Precise descriptions,Ik zou niet zeggen dat het onbelangrijk was.,I wouldn't say it was unimportant.,"Definition adapted from Wiktionary contributors, CC BY-SA 4.0: https://en.wiktionary.org/wiki/onbelangrijk#Dutch. Example: megamanenm (Dutch, https://tatoeba.org/en/sentences/show/3111172) and CK (English, https://tatoeba.org/en/sentences/show/2540606); CC BY 2.0 FR.",B1;production,,,,,,,,onbelangrijke,onbelangrijker,onbelangrijkst,false
ongemakkelijk,"uncomfortable, awkward",B1,adjective,Precise descriptions,Tom vertelde me dat hij zich daar ongemakkelijk bij voelde.,Tom told me that he was uncomfortable with that.,"Definition adapted from Wiktionary contributors, CC BY-SA 4.0: https://en.wiktionary.org/wiki/ongemakkelijk#Dutch. Example: Micsmithel (Dutch, https://tatoeba.org/en/sentences/show/6839105) and SunnyMoon (English, https://tatoeba.org/en/sentences/show/11174107); CC BY 2.0 FR.",B1;production,,,,,,,,ongemakkelijke,ongemakkelijker,ongemakkelijkst,false
onjuist,incorrect,B1,adjective,Precise descriptions,Jouw antwoord is nog steeds onjuist.,Your answer is still incorrect.,"Definition adapted from Wiktionary contributors, CC BY-SA 4.0: https://en.wiktionary.org/wiki/onjuist#Dutch. Example: Globetrotter (Dutch, https://tatoeba.org/en/sentences/show/2967295) and meerkat (English, https://tatoeba.org/en/sentences/show/2966891); CC BY 2.0 FR.",B1;production,,,,,,,,onjuiste,onjuister,meest onjuist,false
optimistisch,optimistic,B1,adjective,Precise descriptions,Het is altijd beter om optimistisch dan pessimistisch te zijn.,It is always better to be optimistic than pessimistic.,"Definition adapted from Wiktionary contributors, CC BY-SA 4.0: https://en.wiktionary.org/wiki/optimistisch#Dutch. Example: slashslasher (Dutch, https://tatoeba.org/en/sentences/show/7996196) and BRCoolata (English, https://tatoeba.org/en/sentences/show/7995737); CC BY 2.0 FR.",B1;production,,,,,,,,optimistische,optimistischer,meest optimistisch,false
prettig,"merry, enjoyable",B1,adjective,Precise descriptions,Wij wensen u prettige kerstdagen en een gelukkig nieuwjaar.,We wish you a Merry Christmas and a Happy New Year.,"Definition adapted from Wiktionary contributors, CC BY-SA 4.0: https://en.wiktionary.org/wiki/prettig#Dutch. Example: MarijnKp (Dutch, https://tatoeba.org/en/sentences/show/7669036) and Hybrid (English, https://tatoeba.org/en/sentences/show/5716202); CC BY 2.0 FR.",B1;production,,,,,,,,prettige,prettiger,prettigst,false
romantisch,romantic,B1,adjective,Precise descriptions,Je hebt een te romantisch beeld van de wereld.,You have too romantic an image of the world.,"Definition adapted from Wiktionary contributors, CC BY-SA 4.0: https://en.wiktionary.org/wiki/romantisch#Dutch. Example: Akradna (Dutch, https://tatoeba.org/en/sentences/show/1622195) and Miktsoanit (English, https://tatoeba.org/en/sentences/show/12247887); CC BY 2.0 FR.",B1;production,,,,,,,,romantische,romantischer,meest romantisch,false
simpel,simple,B1,adjective,Precise descriptions,Sami kwam weg met moord. Zo simpel is het.,Sami got away with murder. Plain and simple.,"Definition adapted from Wiktionary contributors, CC BY-SA 4.0: https://en.wiktionary.org/wiki/simpel#Dutch. Example: megamanenm (Dutch, https://tatoeba.org/en/sentences/show/10734519) and OsoHombre (English, https://tatoeba.org/en/sentences/show/6378682); CC BY 2.0 FR.",B1;production,,,,,,,,simpele,simpeler,simpelst,false
slank,"slender, slim",B1,adjective,Precise descriptions,"Als je slank wilt zijn, volg dan dit dieet.","If you want to be slim, follow this diet.","Definition adapted from Wiktionary contributors, CC BY-SA 4.0: https://en.wiktionary.org/wiki/slank#Dutch. Example: PaulP (Dutch, https://tatoeba.org/en/sentences/show/650047) and lukaszpp (English, https://tatoeba.org/en/sentences/show/455979); CC BY 2.0 FR.",B1;production,,,,,,,,slanke,slanker,slankst,false
smakelijk,"tasty, delicious",B1,adjective,Precise descriptions,"Het middagmaal was heel smakelijk, veel dank!","The lunch was very tasty, thank you very much!","Definition adapted from Wiktionary contributors, CC BY-SA 4.0: https://en.wiktionary.org/wiki/smakelijk#Dutch. Example: GrizaLeono (Dutch, https://tatoeba.org/en/sentences/show/604885) and Miktsoanit (English, https://tatoeba.org/en/sentences/show/12293167); CC BY 2.0 FR.",B1;production,,,,,,,,smakelijke,smakelijker,smakelijkst,false
smerig,"dirty, filthy, grubby",B1,adjective,Precise descriptions,Ik vraag me af waarom Tom zo smerig is.,I wonder why Tom is so dirty.,"Definition adapted from Wiktionary contributors, CC BY-SA 4.0: https://en.wiktionary.org/wiki/smerig#Dutch. Example: megamanenm (Dutch, https://tatoeba.org/en/sentences/show/11524358) and CK (English, https://tatoeba.org/en/sentences/show/6348655); CC BY 2.0 FR.",B1;production,,,,,,,,smerige,smeriger,smerigst,false
sportief,"sportsmanlike, fair",B1,adjective,Precise descriptions,Hij raadde ons aan sportief te spelen.,His advice to us was that we should play fair.,"Definition adapted from Wiktionary contributors, CC BY-SA 4.0: https://en.wiktionary.org/wiki/sportief#Dutch. Example: rabbel (Dutch, https://tatoeba.org/en/sentences/show/526452) and CM (English, https://tatoeba.org/en/sentences/show/263323); CC BY 2.0 FR.",B1;production,,,,,,,,sportieve,sportiever,sportiefst,false
stedelijk,"urban, civic",B1,adjective,Precise descriptions,De stedelijke bevolking in de meeste ontwikkelingslanden stijgt zeer snel.,The urban population in most developing countries is increasing very fast.,"Definition adapted from Wiktionary contributors, CC BY-SA 4.0: https://en.wiktionary.org/wiki/stedelijk#Dutch. Example: megamanenm (Dutch, https://tatoeba.org/en/sentences/show/4230422) and CK (English, https://tatoeba.org/en/sentences/show/33306); CC BY 2.0 FR.",B1;production,,,,,,,,stedelijke,stedelijker,stedelijkst,false
strikt,strict,B1,adjective,Precise descriptions,Tom houdt zich aan een strikt vegetarisch dieet.,Tom sticks to a strict vegetarian diet.,"Definition adapted from Wiktionary contributors, CC BY-SA 4.0: https://en.wiktionary.org/wiki/strikt#Dutch. Example: lonepawn (Dutch, https://tatoeba.org/en/sentences/show/3959272) and CM (English, https://tatoeba.org/en/sentences/show/3731415); CC BY 2.0 FR.",B1;production,,,,,,,,strikte,strikter,striktst,false
triest,sad,B1,adjective,Precise descriptions,Het is triest om daklozen te zien wonen in kartonnen dozen.,It's sad to see homeless people living in cardboard boxes.,"Definition adapted from Wiktionary contributors, CC BY-SA 4.0: https://en.wiktionary.org/wiki/triest#Dutch. Example: megamanenm (Dutch, https://tatoeba.org/en/sentences/show/10827610) and megamanenm (English, https://tatoeba.org/en/sentences/show/10827601); CC BY 2.0 FR.",B1;production,,,,,,,,trieste,triester,meest triest,false
trouw,"true, faithful, loyal",B1,adjective,Precise descriptions,Hij zegt dat hij altijd trouw is gebleven aan zijn vrouw.,He says he has always been true to his wife.,"Definition adapted from Wiktionary contributors, CC BY-SA 4.0: https://en.wiktionary.org/wiki/trouw#Dutch. Example: Raizin (Dutch, https://tatoeba.org/en/sentences/show/4521460) and CK (English, https://tatoeba.org/en/sentences/show/298720); CC BY 2.0 FR.",B1;production,,,,,,,,trouwe,trouwer,trouwst,false
uitvoerig,extensive,B1,adjective,Precise descriptions,Hij gaf een uitvoerige beschrijving van het ontwerp.,He gave an extensive description of the design.,"Definition adapted from Wiktionary contributors, CC BY-SA 4.0: https://en.wiktionary.org/wiki/uitvoerig#Dutch. Example from the same Wiktionary entry (CC BY-SA 4.0).",B1;production,,,,,,,,uitvoerige,uitvoeriger,uitvoerigst,false
vlot,"smooth, easy",B1,adjective,Precise descriptions,Tom is een vlotte verkoper.,Tom is a smooth salesman.,"Definition adapted from Wiktionary contributors, CC BY-SA 4.0: https://en.wiktionary.org/wiki/vlot#Dutch. Example: Citrine (Dutch, https://tatoeba.org/en/sentences/show/3037144) and sharptoothed (English, https://tatoeba.org/en/sentences/show/3022273); CC BY 2.0 FR.",B1;production,,,,,,,,vlotte,vlotter,vlotst,false
vlug,"quick, fast",B1,adjective,Precise descriptions,De vlugge bruine vos sprong niet over de luie hond.,The quick brown fox didn't jump over the lazy dog.,"Definition adapted from Wiktionary contributors, CC BY-SA 4.0: https://en.wiktionary.org/wiki/vlug#Dutch. Example: PaulP (Dutch, https://tatoeba.org/en/sentences/show/3173600) and GPHemsley (English, https://tatoeba.org/en/sentences/show/1055659); CC BY 2.0 FR.",B1;production,,,,,,,,vlugge,vlugger,vlugst,false
vochtig,humid,B1,adjective,Precise descriptions,In december is het zeer heet en vochtig in Bali.,It is extremely hot and humid in Bali in December.,"Definition adapted from Wiktionary contributors, CC BY-SA 4.0: https://en.wiktionary.org/wiki/vochtig#Dutch. Example: Globetrotter (Dutch, https://tatoeba.org/en/sentences/show/1544749) and CK (English, https://tatoeba.org/en/sentences/show/35033); CC BY 2.0 FR.",B1;production,,,,,,,,vochtige,vochtiger,vochtigst,false
waardeloos,worthless,B1,adjective,Precise descriptions,"Plotseling voelde ze zich zeer klein, waardeloos en ellendig.","Suddenly she felt tiny, worthless and miserable.","Definition adapted from Wiktionary contributors, CC BY-SA 4.0: https://en.wiktionary.org/wiki/waardeloos#Dutch. Example: Akradna (Dutch, https://tatoeba.org/en/sentences/show/1621378) and marcelostockle (English, https://tatoeba.org/en/sentences/show/1754907); CC BY 2.0 FR.",B1;production,,,,,,,,waardeloze,waardelozer,meest waardeloos,false
wederzijds,"mutual, reciprocal",B1,adjective,Precise descriptions,"Vind wederzijdse belangen, en jullie zullen goed met elkaar kunnen opschieten.","Find mutual interests, and you will get along with each other.","Definition adapted from Wiktionary contributors, CC BY-SA 4.0: https://en.wiktionary.org/wiki/wederzijds#Dutch. Example: anders (Dutch, https://tatoeba.org/en/sentences/show/2805046) and CM (English, https://tatoeba.org/en/sentences/show/64526); CC BY 2.0 FR.",B1;production,,,,,,,,wederzijdse,,,false
werkzaam,hardworking,B1,adjective,Precise descriptions,De mensen zijn daar zeer werkzaam en vooral zeer coöperatief.,"The people there are very hardworking and above all, cooperative.","Definition adapted from Wiktionary contributors, CC BY-SA 4.0: https://en.wiktionary.org/wiki/werkzaam#Dutch. Example: Akradna (Dutch, https://tatoeba.org/en/sentences/show/1621165) and smdean (English, https://tatoeba.org/en/sentences/show/3893266); CC BY 2.0 FR.",B1;production,,,,,,,,werkzame,werkzamer,werkzaamst,false
wijs,wise,B1,adjective,Precise descriptions,Lang geleden leefde er een wijze koning in dat land.,In that country there once lived a wise king.,"Definition adapted from Wiktionary contributors, CC BY-SA 4.0: https://en.wiktionary.org/wiki/wijs#Dutch. Example: obsessed_polyglot (Dutch, https://tatoeba.org/en/sentences/show/9002291) and al_ex_an_der (English, https://tatoeba.org/en/sentences/show/272113); CC BY 2.0 FR.",B1;production,,,,,,,,wijze,wijzer,meest wijs,false
woedend,"furious, very angry",B1,adjective,Precise descriptions,Hij werd erg woedend.,He got very angry.,"Definition adapted from Wiktionary contributors, CC BY-SA 4.0: https://en.wiktionary.org/wiki/woedend#Dutch. Example: PaulP (Dutch, https://tatoeba.org/en/sentences/show/11195668) and sundown (English, https://tatoeba.org/en/sentences/show/11149701); CC BY 2.0 FR.",B1;production,,,,,,,,woedende,woedender,woedendst,false
aangezien,"since, because, seeing as",B1,conjunction,Relationships and connections,"Aangezien mijn moeder ziek was, kon ik er niet heen.","Since my mother was sick, I couldn't go there.","Definition adapted from Wiktionary contributors, CC BY-SA 4.0: https://en.wiktionary.org/wiki/aangezien#Dutch. Example: DjWLaan (Dutch, https://tatoeba.org/en/sentences/show/1400351) and CK (English, https://tatoeba.org/en/sentences/show/1174794); CC BY 2.0 FR.",B1;production,,,,,,,,,,,false
dankzij,thanks to,B1,preposition,Relationships and connections,Ze zijn dankzij het watervliegtuig van het eiland ontsnapt.,They escaped the island thanks to the seaplane.,"Definition adapted from Wiktionary contributors, CC BY-SA 4.0: https://en.wiktionary.org/wiki/dankzij#Dutch. Example: MarijnKp (Dutch, https://tatoeba.org/en/sentences/show/9691823) and DJ_Saidez (English, https://tatoeba.org/en/sentences/show/9716512); CC BY 2.0 FR.",B1;production,,,,,,,,,,,false
doordat,because,B1,conjunction,Relationships and connections,"Doordat de inkt op was, kon de printer niks afdrukken.","Because the ink ran out, the printer couldn't print anything.","Definition adapted from Wiktionary contributors, CC BY-SA 4.0: https://en.wiktionary.org/wiki/doordat#Dutch. Example: meshbags (Dutch, https://tatoeba.org/en/sentences/show/8227975) and megamanenm (English, https://tatoeba.org/en/sentences/show/9181888); CC BY 2.0 FR.",B1;production,,,,,,,,,,,false
evenals,"just like, just as",B1,conjunction,Relationships and connections,"Saturnus, evenals Jupiter, is een gasreus en heeft geen vast oppervlak.","Saturn, like Jupiter, is a gas giant and does not have a solid surface.","Definition adapted from Wiktionary contributors, CC BY-SA 4.0: https://en.wiktionary.org/wiki/evenals#Dutch. Example: megamanenm (Dutch, https://tatoeba.org/en/sentences/show/6286144) and Hybrid (English, https://tatoeba.org/en/sentences/show/6285399); CC BY 2.0 FR.",B1;production,,,,,,,,,,,false
inclusief,"including, included",B1,preposition,Relationships and connections,"Ik heb besloten om al mijn zinnen vrij te geven, inclusief deze.","I have decided to release all my English sentences, including this one.","Definition adapted from Wiktionary contributors, CC BY-SA 4.0: https://en.wiktionary.org/wiki/inclusief#Dutch. Example: SunnyMoon (Dutch, https://tatoeba.org/en/sentences/show/11223450) and Dejo (English, https://tatoeba.org/en/sentences/show/3047853); CC BY 2.0 FR.",B1;production,,,,,,,,,,,false
namens,on behalf of,B1,preposition,Relationships and connections,Ik bel u namens de heer Simon.,I'm calling you on behalf of Mr. Simon.,"Definition adapted from Wiktionary contributors, CC BY-SA 4.0: https://en.wiktionary.org/wiki/namens#Dutch. Example: Micsmithel (Dutch, https://tatoeba.org/en/sentences/show/7786713) and Eldad (English, https://tatoeba.org/en/sentences/show/1239097); CC BY 2.0 FR.",B1;production,,,,,,,,,,,false
ongeacht,regardless of,B1,preposition,Relationships and connections,"Tom is van plan te gaan, ongeacht het weer.",Tom intends to go regardless of the weather.,"Definition adapted from Wiktionary contributors, CC BY-SA 4.0: https://en.wiktionary.org/wiki/ongeacht#Dutch. Example: purple_ice (Dutch, https://tatoeba.org/en/sentences/show/12542329) and CK (English, https://tatoeba.org/en/sentences/show/1093518); CC BY 2.0 FR.",B1;production,,,,,,,,,,,false
tenzij,unless,B1,conjunction,Relationships and connections,Je verwonding zal erger worden tenzij je een dokter bezoekt.,Your injury will get worse unless you see a doctor.,"Definition adapted from Wiktionary contributors, CC BY-SA 4.0: https://en.wiktionary.org/wiki/tenzij#Dutch. Example: Elsofie (Dutch, https://tatoeba.org/en/sentences/show/8221865) and ilkeraltinok365 (English, https://tatoeba.org/en/sentences/show/6465375); CC BY 2.0 FR.",B1;production,,,,,,,,,,,false
vanuit,"from, out of",B1,preposition,Relationships and connections,De radiozender zendt vanuit Hilversum.,The radio transmitter transmits out of Hilversum.,"Definition adapted from Wiktionary contributors, CC BY-SA 4.0: https://en.wiktionary.org/wiki/vanuit#Dutch. Example from the same Wiktionary entry (CC BY-SA 4.0).",B1;production,,,,,,,,,,,false
vanwege,"because of, due to",B1,preposition,Relationships and connections,Ze heeft maar weinig vrije tijd vanwege haar drukke schema.,She has very little free time due to her busy schedule.,"Definition adapted from Wiktionary contributors, CC BY-SA 4.0: https://en.wiktionary.org/wiki/vanwege#Dutch. Example: megamanenm (Dutch, https://tatoeba.org/en/sentences/show/11570912) and megamanenm (English, https://tatoeba.org/en/sentences/show/11570908); CC BY 2.0 FR.",B1;production,,,,,,,,,,,false
via,"via, through, by way of",B1,preposition,Relationships and connections,"Dit dorp is niet te bereiken, behalve via de rivier.",This village can not be reached except via the river.,"Definition adapted from Wiktionary contributors, CC BY-SA 4.0: https://en.wiktionary.org/wiki/via#Dutch. Example: anders (Dutch, https://tatoeba.org/en/sentences/show/2812998) and MarijnKp (English, https://tatoeba.org/en/sentences/show/7431266); CC BY 2.0 FR.",B1;production,,,,,,,,,,,false
wegens,"because of, for",B1,preposition,Relationships and connections,Het vliegtuig werd wegens mist omgeleid naar München.,"The airplane was redirected to Munich, because of the fog.","Definition adapted from Wiktionary contributors, CC BY-SA 4.0: https://en.wiktionary.org/wiki/wegens#Dutch. Example: Globetrotter (Dutch, https://tatoeba.org/en/sentences/show/1544792) and masya (English, https://tatoeba.org/en/sentences/show/628835); CC BY 2.0 FR.",B1;production,,,,,,,,,,,false
zoals,"as, just like, just as, the way that",B1,conjunction,Relationships and connections,De koffie is precies zoals ik hem graag drink.,The coffee is just the way I like it.,"Definition adapted from Wiktionary contributors, CC BY-SA 4.0: https://en.wiktionary.org/wiki/zoals#Dutch. Example: PaulP (Dutch, https://tatoeba.org/en/sentences/show/12418391) and cromwellt (English, https://tatoeba.org/en/sentences/show/3752931); CC BY 2.0 FR.",B1;production,,,,,,,,,,,false
zowel,"both, as well as",B1,conjunction,Relationships and connections,"Ze is heel bekend, zowel in India als in China.",She is well known in both India and China.,"Definition adapted from Wiktionary contributors, CC BY-SA 4.0: https://en.wiktionary.org/wiki/zowel#Dutch. Example: martinod (Dutch, https://tatoeba.org/en/sentences/show/1231895) and Zifre (English, https://tatoeba.org/en/sentences/show/310528); CC BY 2.0 FR.",B1;production,,,,,,,,,,,false
acceptatie,acceptance,B1,noun,Relationships and feelings,Acceptatie van verschillen maakt samenleven gemakkelijker.,Accepting differences makes living together easier.,,B1;production,de,acceptaties,acceptatietje,,,,,,,,false
afscheid,farewell; parting,B1,noun,Relationships and feelings,We namen op het station afscheid van elkaar.,We said goodbye to each other at the station.,No usual plural in this sense.,B1;production,het,,,,,,,,,,false
afspraakje,date; informal meeting,B1,noun,Relationships and feelings,Ze heeft vanavond een afspraakje met iemand uit haar buurt.,She has a date tonight with someone from her neighbourhood.,"Lexicalized diminutive: a romantic date, distinct from an ordinary appointment.",B1;production,het,afspraakjes,,,,,,,,,false
afwisseling,variety; change,B1,noun,Relationships and feelings,Ik hou van afwisseling in mijn dagelijks leven.,I like variety in my daily life.,,B1;production,de,afwisselingen,afwisselingetje,,,,,,,,false
angst,fear,B1,noun,Relationships and feelings,Zijn angst voor honden is minder geworden.,His fear of dogs has decreased.,,B1;production,de,angsten,angstje,,,,,,,,false
argument,argument; reason,B1,noun,Relationships and feelings,Zij gaf een goed argument voor haar keuze.,She gave a good reason for her choice.,,B1;production,het,argumenten,argumentje,,,,,,,,false
behoefte,need,B1,noun,Relationships and feelings,Na een drukke dag heb ik behoefte aan rust.,"After a busy day, I need some peace and quiet.",,B1;production,de,behoeftes / behoeften,behoeftetje,,,,,,,,false
belangstelling,interest,B1,noun,Relationships and feelings,Hij toont veel belangstelling voor het leven van anderen.,He shows a lot of interest in other people's lives.,,B1;production,de,belangstellingen,,,,,,,,,false
beleefdheid,politeness,B1,noun,Relationships and feelings,Uit beleefdheid bleef ze nog even luisteren.,She stayed and listened a little longer out of politeness.,,B1;production,de,beleefdheden,beleefdheidje,,,,,,,,false
beleving,experience; perception,B1,noun,Relationships and feelings,Dezelfde gebeurtenis kan voor iedereen een andere beleving zijn.,The same event can be a different experience for everyone.,,B1;production,de,belevingen,belevinkje,,,,,,,,false
belofte,promise,B1,noun,Relationships and feelings,Een belofte moet je proberen na te komen.,You should try to keep a promise.,,B1;production,de,beloften / beloftes,beloftetje,,,,,,,,false
beperking,limitation; disability,B1,noun,Relationships and feelings,Zijn beperking weerhoudt hem er niet van om te sporten.,His disability does not prevent him from playing sports.,,B1;production,de,beperkingen,beperkinkje,,,,,,,,false
bewondering,admiration,B1,noun,Relationships and feelings,Ik heb veel bewondering voor haar geduld.,I greatly admire her patience.,No usual plural in this sense.,B1;production,de,,,,,,,,,,false
bezorgdheid,concern; worry,B1,noun,Relationships and feelings,Ik begrijp je bezorgdheid over de verhuizing.,I understand your concerns about the move.,,B1;production,de,bezorgdheden,bezorgdheidje,,,,,,,,false
blijdschap,joy; happiness,B1,noun,Relationships and feelings,Haar blijdschap was duidelijk op haar gezicht te zien.,Her happiness was clearly visible on her face.,No usual plural in this sense.,B1;production,de,,,,,,,,,,false
boosheid,anger,B1,noun,Relationships and feelings,Na een wandeling was zijn boosheid verdwenen.,"After a walk, his anger had disappeared.",No usual plural in this sense.,B1;production,de,,,,,,,,,,false
conflict,conflict,B1,noun,Relationships and feelings,We hebben het conflict rustig uitgepraat.,We talked through the conflict calmly.,,B1;production,het,conflicten,conflictje,,,,,,,,false
contact,contact,B1,noun,Relationships and feelings,Na de cursus hielden we contact met elkaar.,We stayed in touch after the course.,,B1;production,het,contacten,contactje,,,,,,,,false
depressie,depression,B1,noun,Relationships and feelings,Tijdens haar depressie kreeg ze steun van vrienden.,"During her depression, she received support from friends.",,B1;production,de,depressies,depressietje,,,,,,,,false
eenzaamheid,loneliness,B1,noun,Relationships and feelings,Regelmatig bezoek kan eenzaamheid verminderen.,Regular visits can reduce loneliness.,No usual plural in this sense.,B1;production,de,,,,,,,,,,false
eer,honour,B1,noun,Relationships and feelings,Het is een eer om hier te mogen spreken.,It is an honour to be allowed to speak here.,No usual plural in this sense.,B1;production,de,,,,,,,,,,false
eerlijkheid,honesty,B1,noun,Relationships and feelings,In een vriendschap vind ik eerlijkheid belangrijk.,I consider honesty important in a friendship.,No usual plural in this sense.,B1;production,de,,,,,,,,,,false
emotie,emotion,B1,noun,Relationships and feelings,Muziek kan een sterke emotie oproepen.,Music can evoke a strong emotion.,,B1;production,de,emoties,emotietje,,,,,,,,false
enthousiasme,enthusiasm,B1,noun,Relationships and feelings,Haar enthousiasme werkte aanstekelijk.,Her enthusiasm was infectious.,No usual plural in this sense.,B1;production,het,,,,,,,,,,false
ergernis,annoyance,B1,noun,Relationships and feelings,Het harde geluid was een bron van ergernis.,The loud noise was a source of annoyance.,,B1;production,de,ergernissen,ergernisje,,,,,,,,false
erkenning,recognition,B1,noun,Relationships and feelings,Hij zocht erkenning voor het werk dat hij had gedaan.,He sought recognition for the work he had done.,,B1;production,de,erkenningen,erkenninkje,,,,,,,,false
gastvrijheid,hospitality,B1,noun,Relationships and feelings,We waardeerden de gastvrijheid van onze buren.,We appreciated our neighbours' hospitality.,No usual plural in this sense.,B1;production,de,,,,,,,,,,false
geduld,patience,B1,noun,Relationships and feelings,Een kind iets uitleggen vraagt soms veel geduld.,Explaining something to a child sometimes requires a lot of patience.,No usual plural in this sense.,B1;production,het,,,,,,,,,,false
geloof,belief; faith,B1,noun,Relationships and feelings,Haar geloof geeft haar steun in moeilijke tijden.,Her faith supports her in difficult times.,,B1;production,het,geloven,geloofje,,,,,,,,false
geluk,happiness; luck,B1,noun,Relationships and feelings,Tot mijn geluk had iemand mijn tas gevonden.,"Fortunately for me, someone had found my bag.",,B1;production,het,gelukken,gelukje,,,,,,,,false
gevoel,feeling,B1,noun,Relationships and feelings,Ik had het gevoel dat er iets niet klopte.,I had the feeling that something was wrong.,,B1;production,het,gevoelens / gevoelen,,,,,,,,,false
gewoonte,habit; custom,B1,noun,Relationships and feelings,Even wandelen na het eten is een goede gewoonte.,Taking a short walk after a meal is a good habit.,,B1;production,de,gewoonten / gewoontes,gewoontetje,,,,,,,,false
gezelligheid,conviviality; a warm social atmosphere,B1,noun,Relationships and feelings,Voor de gezelligheid drinken we samen koffie.,We have coffee together for the pleasure of each other's company.,,B1;production,de,gezelligheden,gezelligheidje,,,,,,,,false
gezelschap,company; companionship,B1,noun,Relationships and feelings,Mijn tante geniet van het gezelschap van haar kleinkinderen.,My aunt enjoys the company of her grandchildren.,,B1;production,het,gezelschappen,gezelschapje,,,,,,,,false
grap,joke,B1,noun,Relationships and feelings,Die grap maakte de sfeer meteen wat ontspannener.,That joke immediately made the atmosphere more relaxed.,,B1;production,de,grappen,grapje,,,,,,,,false
haast,hurry,B1,noun,Relationships and feelings,Door de haast vergat ik mijn sleutels.,I forgot my keys because I was in a hurry.,No usual plural in this sense.,B1;production,de,,,,,,,,,,false
heimwee,homesickness,B1,noun,Relationships and feelings,In het begin had ik veel last van heimwee.,"At first, I suffered badly from homesickness.",,B1;production,het,heimweeën,heimweetje,,,,,,,,false
hoop,hope,B1,noun,Relationships and feelings,Ik heb goede hoop dat we een oplossing vinden.,I am hopeful that we will find a solution.,No usual plural in this sense.,B1;production,de,,,,,,,,,,false
humor,humour,B1,noun,Relationships and feelings,We hebben ongeveer hetzelfde gevoel voor humor.,We have roughly the same sense of humour.,,B1;production,de,humoren / humores,,,,,,,,,false
huwelijk,marriage,B1,noun,Relationships and feelings,Hun huwelijk duurt al meer dan dertig jaar.,They have been married for more than thirty years.,,B1;production,het,huwelijken,huwelijkje,,,,,,,,false
identiteit,identity,B1,noun,Relationships and feelings,Taal is een belangrijk onderdeel van mijn identiteit.,Language is an important part of my identity.,,B1;production,de,identiteiten,,,,,,,,,false
inzicht,insight,B1,noun,Relationships and feelings,Het gesprek gaf me meer inzicht in haar situatie.,The conversation gave me greater insight into her situation.,,B1;production,het,inzichten,inzichtje,,,,,,,,false
irritatie,irritation,B1,noun,Relationships and feelings,Kleine misverstanden kunnen veel irritatie veroorzaken.,Small misunderstandings can cause a lot of irritation.,,B1;production,de,irritaties,irritatietje,,,,,,,,false
jaloezie,jealousy,B1,noun,Relationships and feelings,Hij probeerde eerlijk over zijn jaloezie te praten.,He tried to talk honestly about his jealousy.,,B1;production,de,jaloezieën,jaloezietje,,,,,,,,false
jeugd,childhood; youth,B1,noun,Relationships and feelings,Zij bracht haar jeugd door in een klein dorp.,She spent her childhood in a small village.,No usual plural in this sense.,B1;production,de,,,,,,,,,,false
karakter,character; personality,B1,noun,Relationships and feelings,"We verschillen van karakter, maar kunnen goed samenwerken.","We have different personalities, but we work well together.",,B1;production,het,karakters,karaktertje,,,,,,,,false
liefde,love,B1,noun,Relationships and feelings,Zijn liefde voor muziek ontstond al op jonge leeftijd.,His love of music began at a young age.,,B1;production,de,liefdes / liefden,,,,,,,,,false
medeleven,sympathy; compassion,B1,noun,Relationships and feelings,We betuigden ons medeleven aan de familie.,We expressed our sympathy to the family.,No usual plural in this sense.,B1;production,het,,,,,,,,,,false
moed,courage,B1,noun,Relationships and feelings,Het vraagt moed om toe te geven dat je hulp nodig hebt.,It takes courage to admit that you need help.,No usual plural in this sense.,B1;production,de,,,,,,,,,,false
motivatie,motivation,B1,noun,Relationships and feelings,Mijn motivatie om Nederlands te leren blijft groot.,I remain strongly motivated to learn Dutch.,,B1;production,de,motivaties,motivatietje,,,,,,,,false
nadeel,disadvantage,B1,noun,Relationships and feelings,Een nadeel van verhuizen is dat je je vrienden minder ziet.,One disadvantage of moving is that you see your friends less often.,,B1;production,het,nadelen,nadeeltje,,,,,,,,false
omgang,interaction; dealings,B1,noun,Relationships and feelings,In de omgang met klanten is hij altijd vriendelijk.,He is always friendly when dealing with customers.,,B1;production,de,omgangen,omgangetje,,,,,,,,false
onbegrip,lack of understanding,B1,noun,Relationships and feelings,Haar besluit leidde tot onbegrip bij sommige vrienden.,Her decision was met with a lack of understanding by some friends.,,B1;production,het,onbegrippen,onbegripje,,,,,,,,false
ongeduld,impatience,B1,noun,Relationships and feelings,Ik kon mijn ongeduld tijdens het wachten moeilijk verbergen.,I found it difficult to hide my impatience while waiting.,No usual plural in this sense.,B1;production,het,,ongeduldje,,,,,,,,false
ongemak,discomfort; inconvenience,B1,noun,Relationships and feelings,Sorry voor het ongemak dat de wijziging veroorzaakt.,Sorry for the inconvenience caused by the change.,,B1;production,het,ongemakken,ongemakje,,,,,,,,false
onrust,unrest; unease,B1,noun,Relationships and feelings,De onduidelijke informatie zorgde voor onrust.,The unclear information caused unease.,,B1;production,de,onrusten,onrustje,,,,,,,,false
onzekerheid,uncertainty; insecurity,B1,noun,Relationships and feelings,Een duidelijk antwoord zou veel onzekerheid wegnemen.,A clear answer would remove much of the uncertainty.,,B1;production,de,onzekerheden,onzekerheidje,,,,,,,,false
opluchting,relief,B1,noun,Relationships and feelings,Het was een opluchting toen ik hoorde dat alles goed was.,It was a relief when I heard that everything was all right.,,B1;production,de,opluchtingen,opluchtingetje,,,,,,,,false
opvoeding,upbringing,B1,noun,Relationships and feelings,Respect voor anderen was belangrijk in mijn opvoeding.,Respect for others was important in my upbringing.,No usual plural in this sense.,B1;production,de,,,,,,,,,,false
overtuiging,conviction; belief,B1,noun,Relationships and feelings,Zij sprak met overtuiging over haar plannen.,She spoke with conviction about her plans.,,B1;production,de,overtuigingen,overtuiginkje,,,,,,,,false
persoonlijkheid,personality,B1,noun,Relationships and feelings,Haar warme persoonlijkheid maakt het gesprek gemakkelijk.,Her warm personality makes conversation easy.,,B1;production,de,persoonlijkheden,persoonlijkheidje,,,,,,,,false
plezier,pleasure; enjoyment,B1,noun,Relationships and feelings,Ik beleef veel plezier aan het leren van talen.,I get a lot of enjoyment from learning languages.,No usual plural in this sense.,B1;production,het,,pleziertje,,,,,,,,false
respect,respect,B1,noun,Relationships and feelings,"Ook als we het oneens zijn, behandelen we elkaar met respect.","Even when we disagree, we treat each other with respect.",No usual plural in this sense.,B1;production,het,,,,,,,,,,false
rust,rest; calm,B1,noun,Relationships and feelings,Na de vergadering had ik even rust nodig.,"After the meeting, I needed a moment of peace.",,B1;production,de,rusten,,,,,,,,,false
schaamte,shame; embarrassment,B1,noun,Relationships and feelings,Uit schaamte vertelde hij niemand over zijn fout.,He told nobody about his mistake because he was ashamed.,,B1;production,de,schaamten / schaamtes,schaamtetje,,,,,,,,false
schuld,guilt; blame; debt,B1,noun,Relationships and feelings,Het ongeluk was niet jouw schuld.,The accident was not your fault.,,B1;production,de,schulden,schuldje,,,,,,,,false
sfeer,atmosphere,B1,noun,Relationships and feelings,Er hing een ontspannen sfeer in het café.,There was a relaxed atmosphere in the café.,,B1;production,de,sferen,sfeertje,,,,,,,,false
spanning,tension; suspense,B1,noun,Relationships and feelings,Voor het examen voelde ik veel spanning.,I felt very tense before the exam.,,B1;production,de,spanningen,spanninkje,,,,,,,,false
spijt,regret,B1,noun,Relationships and feelings,Ik heb spijt van wat ik gisteren zei.,I regret what I said yesterday.,No usual plural in this sense.,B1;production,de,,,,,,,,,,false
stress,stress,B1,noun,Relationships and feelings,Te weinig slaap kan stress verergeren.,Too little sleep can make stress worse.,No usual plural in this sense.,B1;production,de,,,,,,,,,,false
teleurstelling,disappointment,B1,noun,Relationships and feelings,Na de teleurstelling probeerde hij het opnieuw.,"After the disappointment, he tried again.",,B1;production,de,teleurstellingen,teleurstellinkje,,,,,,,,false
tevredenheid,satisfaction,B1,noun,Relationships and feelings,We meten de tevredenheid van onze klanten.,We measure our customers' satisfaction.,,B1;production,de,tevredenheden,,,,,,,,,false
troost,comfort; consolation,B1,noun,Relationships and feelings,Het bezoek van zijn vrienden bood hem troost.,His friends' visit gave him comfort.,No usual plural in this sense.,B1;production,de,,,,,,,,,,false
twijfel,doubt,B1,noun,Relationships and feelings,Ik heb nog enige twijfel over die beslissing.,I still have some doubts about that decision.,,B1;production,de,twijfels,twijfeltje,,,,,,,,false
verbazing,surprise; amazement,B1,noun,Relationships and feelings,Tot mijn verbazing kende hij mijn naam nog.,"To my surprise, he still remembered my name.",No usual plural in this sense.,B1;production,de,,,,,,,,,,false
verdriet,sadness; grief,B1,noun,Relationships and feelings,Ze vond het moeilijk om over haar verdriet te praten.,She found it difficult to talk about her grief.,,B1;production,het,verdrieten,verdrietje,,,,,,,,false
verlegenheid,shyness; embarrassment,B1,noun,Relationships and feelings,Door haar verlegenheid zegt ze weinig in grote groepen.,"Because of her shyness, she says little in large groups.",,B1;production,de,verlegenheden,verlegenheidje,,,,,,,,false
verlichting,relief; lighting,B1,noun,Relationships and feelings,Het goede nieuws bracht eindelijk wat verlichting.,The good news finally brought some relief.,No usual plural in this sense.,B1;production,de,,,,,,,,,,false
verrassing,surprise,B1,noun,Relationships and feelings,Het bezoek van mijn broer was een leuke verrassing.,My brother's visit was a pleasant surprise.,,B1;production,de,verrassingen,verrassinkje,,,,,,,,false
verwarring,confusion,B1,noun,Relationships and feelings,Twee verschillende adressen zorgden voor verwarring.,Two different addresses caused confusion.,,B1;production,de,verwarringen,verwarrinkje,,,,,,,,false
waardering,appreciation,B1,noun,Relationships and feelings,Met een kaartje liet ze haar waardering blijken.,She showed her appreciation with a card.,,B1;production,de,waarderingen,waarderinkje,,,,,,,,false
wantrouwen,distrust,B1,noun,Relationships and feelings,Gebrek aan informatie kan wantrouwen veroorzaken.,A lack of information can cause distrust.,No usual plural in this sense.,B1;production,het,,,,,,,,,,false
wens,wish,B1,noun,Relationships and feelings,Mijn grootste wens is om mijn familie vaker te zien.,My greatest wish is to see my family more often.,,B1;production,de,wensen,wensje,,,,,,,,false
woede,rage; anger,B1,noun,Relationships and feelings,Hij liep even weg om zijn woede te laten zakken.,He walked away for a moment to let his anger subside.,No usual plural in this sense.,B1;production,de,,,,,,,,,,false
zekerheid,certainty; security,B1,noun,Relationships and feelings,Ik wil graag zekerheid over mijn werktijden.,I would like certainty about my working hours.,,B1;production,de,zekerheden,zekerheidje,,,,,,,,false
zorgzaamheid,caring nature; thoughtfulness,B1,noun,Relationships and feelings,Zijn zorgzaamheid betekent veel voor zijn vrienden.,His thoughtfulness means a lot to his friends.,Usually uncountable.,B1;production,de,,,,,,,,,,false
creëren,"to create, make, put into existence",B1,verb,Society and public life,"Wij, de mensen die IJsland bewonen, willen een rechtvaardige samenleving creëren waarin iedereen gelijke kansen heeft.","We, the people who inhabit Iceland, wish to create a just society where every person has equal opportunity.","Definition adapted from Wiktionary contributors, CC BY-SA 4.0: https://en.wiktionary.org/wiki/cre%C3%ABren#Dutch. Example: MarijnKp (Dutch, https://tatoeba.org/en/sentences/show/7460419) and AqQoyriq_1 (English, https://tatoeba.org/en/sentences/show/7460407); CC BY 2.0 FR.",B1;production,,,,regular,false,hebben,gecreëerd,,,,false
stemmen,to vote,B1,verb,Society and public life,Je moet je hier permanent vestigen voor je mag stemmen.,You'll have to establish residence here before you can vote.,"Definition adapted from Wiktionary contributors, CC BY-SA 4.0: https://en.wiktionary.org/wiki/stemmen#Dutch. Example: Citrine (Dutch, https://tatoeba.org/en/sentences/show/3039366) and sharptoothed (English, https://tatoeba.org/en/sentences/show/2958834); CC BY 2.0 FR.",B1;production,,,,regular,false,hebben,gestemd,,,,false
verkiezing,election,B1,noun,Society and public life,Deze verkiezing is belangrijk voor de toekomst van dit land.,This election is important for the future of this country.,"Definition adapted from Wiktionary contributors, CC BY-SA 4.0: https://en.wiktionary.org/wiki/verkiezing#Dutch. Example: Elsofie (Dutch, https://tatoeba.org/en/sentences/show/8149087) and Hybrid (English, https://tatoeba.org/en/sentences/show/5364957); CC BY 2.0 FR.",B1;production,de,verkiezingen,verkiezinkje,,,,,,,,false
versnellen,"to speed up, to accelerate",B1,verb,Society and public life,Het beleid zal inflatie alleen maar versnellen.,The policy will only accelerate inflation.,"Definition adapted from Wiktionary contributors, CC BY-SA 4.0: https://en.wiktionary.org/wiki/versnellen#Dutch. Example: doemaar14 (Dutch, https://tatoeba.org/en/sentences/show/5802657) and orcrist (English, https://tatoeba.org/en/sentences/show/45958); CC BY 2.0 FR.",B1;production,,,,regular,false,hebben,versneld,,,,false
vormen,"to form, mold",B1,verb,Society and public life,Wij zullen een liberale regering vormen die rekening zal houden met de belangen van het volk.,We shall form a liberal government that takes into account the interests of the people.,"Definition adapted from Wiktionary contributors, CC BY-SA 4.0: https://en.wiktionary.org/wiki/vormen#Dutch. Example: vvv123 (Dutch, https://tatoeba.org/en/sentences/show/3526587) and Nylez (English, https://tatoeba.org/en/sentences/show/8969287); CC BY 2.0 FR.",B1;production,,,,regular,false,hebben,gevormd,,,,false
zaak,"court case, law suit",B1,noun,Society and public life,De wet is niet van toepassing op deze zaak.,The law doesn't apply to this case.,"Definition adapted from Wiktionary contributors, CC BY-SA 4.0: https://en.wiktionary.org/wiki/zaak#Dutch. Example: doemaar14 (Dutch, https://tatoeba.org/en/sentences/show/5808005) and CK (English, https://tatoeba.org/en/sentences/show/44000); CC BY 2.0 FR.",B1;production,de,zaken,zaakje,,,,,,,,false
ongewoon,unusual,B1,adjective,Travel and services,Tegenwoordig is het niet ongewoon dat een vrouw alleen reist.,Nowadays it is not unusual for a woman to travel alone.,"Definition adapted from Wiktionary contributors, CC BY-SA 4.0: https://en.wiktionary.org/wiki/ongewoon#Dutch. Example: simonbr (Dutch, https://tatoeba.org/en/sentences/show/950807) and CK (English, https://tatoeba.org/en/sentences/show/243769); CC BY 2.0 FR.",B1;production,,,,,,,,ongewone,ongewoner,ongewoonst,false
tegenwoordig,"nowadays, presently",B1,adverb,Travel and services,Tegenwoordig is het niet vreemd dat een vrouw alleen reist.,Nowadays it is not unusual for a woman to travel alone.,"Definition adapted from Wiktionary contributors, CC BY-SA 4.0: https://en.wiktionary.org/wiki/tegenwoordig#Dutch. Example: Elsofie (Dutch, https://tatoeba.org/en/sentences/show/8226974) and CK (English, https://tatoeba.org/en/sentences/show/243769); CC BY 2.0 FR.",B1;production,,,,,,,,,,,false
voertuig,vehicle,B1,noun,Travel and services,Layla stapte uit het voertuig.,Layla stepped out of the vehicle.,"Definition adapted from Wiktionary contributors, CC BY-SA 4.0: https://en.wiktionary.org/wiki/voertuig#Dutch. Example: RobinvanderVliet (Dutch, https://tatoeba.org/en/sentences/show/10675677) and OsoHombre (English, https://tatoeba.org/en/sentences/show/6084290); CC BY 2.0 FR.",B1;production,het,voertuigen,voertuigje,,,,,,,,false
afrit,motorway exit,B1,noun,"Travel, housing and services",Neem bij de volgende afrit de richting centrum.,"At the next exit, follow the signs for the centre.",,B1;production,de,afritten,afritje,,,,,,,,false
autoverhuur,car rental,B1,noun,"Travel, housing and services",De autoverhuur bevindt zich naast de aankomsthal.,The car rental office is next to the arrivals hall.,,B1;production,de,autoverhuren,,,,,,,,,false
bagageruimte,luggage compartment,B1,noun,"Travel, housing and services",De koffers passen net in de bagageruimte.,The suitcases just fit in the luggage compartment.,,B1;production,de,bagageruimtes / bagageruimten,,,,,,,,,false
bezoeker,visitor,B1,noun,"Travel, housing and services",Elke bezoeker krijgt bij de ingang een plattegrond.,Every visitor receives a map at the entrance.,,B1;production,de,bezoekers,bezoekertje,,,,,,,,false
binnenland,interior; domestic territory,B1,noun,"Travel, housing and services",In het binnenland is het vaak warmer dan aan de kust.,"Inland, it is often warmer than on the coast.",,B1;production,het,binnenlanden,,,,,,,,,false
brugwachter,bridge operator,B1,noun,"Travel, housing and services",De brugwachter liet de boten eerst passeren.,The bridge operator let the boats pass first.,,B1;production,de,brugwachters,,,,,,,,,false
buitenland,abroad; foreign countries,B1,noun,"Travel, housing and services",Zij heeft een paar jaar in het buitenland gewoond.,She lived abroad for a few years.,No usual plural in this sense.,B1;production,het,,,,,,,,,,false
buurthuis,community centre,B1,noun,"Travel, housing and services",In het buurthuis kun je gratis Nederlands oefenen.,You can practise Dutch for free at the community centre.,,B1;production,het,buurthuizen,buurthuisje,,,,,,,,false
campingplaats,campsite pitch,B1,noun,"Travel, housing and services",Onze campingplaats ligt vlak bij het water.,Our campsite pitch is right by the water.,,B1;production,de,campingplaatsen,,,,,,,,,false
dagtocht,day trip,B1,noun,"Travel, housing and services",We maken zondag een dagtocht naar Leiden.,We are taking a day trip to Leiden on Sunday.,,B1;production,de,dagtochten,,,,,,,,,false
eindpunt,terminus; endpoint,B1,noun,"Travel, housing and services",Bij het eindpunt moet iedereen uitstappen.,Everyone has to get off at the terminus.,,B1;production,het,eindpunten,,,,,,,,,false
erf,yard; grounds around a house,B1,noun,"Travel, housing and services",Achter de boerderij ligt een ruim erf.,There is a spacious yard behind the farmhouse.,,B1;production,het,erven,erfje,,,,,,,,false
excursie,excursion,B1,noun,"Travel, housing and services",Tijdens de excursie bezochten we een windmolen.,"During the excursion, we visited a windmill.",,B1;production,de,excursies,excursietje,,,,,,,,false
gevel,façade; front wall,B1,noun,"Travel, housing and services",De gevel van het huis wordt opnieuw geschilderd.,The front of the house is being repainted.,,B1;production,de,gevels,geveltje,,,,,,,,false
grensovergang,border crossing,B1,noun,"Travel, housing and services",Bij deze grensovergang is het meestal rustig.,This border crossing is usually quiet.,,B1;production,de,grensovergangen,,,,,,,,,false
hoofdstad,capital city,B1,noun,"Travel, housing and services",Amsterdam is de hoofdstad van Nederland.,Amsterdam is the capital of the Netherlands.,,B1;production,de,hoofdsteden,hoofdstadje,,,,,,,,false
hoogseizoen,high season,B1,noun,"Travel, housing and services",In het hoogseizoen moet je ruim op tijd boeken.,"In the high season, you need to book well in advance.",,B1;production,het,hoogseizoenen,,,,,,,,,false
huishouden,household,B1,noun,"Travel, housing and services",Ons huishouden bestaat uit drie personen.,There are three people in our household.,,B1;production,het,huishoudens,huishoudentje,,,,,,,,false
huishouding,housekeeping; household management,B1,noun,"Travel, housing and services",We verdelen de taken in de huishouding eerlijk.,We divide the household chores fairly.,,B1;production,de,huishoudingen,,,,,,,,,false
huurverhoging,rent increase,B1,noun,"Travel, housing and services",De huurverhoging gaat volgende maand in.,The rent increase takes effect next month.,,B1;production,de,huurverhogingen,,,,,,,,,false
huurwoning,rented home,B1,noun,"Travel, housing and services",Het is lastig om hier een betaalbare huurwoning te vinden.,It is difficult to find an affordable rented home here.,,B1;production,de,huurwoningen,huurwoninkje,,,,,,,,false
inboedel,household contents,B1,noun,"Travel, housing and services",Onze inboedel is tijdens de verhuizing verzekerd.,Our household contents are insured during the move.,,B1;production,de,inboedels,inboedeltje,,,,,,,,false
inbraak,burglary,B1,noun,"Travel, housing and services",Na de inbraak lieten de bewoners betere sloten plaatsen.,"After the burglary, the residents had better locks fitted.",,B1;production,de,inbraken,inbraakje,,,,,,,,false
incheckbalie,check-in desk,B1,noun,"Travel, housing and services",Bij de incheckbalie staat een lange rij.,There is a long queue at the check-in desk.,,B1;production,de,incheckbalies,,,,,,,,,false
isolatie,insulation,B1,noun,"Travel, housing and services",Goede isolatie houdt het huis in de winter warm.,Good insulation keeps the house warm in winter.,No usual plural in this sense.,B1;production,de,,,,,,,,,,false
knooppunt,junction; hub,B1,noun,"Travel, housing and services",Dit station is een belangrijk knooppunt voor reizigers.,This station is an important hub for travellers.,,B1;production,het,knooppunten,knooppuntje,,,,,,,,false
koopwoning,owner-occupied home; home for purchase,B1,noun,"Travel, housing and services",We twijfelen tussen een huurwoning en een koopwoning.,We are deciding between renting a home and buying one.,,B1;production,de,koopwoningen,koopwoninkje,,,,,,,,false
landschap,landscape,B1,noun,"Travel, housing and services",Vanuit de trein zie je een typisch Nederlands landschap.,"From the train, you can see a typical Dutch landscape.",,B1;production,het,landschappen,landschapje,,,,,,,,false
lekkage,leak,B1,noun,"Travel, housing and services",Door de lekkage is het plafond nat geworden.,The ceiling has become wet because of the leak.,,B1;production,de,lekkages,lekkagetje,,,,,,,,false
leverancier,supplier,B1,noun,"Travel, housing and services",De leverancier komt morgen de nieuwe wasmachine brengen.,The supplier is delivering the new washing machine tomorrow.,,B1;production,de,leveranciers,leveranciertje,,,,,,,,false
levering,delivery,B1,noun,"Travel, housing and services",De levering is wegens de storm uitgesteld.,The delivery has been postponed because of the storm.,,B1;production,de,leveringen,leveringetje,,,,,,,,false
logeeradres,place to stay,B1,noun,"Travel, housing and services",Heb je al een logeeradres voor het weekend?,Have you found somewhere to stay for the weekend?,,B1;production,het,logeeradressen,,,,,,,,,false
makelaar,estate agent,B1,noun,"Travel, housing and services",De makelaar liet ons drie woningen zien.,The estate agent showed us three homes.,,B1;production,de,makelaars,makelaartje,,,,,,,,false
meterkast,utility cupboard; meter cupboard,B1,noun,"Travel, housing and services",De schakelaar zit in de meterkast bij de voordeur.,The switch is in the meter cupboard by the front door.,,B1;production,de,meterkasten,,,,,,,,,false
omgeving,surroundings; area,B1,noun,"Travel, housing and services",In de omgeving kun je mooie wandelingen maken.,You can take lovely walks in the surrounding area.,,B1;production,de,omgevingen,omgevinkje,,,,,,,,false
omleiding,diversion; detour,B1,noun,"Travel, housing and services",Vanwege wegwerkzaamheden volgen we een omleiding.,We are following a diversion because of roadworks.,,B1;production,de,omleidingen,omleidinkje,,,,,,,,false
onderkomen,accommodation; shelter,B1,noun,"Travel, housing and services",We zoeken een eenvoudig onderkomen voor één nacht.,We are looking for simple accommodation for one night.,,B1;production,het,onderkomens,onderkomentje,,,,,,,,false
oponthoud,delay,B1,noun,"Travel, housing and services",Door oponthoud onderweg kwamen we later aan.,We arrived later because of a delay on the way.,,B1;production,het,oponthouden,oponthoudje,,,,,,,,false
overlast,nuisance; disturbance,B1,noun,"Travel, housing and services",De verbouwing veroorzaakt tijdelijk geluidsoverlast.,The renovation is temporarily causing noise disturbance.,No usual plural in this sense.,B1;production,de,,,,,,,,,,false
oversteekplaats,crossing,B1,noun,"Travel, housing and services",Gebruik de oversteekplaats bij de verkeerslichten.,Use the crossing by the traffic lights.,,B1;production,de,oversteekplaatsen,,,,,,,,,false
parkeervergunning,parking permit,B1,noun,"Travel, housing and services",Bewoners kunnen een parkeervergunning aanvragen.,Residents can apply for a parking permit.,,B1;production,de,parkeervergunningen,,,,,,,,,false
pech,bad luck; breakdown,B1,noun,"Travel, housing and services",We stonden met pech langs de snelweg.,We were stranded by the motorway after a breakdown.,No usual plural in this sense.,B1;production,de,,,,,,,,,,false
pechhulp,breakdown assistance,B1,noun,"Travel, housing and services",De pechhulp was binnen een halfuur ter plaatse.,The breakdown service arrived within half an hour.,,B1;production,de,pechhulpen,,,,,,,,,false
reisadvies,travel advice,B1,noun,"Travel, housing and services",Controleer voor vertrek het actuele reisadvies.,Check the current travel advice before departure.,,B1;production,het,reisadviezen,,,,,,,,,false
reisgenoot,travelling companion,B1,noun,"Travel, housing and services",Mijn reisgenoot had de tickets al geboekt.,My travelling companion had already booked the tickets.,,B1;production,de,reisgenoten,reisgenootje,,,,,,,,false
reisleider,tour leader,B1,noun,"Travel, housing and services",De reisleider verzamelde de groep bij de ingang.,The tour leader gathered the group at the entrance.,,B1;production,de,reisleiders,,,,,,,,,false
reisverslag,travel account,B1,noun,"Travel, housing and services",In haar reisverslag beschreef ze de ontmoetingen onderweg.,"In her travel account, she described the people she met along the way.",,B1;production,het,reisverslagen,reisverslagje,,,,,,,,false
reisverzekering,travel insurance,B1,noun,"Travel, housing and services",Met een reisverzekering ben je beter voorbereid op onverwachte kosten.,Travel insurance helps you prepare for unexpected expenses.,,B1;production,de,reisverzekeringen,reisverzekeringetje,,,,,,,,false
rijbaan,carriageway; traffic lane area,B1,noun,"Travel, housing and services",Een omgevallen boom blokkeerde de rijbaan.,A fallen tree blocked the carriageway.,,B1;production,de,rijbanen,rijbaantje,,,,,,,,false
rustplaats,rest area,B1,noun,"Travel, housing and services",Bij de volgende rustplaats drinken we koffie.,We will have coffee at the next rest area.,,B1;production,de,rustplaatsen,,,,,,,,,false
schade,damage,B1,noun,"Travel, housing and services",De storm heeft schade aan het dak veroorzaakt.,The storm caused damage to the roof.,No usual plural in this sense.,B1;production,de,,,,,,,,,,false
schilderwerk,painting work,B1,noun,"Travel, housing and services",Het schilderwerk aan de buitenkant is bijna klaar.,The exterior painting is almost finished.,,B1;production,het,schilderwerken,schilderwerkje,,,,,,,,false
schoonmaakmiddel,cleaning product,B1,noun,"Travel, housing and services",Gebruik geen sterk schoonmaakmiddel op dit hout.,Do not use a harsh cleaning product on this wood.,,B1;production,het,schoonmaakmiddelen,,,,,,,,,false
snelheidslimiet,speed limit,B1,noun,"Travel, housing and services",Op dit traject geldt een lagere snelheidslimiet.,A lower speed limit applies on this stretch of road.,,B1;production,de,snelheidslimieten,,,,,,,,,false
spoorweg,railway,B1,noun,"Travel, housing and services",De oude spoorweg loopt dwars door het dorp.,The old railway runs right through the village.,,B1;production,de,spoorwegen,spoorweggetje,,,,,,,,false
stadscentrum,city centre,B1,noun,"Travel, housing and services",Ons hotel ligt op loopafstand van het stadscentrum.,Our hotel is within walking distance of the city centre.,,B1;production,het,stadscentra,stadscentrumpje,,,,,,,,false
stadswandeling,city walk; walking tour,B1,noun,"Travel, housing and services",Tijdens de stadswandeling ontdekten we rustige hofjes.,"During the city walk, we discovered quiet courtyards.",,B1;production,de,stadswandelingen,,,,,,,,,false
standplaats,pitch; designated location,B1,noun,"Travel, housing and services",De marktkoopman heeft een vaste standplaats op het plein.,The market trader has a permanent pitch on the square.,,B1;production,de,standplaatsen,standplaatsje,,,,,,,,false
stroomstoring,power outage,B1,noun,"Travel, housing and services",Door een stroomstoring deed de lift het niet.,The lift was not working because of a power outage.,,B1;production,de,stroomstoringen,stroomstorinkje,,,,,,,,false
tocht,trip; draft of air,B1,noun,"Travel, housing and services",We maakten een tocht langs verschillende eilanden.,We took a trip past several islands.,,B1;production,de,tochten,tochtje,,,,,,,,false
toerisme,tourism,B1,noun,"Travel, housing and services",Het dorp verdient veel aan het toerisme.,The village earns a lot from tourism.,No usual plural in this sense.,B1;production,het,,,,,,,,,,false
toeslag,surcharge; supplement,B1,noun,"Travel, housing and services",Voor een kamer met zeezicht betaal je een toeslag.,You pay a supplement for a room with a sea view.,,B1;production,de,toeslagen,toeslagje,,,,,,,,false
uitkijkpunt,viewpoint,B1,noun,"Travel, housing and services",Vanaf het uitkijkpunt zie je de hele vallei.,"From the viewpoint, you can see the whole valley.",,B1;production,het,uitkijkpunten,,,,,,,,,false
vakantiebestemming,holiday destination,B1,noun,"Travel, housing and services",We zoeken een rustige vakantiebestemming zonder massatoerisme.,We are looking for a quiet holiday destination without mass tourism.,,B1;production,de,vakantiebestemmingen,,,,,,,,,false
veerdienst,ferry service,B1,noun,"Travel, housing and services",De veerdienst vaart in de zomer vaker.,The ferry service runs more frequently in summer.,,B1;production,de,veerdiensten,,,,,,,,,false
verblijf,stay,B1,noun,"Travel, housing and services",We hebben erg genoten van ons verblijf in Zeeland.,We really enjoyed our stay in Zeeland.,,B1;production,het,verblijven,verblijfje,,,,,,,,false
verhuizing,move; relocation,B1,noun,"Travel, housing and services",De verhuizing naar een andere stad kost veel voorbereiding.,Moving to another city takes a lot of preparation.,,B1;production,de,verhuizingen,verhuizinkje,,,,,,,,false
verkeersdrukte,heavy traffic,B1,noun,"Travel, housing and services",Door de verkeersdrukte vertrokken we een uur eerder.,"Because of the heavy traffic, we left an hour earlier.",No usual plural in this sense.,B1;production,de,,,,,,,,,,false
verkeersregel,traffic rule,B1,noun,"Travel, housing and services",Ook fietsers moeten zich aan de verkeersregels houden.,Cyclists must obey the traffic rules too.,,B1;production,de,verkeersregels,,,,,,,,,false
vervoerder,transport operator; carrier,B1,noun,"Travel, housing and services",De vervoerder biedt bij vertraging een alternatief aan.,The transport operator offers an alternative when there is a delay.,,B1;production,de,vervoerders,vervoerdertje,,,,,,,,false
voorstad,suburb,B1,noun,"Travel, housing and services",Zij woont in een rustige voorstad van Rotterdam.,She lives in a quiet suburb of Rotterdam.,,B1;production,de,voorsteden,voorstadje,,,,,,,,false
voorziening,facility; provision,B1,noun,"Travel, housing and services",De camping heeft goede sanitaire voorzieningen.,The campsite has good sanitary facilities.,,B1;production,de,voorzieningen,voorzieninkje,,,,,,,,false
wachtlijst,waiting list,B1,noun,"Travel, housing and services",We staan op de wachtlijst voor een parkeerplaats.,We are on the waiting list for a parking space.,,B1;production,de,wachtlijsten,wachtlijstje,,,,,,,,false
wandelpad,footpath; walking trail,B1,noun,"Travel, housing and services",Het wandelpad loopt langs de rivier.,The footpath follows the river.,,B1;production,het,wandelpaden,wandelpaadje,,,,,,,,false
wegdek,road surface,B1,noun,"Travel, housing and services",Door de vorst is het wegdek beschadigd.,The road surface has been damaged by frost.,,B1;production,het,wegdekken,wegdekje,,,,,,,,false
wegwijzer,signpost,B1,noun,"Travel, housing and services",De wegwijzer geeft de richting van het station aan.,The signpost points towards the station.,,B1;production,de,wegwijzers,wegwijzertje,,,,,,,,false
wijk,district; neighbourhood,B1,noun,"Travel, housing and services",In onze wijk komen steeds meer jonge gezinnen wonen.,More and more young families are moving into our neighbourhood.,,B1;production,de,wijken,wijkje,,,,,,,,false
woonlasten,housing costs,B1,noun,"Travel, housing and services",Onze woonlasten zijn na de verhuizing gestegen.,Our housing costs have increased since the move.,Plural-only noun: recurring housing costs.,B1;production,de,,,,,,,,,,false
woonruimte,living space; accommodation,B1,noun,"Travel, housing and services",Studenten zoeken vaak betaalbare woonruimte.,Students often look for affordable accommodation.,,B1;production,de,woonruimtes / woonruimten,,,,,,,,,false
woonwijk,residential neighbourhood,B1,noun,"Travel, housing and services",De nieuwe woonwijk krijgt een park en een school.,The new residential neighbourhood will have a park and a school.,,B1;production,de,woonwijken,,,,,,,,,false
zonnepaneel,solar panel,B1,noun,"Travel, housing and services",Op het dak liggen twaalf zonnepanelen.,There are twelve solar panels on the roof.,,B1;production,het,zonnepanelen,zonnepaneeltje,,,,,,,,false
activiteit,activity,B1,noun,Work and economy,"Neem deel aan de activiteit, niet voor geld, maar om te leren door ervaring.",Take part in the activity not for money but for learning through experience.,"Definition adapted from Wiktionary contributors, CC BY-SA 4.0: https://en.wiktionary.org/wiki/activiteit#Dutch. Example: anders (Dutch, https://tatoeba.org/en/sentences/show/2790619) and Zifre (English, https://tatoeba.org/en/sentences/show/18507); CC BY 2.0 FR.",B1;production,de,activiteiten,activiteitje,,,,,,,,false
agenda,agenda,B1,noun,Work and economy,De top-naties zetten de vrijhandel bovenaan op de agenda.,The summit nations put free trade at the top of the agenda.,"Definition adapted from Wiktionary contributors, CC BY-SA 4.0: https://en.wiktionary.org/wiki/agenda#Dutch. Example: Mandalay (Dutch, https://tatoeba.org/en/sentences/show/6091451) and CK (English, https://tatoeba.org/en/sentences/show/54043); CC BY 2.0 FR.",B1;production,de,agenda's,agendaatje,,,,,,,,false
eindeloos,endless,B1,adjective,Work and economy,Deze eindeloze zakenreizen vertellen veel over zijn huwelijk.,These endless business trips are telling on his marriage.,"Definition adapted from Wiktionary contributors, CC BY-SA 4.0: https://en.wiktionary.org/wiki/eindeloos#Dutch. Example: LaraCroft (Dutch, https://tatoeba.org/en/sentences/show/716596) and ddnktr (English, https://tatoeba.org/en/sentences/show/716453); CC BY 2.0 FR.",B1;production,,,,,,,,eindeloze,eindelozer,meest eindeloos,false
interesse,interest,B1,noun,Work and economy,Ik heb al lang geleden de interesse voor geld verloren.,I lost interest in money a long time ago.,"Definition adapted from Wiktionary contributors, CC BY-SA 4.0: https://en.wiktionary.org/wiki/interesse#Dutch. Example: simonbr (Dutch, https://tatoeba.org/en/sentences/show/1534248) and breadandroses89 (English, https://tatoeba.org/en/sentences/show/2585762); CC BY 2.0 FR.",B1;production,de,interesses / interessen,,,,,,,,,false
ontslaan,"to fire, to sack",B1,verb,Work and economy,De baas zal me waarschijnlijk ontslaan als ik nóg een fout maak.,The boss is likely to fire me if I make one more mistake.,"Definition adapted from Wiktionary contributors, CC BY-SA 4.0: https://en.wiktionary.org/wiki/ontslaan#Dutch. Example: megamanenm (Dutch, https://tatoeba.org/en/sentences/show/11018394) and megamanenm (English, https://tatoeba.org/en/sentences/show/11018392); CC BY 2.0 FR.",B1;production,,,,irregular,false,hebben,ontslagen,,,,false
presteren,"to perform, succeed, achieve",B1,verb,Work and economy,Het bedrijf heeft de afgelopen jaren goed gepresteerd en heeft veel succes behaald op de markt.,The company has performed well in recent years and has achieved a lot of success in the market.,"Definition adapted from Wiktionary contributors, CC BY-SA 4.0: https://en.wiktionary.org/wiki/presteren#Dutch. Example from the same Wiktionary entry (CC BY-SA 4.0).",B1;production,,,,regular,false,hebben,gepresteerd,,,,false
aanbod,offer; supply,B1,noun,Work and public life,Het aanbod van betaalbare woningen is beperkt.,The supply of affordable homes is limited.,No usual plural in this sense.,B1;production,het,,aanbodje,,,,,,,,false
aandacht,attention,B1,noun,Work and public life,Dit probleem verdient meer aandacht.,This problem deserves more attention.,No usual plural in this sense.,B1;production,de,,,,,,,,,,false
aanleiding,reason; occasion,B1,noun,Work and public life,Wat was de aanleiding voor dat gesprek?,What prompted that conversation?,,B1;production,de,aanleidingen,aanleidinkje,,,,,,,,false
aanpak,approach,B1,noun,Work and public life,We kiezen voor een praktische aanpak.,We are choosing a practical approach.,,B1;production,de,aanpakken,aanpakje,,,,,,,,false
aansluiting,connection,B1,noun,Work and public life,Ik miste de aansluiting naar Groningen.,I missed the connection to Groningen.,,B1;production,de,aansluitingen,aansluitinkje,,,,,,,,false
aantal,number; quantity,B1,noun,Work and public life,Het aantal deelnemers groeit elke week.,The number of participants grows every week.,,B1;production,het,aantallen,aantalletje,,,,,,,,false
aanvraag,application; request,B1,noun,Work and public life,Uw aanvraag wordt deze week behandeld.,Your application will be processed this week.,,B1;production,de,aanvragen,aanvraagje,,,,,,,,false
aanwezigheid,presence; attendance,B1,noun,Work and public life,Uw aanwezigheid bij het overleg is belangrijk.,Your attendance at the meeting is important.,,B1;production,de,aanwezigheden,aanwezigheidje,,,,,,,,false
achtergrond,background,B1,noun,Work and public life,Zij heeft een achtergrond in het onderwijs.,She has a background in education.,,B1;production,de,achtergronden,achtergrondje,,,,,,,,false
actie,action; campaign,B1,noun,Work and public life,De buurt begint een actie tegen zwerfafval.,The neighbourhood is starting a campaign against litter.,,B1;production,de,acties / actiën,actietje,,,,,,,,false
afbeelding,image; illustration,B1,noun,Work and public life,Deze afbeelding maakt de uitleg duidelijker.,This illustration makes the explanation clearer.,,B1;production,de,afbeeldingen,afbeeldinkje,,,,,,,,false
afloop,ending; conclusion,B1,noun,Work and public life,Na afloop van de cursus ontvang je een certificaat.,You receive a certificate at the end of the course.,,B1;production,de,aflopen,,,,,,,,,false
akkoord,agreement,B1,noun,Work and public life,Na lang overleg bereikten we een akkoord.,"After lengthy discussions, we reached an agreement.",,B1;production,het,akkoorden,akkoordje,,,,,,,,false
ambitie,ambition,B1,noun,Work and public life,Haar ambitie is om een eigen bedrijf te beginnen.,Her ambition is to start her own business.,,B1;production,de,ambities,ambitietje,,,,,,,,false
antwoordapparaat,answering machine,B1,noun,Work and public life,Spreek na de piep iets in op het antwoordapparaat.,Leave a message on the answering machine after the beep.,,B1;production,het,antwoordapparaten,antwoordapparaatje,,,,,,,,false
arbeid,labour; work,B1,noun,Work and public life,Zware lichamelijke arbeid vraagt om voldoende rust.,Heavy physical work requires sufficient rest.,No usual plural in this sense.,B1;production,de,,,,,,,,,,false
arbeidsmarkt,labour market,B1,noun,Work and public life,Op de arbeidsmarkt is veel vraag naar monteurs.,There is strong demand for mechanics in the labour market.,,B1;production,de,arbeidsmarkten,,,,,,,,,false
arbeidsovereenkomst,employment contract,B1,noun,Work and public life,Lees de arbeidsovereenkomst voordat je tekent.,Read the employment contract before you sign.,,B1;production,de,arbeidsovereenkomsten,,,,,,,,,false
artikel,article,B1,noun,Work and public life,Ik las een interessant artikel over thuiswerken.,I read an interesting article about working from home.,,B1;production,het,artikelen / artikels,artikeltje,,,,,,,,false
auteur,author,B1,noun,Work and public life,De auteur beantwoordde vragen uit het publiek.,The author answered questions from the audience.,,B1;production,de,auteurs,auteurtje,,,,,,,,false
baanzekerheid,job security,B1,noun,Work and public life,Een vast contract geeft meer baanzekerheid.,A permanent contract provides greater job security.,,B1;production,de,baanzekerheden,,,,,,,,,false
balans,balance,B1,noun,Work and public life,Ik zoek een betere balans tussen werk en privé.,I am looking for a better work-life balance.,,B1;production,de,balansen,balansje,,,,,,,,false
basis,basis; foundation,B1,noun,Work and public life,Vertrouwen vormt de basis van onze samenwerking.,Trust forms the basis of our cooperation.,,B1;production,de,basissen / bases,basisje,,,,,,,,false
bedoeling,intention; purpose,B1,noun,Work and public life,Het was niet mijn bedoeling om je te onderbreken.,I did not mean to interrupt you.,,B1;production,de,bedoelingen,bedoelinkje,,,,,,,,false
bedrijfscultuur,company culture,B1,noun,Work and public life,De informele bedrijfscultuur past goed bij mij.,The informal company culture suits me well.,,B1;production,de,bedrijfsculturen,,,,,,,,,false
bedrijfsleven,business world,B1,noun,Work and public life,Zij heeft veel ervaring in het bedrijfsleven.,She has a lot of experience in the business world.,No usual plural in this sense.,B1;production,het,,,,,,,,,,false
behandeling,treatment; handling,B1,noun,Work and public life,De behandeling van de klacht duurt twee weken.,Handling the complaint takes two weeks.,,B1;production,de,behandelingen,behandelinkje,,,,,,,,false
belang,importance; interest,B1,noun,Work and public life,Het belang van goed onderwijs is groot.,Good education is very important.,,B1;production,het,belangen,belangetje,,,,,,,,false
beleid,policy,B1,noun,Work and public life,Het nieuwe beleid maakt thuiswerken gemakkelijker.,The new policy makes working from home easier.,No usual plural in this sense.,B1;production,het,,beleidje,,,,,,,,false
beloning,reward; remuneration,B1,noun,Work and public life,Goed werk verdient een passende beloning.,Good work deserves appropriate remuneration.,,B1;production,de,beloningen,beloninkje,,,,,,,,false
benadering,approach; way of dealing with something,B1,noun,Work and public life,Zijn persoonlijke benadering stelt klanten gerust.,His personal approach reassures customers.,,B1;production,de,benaderingen,,,,,,,,,false
benodigdheid,required item,B1,noun,Work and public life,Op de lijst staat elke benodigdheid voor de cursus.,The list includes every item needed for the course.,,B1;production,de,benodigdheden,benodigdheidje,,,,,,,,false
beoordeling,assessment; evaluation,B1,noun,Work and public life,Je krijgt na het gesprek een schriftelijke beoordeling.,You receive a written assessment after the interview.,,B1;production,de,beoordelingen,beoordelinkje,,,,,,,,false
beroepservaring,professional experience,B1,noun,Work and public life,Voor deze functie is beroepservaring een voordeel.,Professional experience is an advantage for this position.,,B1;production,de,beroepservaringen,,,,,,,,,false
beroepskeuze,career choice,B1,noun,Work and public life,Een stage kan helpen bij je beroepskeuze.,An internship can help you choose a career.,,B1;production,de,beroepskeuzen / beroepskeuzes,,,,,,,,,false
bescherming,protection,B1,noun,Work and public life,Werknemers hebben recht op bescherming tegen discriminatie.,Employees are entitled to protection against discrimination.,,B1;production,de,beschermingen,bescherminkje,,,,,,,,false
beslissing,decision,B1,noun,Work and public life,We nemen morgen een definitieve beslissing.,We will make a final decision tomorrow.,,B1;production,de,beslissingen,beslissinkje,,,,,,,,false
besluit,decision; resolution,B1,noun,Work and public life,Het bestuur heeft het besluit schriftelijk bevestigd.,The board has confirmed the decision in writing.,,B1;production,het,besluiten,besluitje,,,,,,,,false
bestelling,order,B1,noun,Work and public life,Uw bestelling wordt morgen bezorgd.,Your order will be delivered tomorrow.,,B1;production,de,bestellingen,bestellinkje,,,,,,,,false
bestuur,board; administration,B1,noun,Work and public life,Het bestuur bespreekt de plannen volgende week.,The board will discuss the plans next week.,,B1;production,het,besturen,,,,,,,,,false
betrekking,connection; relation,B1,noun,Work and public life,Deze vraag heeft betrekking op uw aanvraag.,This question concerns your application.,,B1;production,de,betrekkingen,betrekkinkje,,,,,,,,false
bevestiging,confirmation,B1,noun,Work and public life,Na je aanmelding ontvang je een bevestiging per e-mail.,"After registering, you receive confirmation by email.",,B1;production,de,bevestigingen,bevestigingetje,,,,,,,,false
bevordering,promotion; advancement,B1,noun,Work and public life,Haar bevordering was een erkenning van haar werk.,Her promotion was recognition of her work.,,B1;production,de,bevorderingen,bevorderingetje,,,,,,,,false
bewijs,proof; evidence,B1,noun,Work and public life,Bewaar de e-mail als bewijs van betaling.,Keep the email as proof of payment.,,B1;production,het,bewijzen,bewijsje,,,,,,,,false
bewustzijn,awareness,B1,noun,Work and public life,De campagne vergroot het bewustzijn van voedselverspilling.,The campaign raises awareness of food waste.,No usual plural in this sense.,B1;production,het,,,,,,,,,,false
bijdrage,contribution,B1,noun,Work and public life,Iedere deelnemer levert een bijdrage aan het gesprek.,Every participant contributes to the discussion.,,B1;production,de,bijdragen / bijdrages,bijdragetje,,,,,,,,false
bijeenkomst,meeting; gathering,B1,noun,Work and public life,De bijeenkomst begint met een korte presentatie.,The meeting begins with a short presentation.,,B1;production,de,bijeenkomsten,bijeenkomstje,,,,,,,,false
bijlage,attachment; appendix,B1,noun,Work and public life,De prijslijst staat in de bijlage.,The price list is in the attachment.,,B1;production,de,bijlagen / bijlages,bijlagetje,,,,,,,,false
boodschap,message,B1,noun,Work and public life,De boodschap van haar presentatie was duidelijk.,The message of her presentation was clear.,,B1;production,de,boodschappen,boodschapje,,,,,,,,false
branche,sector; line of business,B1,noun,Work and public life,In deze branche verandert de techniek snel.,Technology changes quickly in this sector.,,B1;production,de,branches,,,,,,,,,false
bron,source,B1,noun,Work and public life,Controleer altijd de bron van een nieuwsbericht.,Always check the source of a news report.,,B1;production,de,bronnen,bronnetje,,,,,,,,false
burgemeester,mayor,B1,noun,Work and public life,De burgemeester opende het nieuwe buurthuis.,The mayor opened the new community centre.,,B1;production,de,burgemeesters,,,,,,,,,false
burger,citizen,B1,noun,Work and public life,Elke burger mag een vraag aan de gemeente stellen.,Every citizen may ask the municipality a question.,,B1;production,de,burgers,burgertje,,,,,,,,false
campagne,campaign,B1,noun,Work and public life,De campagne moedigt mensen aan om vaker te fietsen.,The campaign encourages people to cycle more often.,,B1;production,de,campagnes,,,,,,,,,false
carrière,career,B1,noun,Work and public life,Zij wil haar carrière in Nederland voortzetten.,She wants to continue her career in the Netherlands.,,B1;production,de,carrières,carrièretje,,,,,,,,false
categorie,category,B1,noun,Work and public life,Onder welke categorie valt deze uitgave?,Which category does this expense fall under?,,B1;production,de,categorieën,categorietje,,,,,,,,false
certificaat,certificate,B1,noun,Work and public life,Met dit certificaat kun je je vaardigheden aantonen.,You can demonstrate your skills with this certificate.,,B1;production,het,certificaten,certificaatje,,,,,,,,false
coach,coach,B1,noun,Work and public life,Mijn coach helpt me om haalbare doelen te stellen.,My coach helps me set achievable goals.,,B1;production,de,coaches / coachen,coachje,,,,,,,,false
collegialiteit,collegiality; cooperation among colleagues,B1,noun,Work and public life,Collegialiteit is belangrijk in een klein team.,Cooperation among colleagues is important in a small team.,Usually uncountable.,B1;production,de,,,,,,,,,,false
combinatie,combination,B1,noun,Work and public life,Deze baan biedt een combinatie van theorie en praktijk.,This job offers a combination of theory and practice.,,B1;production,de,combinaties,combinatietje,,,,,,,,false
commissie,committee,B1,noun,Work and public life,Een onafhankelijke commissie onderzoekt de klacht.,An independent committee is investigating the complaint.,,B1;production,de,commissies,commissietje,,,,,,,,false
communicatie,communication,B1,noun,Work and public life,Duidelijke communicatie voorkomt veel misverstanden.,Clear communication prevents many misunderstandings.,,B1;production,de,communicaties,,,,,,,,,false
conclusie,conclusion,B1,noun,Work and public life,Welke conclusie trek je uit deze resultaten?,What conclusion do you draw from these results?,,B1;production,de,conclusies,conclusietje,,,,,,,,false
concurrent,competitor,B1,noun,Work and public life,Onze concurrent biedt dezelfde dienst goedkoper aan.,Our competitor offers the same service more cheaply.,,B1;production,de,concurrenten,concurrentje,,,,,,,,false
concurrentie,competition,B1,noun,Work and public life,De concurrentie tussen de winkels is groot.,There is strong competition between the shops.,No usual plural in this sense.,B1;production,de,,,,,,,,,,false
contactpersoon,contact person,B1,noun,Work and public life,Bij vragen kun je onze contactpersoon bellen.,"If you have questions, you can call our contact person.",,B1;production,de,contactpersonen,,,,,,,,,false
controle,check; inspection,B1,noun,Work and public life,Voor vertrek doen we een laatste controle.,"Before leaving, we carry out a final check.",,B1;production,de,controles,,,,,,,,,false
criterium,criterion,B1,noun,Work and public life,Ervaring is niet het enige criterium bij de selectie.,Experience is not the only selection criterion.,,B1;production,het,criteria / criteriums,criteriumpje,,,,,,,,false
debat,debate,B1,noun,Work and public life,Tijdens het debat kwamen verschillende meningen aan bod.,Different opinions were discussed during the debate.,,B1;production,het,debatten,debatje,,,,,,,,false
deelname,participation,B1,noun,Work and public life,Voor deelname aan de training moet je je aanmelden.,You must register to take part in the training.,,B1;production,de,deelnames,deelnametje,,,,,,,,false
deelnemer,participant,B1,noun,Work and public life,Elke deelnemer ontvangt vooraf het programma.,Every participant receives the programme in advance.,,B1;production,de,deelnemers,deelnemertje,,,,,,,,false
democratie,democracy,B1,noun,Work and public life,In een democratie kunnen burgers hun vertegenwoordigers kiezen.,"In a democracy, citizens can elect their representatives.",,B1;production,de,democratieën,democratietje,,,,,,,,false
deskundige,expert,B1,noun,Work and public life,We vragen een deskundige om advies.,We are asking an expert for advice.,,B1;production,de,deskundigen,,,,,,,,,false
detail,detail,B1,noun,Work and public life,Let ook op de kleine details in het contract.,Pay attention to the small details in the contract too.,,B1;production,het,details,detailtje,,,,,,,,false
dienstverlening,service provision,B1,noun,Work and public life,De gemeente wil haar dienstverlening verbeteren.,The municipality wants to improve its services.,,B1;production,de,dienstverleningen,,,,,,,,,false
directeur,director,B1,noun,Work and public life,De directeur legt het nieuwe plan aan het personeel uit.,The director explains the new plan to the staff.,,B1;production,de,directeurs,directeurtje,,,,,,,,false
discriminatie,discrimination,B1,noun,Work and public life,Het bedrijf neemt elke melding van discriminatie serieus.,The company takes every report of discrimination seriously.,,B1;production,de,discriminaties,,,,,,,,,false
discussie,discussion; debate,B1,noun,Work and public life,De discussie bleef vriendelijk ondanks onze verschillen.,The discussion remained friendly despite our differences.,,B1;production,de,discussies,discussietje,,,,,,,,false
doel,goal; purpose,B1,noun,Work and public life,Ons doel is om minder afval te produceren.,Our goal is to produce less waste.,,B1;production,het,doelen,doeltje,,,,,,,,false
doelgroep,target group,B1,noun,Work and public life,Jongvolwassenen vormen de belangrijkste doelgroep van de cursus.,Young adults are the course's main target group.,,B1;production,de,doelgroepen,doelgroepje,,,,,,,,false
doorzettingsvermogen,perseverance,B1,noun,Work and public life,Een nieuwe taal leren vraagt om doorzettingsvermogen.,Learning a new language requires perseverance.,No usual plural in this sense.,B1;production,het,,,,,,,,,,false
economie,economy,B1,noun,Work and public life,De lokale economie profiteert van het toerisme.,The local economy benefits from tourism.,,B1;production,de,economieën,economietje,,,,,,,,false
effect,effect,B1,noun,Work and public life,De maatregel heeft een positief effect op de veiligheid.,The measure has a positive effect on safety.,,B1;production,het,effecten,effectje,,,,,,,,false
eigenaar,owner,B1,noun,Work and public life,De eigenaar van het café zoekt nieuw personeel.,The owner of the café is looking for new staff.,,B1;production,de,eigenaars / eigenaren,eigenaartje,,,,,,,,false
eigenschap,characteristic; quality,B1,noun,Work and public life,Geduld is een belangrijke eigenschap voor dit beroep.,Patience is an important quality for this profession.,,B1;production,de,eigenschappen,eigenschapje,,,,,,,,false
eis,requirement; demand,B1,noun,Work and public life,Een geldig rijbewijs is een eis voor deze baan.,A valid driving licence is a requirement for this job.,,B1;production,de,eisen,eisje,,,,,,,,false
evenement,event,B1,noun,Work and public life,Het evenement trekt bezoekers uit de hele regio.,The event attracts visitors from across the region.,,B1;production,het,evenementen,evenementje,,,,,,,,false
exemplaar,copy; specimen,B1,noun,Work and public life,Heb je nog een exemplaar van dat rapport?,Do you have another copy of that report?,,B1;production,het,exemplaren,exemplaartje,,,,,,,,false
feit,fact,B1,noun,Work and public life,We moeten feiten van meningen onderscheiden.,We must distinguish facts from opinions.,,B1;production,het,feiten,feitje,,,,,,,,false
functie,position; function,B1,noun,Work and public life,Voor deze functie moet je goed kunnen samenwerken.,You need to work well with others for this position.,,B1;production,de,functies,functietje,,,,,,,,false
gebrek,lack; shortage,B1,noun,Work and public life,Door een gebrek aan personeel blijft de winkel dicht.,The shop remains closed because of a staff shortage.,,B1;production,het,gebreken,gebrekje,,,,,,,,false
gedrag,behaviour,B1,noun,Work and public life,Zijn rustige gedrag stelde de klanten gerust.,His calm behaviour reassured the customers.,No usual plural in this sense.,B1;production,het,,,,,,,,,,false
gelegenheid,opportunity; occasion,B1,noun,Work and public life,Tijdens de pauze is er gelegenheid om vragen te stellen.,There is an opportunity to ask questions during the break.,,B1;production,de,gelegenheden,gelegenheidje,,,,,,,,false
gemeenschap,community,B1,noun,Work and public life,Het buurthuis speelt een belangrijke rol in de gemeenschap.,The community centre plays an important role in the community.,,B1;production,de,gemeenschappen,gemeenschapje,,,,,,,,false
gevolg,consequence; result,B1,noun,Work and public life,De vertraging is een gevolg van het slechte weer.,The delay is a result of the bad weather.,,B1;production,het,gevolgen,gevolgje,,,,,,,,false
gezag,authority,B1,noun,Work and public life,De politie oefent haar gezag binnen de wet uit.,The police exercise their authority within the law.,No usual plural in this sense.,B1;production,het,,,,,,,,,,false
groei,growth,B1,noun,Work and public life,Het bedrijf verwacht dit jaar een bescheiden groei.,The company expects modest growth this year.,No usual plural in this sense.,B1;production,de,,,,,,,,,,false
handel,trade,B1,noun,Work and public life,De haven is belangrijk voor de internationale handel.,The port is important for international trade.,No usual plural in this sense.,B1;production,de,,handeltje,,,,,,,,false
handleiding,manual; instructions,B1,noun,Work and public life,Lees de handleiding voordat je het apparaat gebruikt.,Read the manual before using the device.,,B1;production,de,handleidingen,handleidinkje,,,,,,,,false
herinnering,memory; reminder,B1,noun,Work and public life,Ik stuur je morgen een herinnering aan de afspraak.,I will send you a reminder about the appointment tomorrow.,,B1;production,de,herinneringen,herinneringetje,,,,,,,,false
hoeveelheid,amount; quantity,B1,noun,Work and public life,We proberen de hoeveelheid papier te verminderen.,We are trying to reduce the amount of paper.,,B1;production,de,hoeveelheden,hoeveelheidje,,,,,,,,false
houding,attitude; posture,B1,noun,Work and public life,Een open houding helpt tijdens een sollicitatiegesprek.,An open attitude helps during a job interview.,,B1;production,de,houdingen,houdinkje,,,,,,,,false
idee,idea,B1,noun,Work and public life,Jouw idee verdient een serieuze kans.,Your idea deserves a serious chance.,,B1;production,het,ideeën,ideetje,,,,,,,,false
indruk,impression,B1,noun,Work and public life,Het gesprek gaf me een goede indruk van het bedrijf.,The interview gave me a good impression of the company.,,B1;production,de,indrukken,indrukje,,,,,,,,false
industrie,industry,B1,noun,Work and public life,De industrie zoekt manieren om energie te besparen.,Industry is looking for ways to save energy.,,B1;production,de,industrieën,industrietje,,,,,,,,false
inhoud,content; contents,B1,noun,Work and public life,De inhoud van de cursus sluit aan bij mijn werk.,The content of the course is relevant to my work.,,B1;production,de,inhouden,inhoudje,,,,,,,,false
initiatief,initiative,B1,noun,Work and public life,Het initiatief voor de schoonmaak kwam van de bewoners.,The initiative for the cleanup came from the residents.,,B1;production,het,initiatieven,initiatiefje,,,,,,,,false
instructie,instruction,B1,noun,Work and public life,Volg de instructies op het scherm.,Follow the instructions on the screen.,,B1;production,de,instructies,instructietje,,,,,,,,false
invloed,influence,B1,noun,Work and public life,Het weer heeft invloed op het aantal bezoekers.,The weather affects the number of visitors.,,B1;production,de,invloeden,invloedjes,,,,,,,,false
inzet,effort; commitment,B1,noun,Work and public life,Dankzij haar inzet was het project op tijd klaar.,"Thanks to her commitment, the project was completed on time.",,B1;production,de,inzetten,inzetje,,,,,,,,false
jaarverslag,annual report,B1,noun,Work and public life,In het jaarverslag staan de belangrijkste resultaten.,The annual report contains the main results.,,B1;production,het,jaarverslagen,jaarverslagje,,,,,,,,false
journalist,journalist,B1,noun,Work and public life,De journalist controleerde het verhaal bij twee bronnen.,The journalist checked the story with two sources.,,B1;production,de,journalisten,journalistje,,,,,,,,false
kader,framework; context,B1,noun,Work and public life,We bespreken de plannen binnen het kader van ons budget.,We will discuss the plans within the framework of our budget.,,B1;production,het,kaders,kadertje,,,,,,,,false
kandidaat,candidate,B1,noun,Work and public life,Elke kandidaat krijgt dezelfde vragen.,Every candidate receives the same questions.,,B1;production,de,kandidaten,kandidaatje,,,,,,,,false
kans,chance; opportunity,B1,noun,Work and public life,Deze stage geeft je de kans om ervaring op te doen.,This internship gives you the opportunity to gain experience.,,B1;production,de,kansen,kansje,,,,,,,,false
kenmerk,characteristic; feature,B1,noun,Work and public life,Een belangrijk kenmerk van dit product is de lange levensduur.,An important feature of this product is its long lifespan.,,B1;production,het,kenmerken,kenmerkje,,,,,,,,false
kennis,knowledge; acquaintance,B1,noun,Work and public life,Zijn kennis van computers is indrukwekkend.,His knowledge of computers is impressive.,No usual plural in this sense.,B1;production,de,,,,,,,,,,false
kennisgeving,notification,B1,noun,Work and public life,U ontvangt een kennisgeving zodra het besluit is genomen.,You will receive a notification as soon as the decision has been made.,,B1;production,de,kennisgevingen,,,,,,,,,false
keuze,choice,B1,noun,Work and public life,De keuze voor een opleiding kan lastig zijn.,Choosing a course of study can be difficult.,,B1;production,de,keuzen / keuzes,keuzetje,,,,,,,,false
kwaliteit,quality,B1,noun,Work and public life,Wij controleren de kwaliteit van elk product.,We check the quality of every product.,,B1;production,de,kwaliteiten,kwaliteitje,,,,,,,,false
kwestie,issue; matter,B1,noun,Work and public life,We bespreken deze kwestie tijdens het volgende overleg.,We will discuss this issue at the next meeting.,,B1;production,de,kwesties,kwestietje,,,,,,,,false
leiding,leadership; management,B1,noun,Work and public life,Onder haar leiding werkte het team efficiënter.,"Under her leadership, the team worked more efficiently.",,B1;production,de,leidingen,leidinkje,,,,,,,,false
leidinggevende,manager; supervisor,B1,noun,Work and public life,Bespreek je vakantieplannen eerst met je leidinggevende.,Discuss your holiday plans with your manager first.,,B1;production,de,leidinggevenden,,,,,,,,,false
lid,member,B1,noun,Work and public life,Elk lid van de vereniging heeft stemrecht.,Every member of the association has voting rights.,,B1;production,het,leden,lidje,,,,,,,,false
lidmaatschap,membership,B1,noun,Work and public life,Mijn lidmaatschap wordt automatisch verlengd.,My membership is renewed automatically.,,B1;production,het,lidmaatschappen,lidmaatschapje,,,,,,,,false
locatie,location; venue,B1,noun,Work and public life,De nieuwe locatie is goed bereikbaar met de trein.,The new venue is easy to reach by train.,,B1;production,de,locaties,locatietje,,,,,,,,false
maatregel,measure; step taken,B1,noun,Work and public life,Deze maatregel moet de wachttijd verkorten.,This measure should reduce the waiting time.,,B1;production,de,maatregelen / maatregels,maatregeltje,,,,,,,,false
maatschappij,society; company,B1,noun,Work and public life,Digitale vaardigheden zijn belangrijk in onze maatschappij.,Digital skills are important in our society.,,B1;production,de,maatschappijen,maatschappijtje,,,,,,,,false
medewerker,employee; staff member,B1,noun,Work and public life,Een medewerker helpt u bij het invullen van het formulier.,A staff member will help you complete the form.,,B1;production,de,medewerkers,medewerkertje,,,,,,,,false
meerderheid,majority,B1,noun,Work and public life,De meerderheid van de deelnemers koos voor vrijdag.,The majority of participants chose Friday.,,B1;production,de,meerderheden,meerderheidje,,,,,,,,false
melding,report; notification,B1,noun,Work and public life,Ik heb een melding van de storing gemaakt.,I reported the fault.,,B1;production,de,meldingen,meldinkje,,,,,,,,false
mening,opinion,B1,noun,Work and public life,Iedereen mag hier zijn mening geven.,Everyone may express their opinion here.,,B1;production,de,meningen,meninkje,,,,,,,,false
methode,method,B1,noun,Work and public life,Deze methode helpt me om nieuwe woorden te onthouden.,This method helps me remember new words.,,B1;production,de,methoden / methodes,methodetje,,,,,,,,false
middel,means; tool,B1,noun,Work and public life,Een e-mail is niet altijd het beste middel om een conflict op te lossen.,An email is not always the best way to resolve a conflict.,,B1;production,het,middelen,middeltje,,,,,,,,false
milieu,environment,B1,noun,Work and public life,Minder autorijden is beter voor het milieu.,Driving less is better for the environment.,,B1;production,het,milieus,milieutje,,,,,,,,false
minister,minister,B1,noun,Work and public life,De minister presenteerde de nieuwe onderwijsplannen.,The minister presented the new education plans.,,B1;production,de,ministers,ministertje,,,,,,,,false
ministerie,ministry,B1,noun,Work and public life,Het ministerie publiceert de cijfers op zijn website.,The ministry publishes the figures on its website.,,B1;production,het,ministeries,ministerietje,,,,,,,,false
misverstand,misunderstanding,B1,noun,Work and public life,Door een misverstand stonden we bij verschillende ingangen.,"Because of a misunderstanding, we were waiting at different entrances.",,B1;production,het,misverstanden,misverstandje,,,,,,,,false
mogelijkheid,possibility; option,B1,noun,Work and public life,Is er een mogelijkheid om online deel te nemen?,Is there an option to take part online?,,B1;production,de,mogelijkheden,,,,,,,,,false
netwerk,network,B1,noun,Work and public life,Tijdens de bijeenkomst bouwde ze haar netwerk uit.,She expanded her network during the meeting.,,B1;production,het,netwerken,netwerkje,,,,,,,,false
nieuwsbrief,newsletter,B1,noun,Work and public life,In onze nieuwsbrief lees je meer over de komende activiteiten.,Our newsletter tells you more about upcoming activities.,,B1;production,de,nieuwsbrieven,nieuwsbriefje,,,,,,,,false
niveau,level,B1,noun,Work and public life,De cursus past goed bij mijn niveau.,The course is well suited to my level.,,B1;production,het,niveaus,niveautje,,,,,,,,false
onderdeel,part; component,B1,noun,Work and public life,Praktijkervaring is een belangrijk onderdeel van de opleiding.,Practical experience is an important part of the training.,,B1;production,het,onderdelen,onderdeeltje,,,,,,,,false
onderhoud,maintenance,B1,noun,Work and public life,Het gebouw heeft regelmatig onderhoud nodig.,The building needs regular maintenance.,No usual plural in this sense.,B1;production,het,,,,,,,,,,false
ondernemer,entrepreneur; business owner,B1,noun,Work and public life,De ondernemer wil een tweede winkel openen.,The business owner wants to open a second shop.,,B1;production,de,ondernemers,ondernemertje,,,,,,,,false
onderneming,business; enterprise,B1,noun,Work and public life,Zij begon haar onderneming vanuit huis.,She started her business from home.,,B1;production,de,ondernemingen,onderneminkje,,,,,,,,false
onderwerp,subject; topic,B1,noun,Work and public life,Welk onderwerp wil je tijdens het overleg bespreken?,Which topic would you like to discuss at the meeting?,,B1;production,het,onderwerpen,onderwerpje,,,,,,,,false
onderzoek,research; investigation,B1,noun,Work and public life,Het onderzoek laat zien dat de aanpak werkt.,The research shows that the approach works.,,B1;production,het,onderzoeken,onderzoekje,,,,,,,,false
ontwikkeling,development,B1,noun,Work and public life,We volgen de ontwikkeling van de buurt met belangstelling.,We are following the development of the neighbourhood with interest.,,B1;production,de,ontwikkelingen,ontwikkelingetje,,,,,,,,false
oorzaak,cause,B1,noun,Work and public life,De oorzaak van de storing is nog onbekend.,The cause of the fault is still unknown.,,B1;production,de,oorzaken,,,,,,,,,false
opdrachtgever,client; commissioning party,B1,noun,Work and public life,De opdrachtgever wil het ontwerp eerst bekijken.,The client wants to see the design first.,,B1;production,de,opdrachtgevers,opdrachtgevertje,,,,,,,,false
opleidingseis,educational requirement,B1,noun,Work and public life,Een afgeronde mbo-opleiding is de minimale opleidingseis.,A completed vocational qualification is the minimum educational requirement.,,B1;production,de,opleidingseisen,,,,,,,,,false
oproep,appeal; call,B1,noun,Work and public life,De gemeente deed een oproep om minder water te gebruiken.,The municipality appealed to people to use less water.,,B1;production,de,oproepen,oproepje,,,,,,,,false
opvatting,view; belief,B1,noun,Work and public life,Onze opvattingen over goed leiderschap verschillen.,Our views on good leadership differ.,,B1;production,de,opvattingen,opvattinkje,,,,,,,,false
organisatie,organisation,B1,noun,Work and public life,De organisatie zoekt vrijwilligers voor het festival.,The organisation is looking for volunteers for the festival.,,B1;production,de,organisaties,organisatietje,,,,,,,,false
overeenkomst,agreement; contract,B1,noun,Work and public life,Beide partijen hebben de overeenkomst ondertekend.,Both parties have signed the agreement.,,B1;production,de,overeenkomsten,overeenkomstje,,,,,,,,false
overeenstemming,agreement; consensus,B1,noun,Work and public life,We hebben overeenstemming bereikt over de planning.,We have reached agreement on the schedule.,,B1;production,de,overeenstemmingen,,,,,,,,,false
overheid,government; public authorities,B1,noun,Work and public life,De overheid investeert in beter openbaar vervoer.,The government is investing in better public transport.,,B1;production,de,overheden,,,,,,,,,false
overleg,consultation; discussion,B1,noun,Work and public life,Na overleg met het team hebben we de datum veranderd.,"After consulting the team, we changed the date.",,B1;production,het,overleggen,overlegje,,,,,,,,false
overzicht,overview,B1,noun,Work and public life,Dit overzicht toont alle geplande werkzaamheden.,This overview shows all the planned work.,,B1;production,het,overzichten,overzichtje,,,,,,,,false
partij,party; side,B1,noun,Work and public life,Beide partijen zoeken naar een redelijke oplossing.,Both parties are looking for a reasonable solution.,,B1;production,de,partijen,partijtje,,,,,,,,false
pers,press; news media,B1,noun,Work and public life,De pers stelde vragen over het nieuwe beleid.,The press asked questions about the new policy.,,B1;production,de,persen,persje,,,,,,,,false
personeel,staff; personnel,B1,noun,Work and public life,Het personeel krijgt volgende maand een training.,The staff will receive training next month.,No usual plural in this sense.,B1;production,het,,,,,,,,,,false
personeelstekort,staff shortage,B1,noun,Work and public life,Door het personeelstekort duurt de levering langer.,Delivery takes longer because of the staff shortage.,,B1;production,het,personeelstekorten,,,,,,,,,false
positie,position,B1,noun,Work and public life,Zijn ervaring geeft hem een sterke positie op de arbeidsmarkt.,His experience gives him a strong position in the labour market.,,B1;production,de,posities,positietje,,,,,,,,false
praktijk,practice; practical work,B1,noun,Work and public life,In de praktijk werkt het soms anders dan in de theorie.,"In practice, things sometimes work differently from the theory.",,B1;production,de,praktijken,,,,,,,,,false
presentatie,presentation,B1,noun,Work and public life,Mijn presentatie duurt ongeveer tien minuten.,My presentation lasts about ten minutes.,,B1;production,de,presentaties,presentatietje,,,,,,,,false
prestatie,achievement; performance,B1,noun,Work and public life,Ze is trots op haar prestatie tijdens het examen.,She is proud of her performance in the exam.,,B1;production,de,prestaties,prestatietje,,,,,,,,false
procedure,procedure,B1,noun,Work and public life,De procedure voor het aanvragen van verlof is eenvoudig.,The procedure for requesting leave is straightforward.,,B1;production,de,procedures,,,,,,,,,false
proces,process,B1,noun,Work and public life,Het hele proces duurt ongeveer een maand.,The whole process takes about a month.,,B1;production,het,processen,procesje,,,,,,,,false
productie,production,B1,noun,Work and public life,De productie ligt tijdelijk stil door een storing.,Production has stopped temporarily because of a fault.,,B1;production,de,producties,productietje,,,,,,,,false
profiel,profile,B1,noun,Work and public life,Werk je profiel bij voordat je gaat solliciteren.,Update your profile before applying for jobs.,,B1;production,het,profielen,profieltje,,,,,,,,false
project,project,B1,noun,Work and public life,Voor dit project werken drie afdelingen samen.,Three departments are working together on this project.,,B1;production,het,projecten,projectje,,,,,,,,false
rapport,report,B1,noun,Work and public life,Het rapport bevat duidelijke aanbevelingen.,The report contains clear recommendations.,,B1;production,het,rapporten,rapportje,,,,,,,,false
reactie,reaction; response,B1,noun,Work and public life,We hebben nog geen reactie op ons voorstel ontvangen.,We have not yet received a response to our proposal.,,B1;production,de,reacties,reactietje,,,,,,,,false
reden,reason,B1,noun,Work and public life,Wat is de reden voor deze verandering?,What is the reason for this change?,,B1;production,de,redenen,redentje,,,,,,,,false
reeks,series,B1,noun,Work and public life,Dit is de eerste bijeenkomst in een reeks van vier.,This is the first meeting in a series of four.,,B1;production,de,reeksen,reeksje,,,,,,,,false
regeling,arrangement; scheme,B1,noun,Work and public life,Voor reiskosten bestaat een aparte regeling.,There is a separate scheme for travel expenses.,,B1;production,de,regelingen,regelingetje,,,,,,,,false
regering,government,B1,noun,Work and public life,De regering wil meer betaalbare woningen laten bouwen.,The government wants more affordable homes to be built.,,B1;production,de,regeringen,regerinkje,,,,,,,,false
regio,region,B1,noun,Work and public life,In deze regio zijn veel banen in de zorg.,There are many healthcare jobs in this region.,,B1;production,de,regio's / regionen,regiootje,,,,,,,,false
risico,risk,B1,noun,Work and public life,We willen het risico op fouten verkleinen.,We want to reduce the risk of errors.,,B1;production,het,risico's,risicootje,,,,,,,,false
rol,role,B1,noun,Work and public life,Welke rol wil jij binnen het team vervullen?,Which role would you like to take on within the team?,,B1;production,de,rollen,rolletje,,,,,,,,false
samenleving,society,B1,noun,Work and public life,Vrijwilligers leveren een belangrijke bijdrage aan de samenleving.,Volunteers make an important contribution to society.,,B1;production,de,samenlevingen,samenlevinkje,,,,,,,,false
samenwerking,cooperation; collaboration,B1,noun,Work and public life,De samenwerking tussen beide scholen verloopt goed.,The cooperation between the two schools is going well.,,B1;production,de,samenwerkingen,samenwerkingetje,,,,,,,,false
sector,sector,B1,noun,Work and public life,Hij zoekt werk in de culturele sector.,He is looking for work in the cultural sector.,,B1;production,de,sectoren / sectors,sectortje,,,,,,,,false
selectie,selection,B1,noun,Work and public life,Bij de selectie kijken we naar kennis en motivatie.,"During selection, we consider knowledge and motivation.",,B1;production,de,selecties,selectietje,,,,,,,,false
situatie,situation,B1,noun,Work and public life,In deze situatie is rustig blijven belangrijk.,"In this situation, it is important to stay calm.",,B1;production,de,situaties / situatiën,situatietje,,,,,,,,false
sollicitatiebrief,cover letter,B1,noun,Work and public life,Pas je sollicitatiebrief aan de vacature aan.,Tailor your cover letter to the vacancy.,,B1;production,de,sollicitatiebrieven,,,,,,,,,false
spreker,speaker,B1,noun,Work and public life,De volgende spreker vertelt over duurzaam wonen.,The next speaker will talk about sustainable living.,,B1;production,de,sprekers,sprekertje,,,,,,,,false
standpunt,position; point of view,B1,noun,Work and public life,Kun je jouw standpunt met een voorbeeld uitleggen?,Can you explain your point of view with an example?,,B1;production,het,standpunten,standpuntje,,,,,,,,false
status,status,B1,noun,Work and public life,U kunt de status van uw aanvraag online bekijken.,You can check the status of your application online.,,B1;production,de,statussen,statusje,,,,,,,,false
steun,support,B1,noun,Work and public life,Zonder de steun van het team was het niet gelukt.,It would not have worked without the team's support.,,B1;production,de,steunen,steuntje,,,,,,,,false
stichting,foundation; nonprofit organisation,B1,noun,Work and public life,De stichting helpt mensen die moeilijk werk vinden.,The foundation helps people who struggle to find work.,,B1;production,de,stichtingen,stichtinkje,,,,,,,,false
strategie,strategy,B1,noun,Work and public life,We hebben een nieuwe strategie nodig om klanten te bereiken.,We need a new strategy to reach customers.,,B1;production,de,strategieën,strategietje,,,,,,,,false
structuur,structure,B1,noun,Work and public life,Een duidelijke structuur maakt het verslag leesbaar.,A clear structure makes the report easy to read.,,B1;production,de,structuren,structuurtje,,,,,,,,false
succes,success,B1,noun,Work and public life,Het succes van de actie verraste iedereen.,The success of the campaign surprised everyone.,,B1;production,het,successen,succesje,,,,,,,,false
systeem,system,B1,noun,Work and public life,Het nieuwe systeem slaat wijzigingen automatisch op.,The new system saves changes automatically.,,B1;production,het,systemen,systeempje,,,,,,,,false
taakverdeling,division of tasks,B1,noun,Work and public life,Een heldere taakverdeling voorkomt dubbel werk.,A clear division of tasks prevents duplicated work.,,B1;production,de,taakverdelingen,,,,,,,,,false
techniek,technique; technology,B1,noun,Work and public life,Met deze techniek kun je nauwkeuriger werken.,You can work more accurately with this technique.,,B1;production,de,technieken,techniekje,,,,,,,,false
termijn,period; deadline,B1,noun,Work and public life,Binnen welke termijn moet ik reageren?,Within what period must I respond?,,B1;production,de,termijnen,termijntje,,,,,,,,false
thema,theme; topic,B1,noun,Work and public life,Het thema van de bijeenkomst is gezonde voeding.,The theme of the meeting is healthy eating.,,B1;production,het,thema's / themata,themaatje,,,,,,,,false
theorie,theory,B1,noun,Work and public life,De opleiding combineert theorie met praktische opdrachten.,The course combines theory with practical assignments.,,B1;production,de,theorieën,theorietje,,,,,,,,false
toekomst,future,B1,noun,Work and public life,Ik wil in de toekomst minder uren werken.,I want to work fewer hours in the future.,,B1;production,de,toekomsten,,,,,,,,,false
toelichting,explanation; clarification,B1,noun,Work and public life,Bij elk onderdeel staat een korte toelichting.,Each section has a brief explanation.,,B1;production,de,toelichtingen,,,,,,,,,false
toestemming,permission,B1,noun,Work and public life,Je hebt toestemming nodig om deze foto te gebruiken.,You need permission to use this photo.,,B1;production,de,toestemmingen,,,,,,,,,false
uitdaging,challenge,B1,noun,Work and public life,Een presentatie geven in het Nederlands is een uitdaging.,Giving a presentation in Dutch is a challenge.,,B1;production,de,uitdagingen,uitdaginkje,,,,,,,,false
uitslag,result; outcome,B1,noun,Work and public life,De uitslag van de verkiezing wordt vanavond bekendgemaakt.,The election result will be announced tonight.,,B1;production,de,uitslagen,uitslagje,,,,,,,,false
uitvoering,implementation; execution,B1,noun,Work and public life,De uitvoering van het plan begint volgende maand.,Implementation of the plan begins next month.,,B1;production,de,uitvoeringen,uitvoerinkje,,,,,,,,false
uitzondering,exception,B1,noun,Work and public life,Voor deze regel geldt één uitzondering.,There is one exception to this rule.,,B1;production,de,uitzonderingen,uitzonderingetje,,,,,,,,false
vaardigheid,skill,B1,noun,Work and public life,Goed luisteren is een waardevolle vaardigheid.,Listening well is a valuable skill.,,B1;production,de,vaardigheden,vaardigheidje,,,,,,,,false
veiligheid,safety; security,B1,noun,Work and public life,Veiligheid heeft op deze bouwplaats de hoogste prioriteit.,Safety has the highest priority on this building site.,,B1;production,de,veiligheden,veiligheidje,,,,,,,,false
verandering,change,B1,noun,Work and public life,Deze verandering vraagt om een andere manier van werken.,This change requires a different way of working.,,B1;production,de,veranderingen,veranderingetje,,,,,,,,false
verantwoordelijkheid,responsibility,B1,noun,Work and public life,Iedereen draagt verantwoordelijkheid voor zijn eigen taken.,Everyone is responsible for their own tasks.,,B1;production,de,verantwoordelijkheden,,,,,,,,,false
verband,connection; relationship,B1,noun,Work and public life,Is er een verband tussen de twee problemen?,Is there a connection between the two problems?,,B1;production,het,verbanden,verbandje,,,,,,,,false
verbetering,improvement,B1,noun,Work and public life,De nieuwe verlichting is een duidelijke verbetering.,The new lighting is a clear improvement.,,B1;production,de,verbeteringen,verbeteringetje,,,,,,,,false
vereniging,association; club,B1,noun,Work and public life,Ik ben lid van een plaatselijke sportvereniging.,I am a member of a local sports club.,,B1;production,de,verenigingen,vereniginkje,,,,,,,,false
vergunning,permit; licence,B1,noun,Work and public life,Voor deze verbouwing is een vergunning nodig.,A permit is required for this renovation.,,B1;production,de,vergunningen,vergunninkje,,,,,,,,false
verhouding,relationship; proportion,B1,noun,Work and public life,De verhouding tussen prijs en kwaliteit is goed.,The balance between price and quality is good.,,B1;production,de,verhoudingen,verhoudinkje,,,,,,,,false
verklaring,explanation; statement,B1,noun,Work and public life,Er is nog geen verklaring voor de plotselinge daling.,There is still no explanation for the sudden decline.,,B1;production,de,verklaringen,verklarinkje,,,,,,,,false
verloop,course; progress,B1,noun,Work and public life,Het verloop van de bijeenkomst was prettig.,The meeting went pleasantly.,No usual plural in this sense.,B1;production,het,,,,,,,,,,false
verschil,difference,B1,noun,Work and public life,Wat is het verschil tussen deze twee abonnementen?,What is the difference between these two subscriptions?,,B1;production,het,verschillen,verschilletje,,,,,,,,false
versie,version,B1,noun,Work and public life,Gebruik altijd de nieuwste versie van het formulier.,Always use the latest version of the form.,,B1;production,de,versies,versietje,,,,,,,,false
verslag,report; account,B1,noun,Work and public life,Ik maak een verslag van ons gesprek.,I am writing an account of our conversation.,,B1;production,het,verslagen,verslagje,,,,,,,,false
vertegenwoordiger,representative,B1,noun,Work and public life,Een vertegenwoordiger van de bewoners sprak met de gemeente.,A representative of the residents spoke with the municipality.,,B1;production,de,vertegenwoordigers,vertegenwoordigertje,,,,,,,,false
verwachting,expectation,B1,noun,Work and public life,De resultaten zijn beter dan onze verwachtingen.,The results are better than we expected.,,B1;production,de,verwachtingen,verwachtinkje,,,,,,,,false
verzoek,request,B1,noun,Work and public life,Uw verzoek om uitstel is goedgekeurd.,Your request for an extension has been approved.,,B1;production,het,verzoeken,verzoekje,,,,,,,,false
voordeel,advantage; benefit,B1,noun,Work and public life,Thuiswerken heeft als voordeel dat je niet hoeft te reizen.,One advantage of working from home is that you do not have to commute.,,B1;production,het,voordelen,voordeeltje,,,,,,,,false
voorstel,proposal; suggestion,B1,noun,Work and public life,We bespreken jouw voorstel tijdens de vergadering.,We will discuss your proposal at the meeting.,,B1;production,het,voorstellen,,,,,,,,,false
voorwaarde,condition; requirement,B1,noun,Work and public life,Ervaring is een belangrijke voorwaarde voor deze functie.,Experience is an important requirement for this position.,,B1;production,de,voorwaarden,voorwaardetje,,,,,,,,false
voorzitter,chairperson,B1,noun,Work and public life,De voorzitter geeft iedereen de gelegenheid om te spreken.,The chairperson gives everyone an opportunity to speak.,,B1;production,de,voorzitters,voorzittertje,,,,,,,,false
vrijheid,freedom,B1,noun,Work and public life,Deze baan geeft me veel vrijheid om mijn tijd in te delen.,This job gives me a lot of freedom to organise my time.,,B1;production,de,vrijheden,vrijheidje,,,,,,,,false
waarde,value,B1,noun,Work and public life,We hechten veel waarde aan betrouwbare informatie.,We attach great value to reliable information.,,B1;production,de,waarden / waardes,waardetje,,,,,,,,false
waarschuwing,warning,B1,noun,Work and public life,De waarschuwing verscheen te laat op het scherm.,The warning appeared on the screen too late.,,B1;production,de,waarschuwingen,waarschuwinkje,,,,,,,,false
werkdruk,work pressure; workload,B1,noun,Work and public life,Door de hoge werkdruk neemt het aantal fouten toe.,The number of errors is increasing because of the heavy workload.,No usual plural in this sense.,B1;production,de,,,,,,,,,,false
werkloosheid,unemployment,B1,noun,Work and public life,De werkloosheid is dit jaar licht gedaald.,Unemployment has fallen slightly this year.,,B1;production,de,werkloosheden,,,,,,,,,false
werkwijze,working method,B1,noun,Work and public life,Kun je onze nieuwe werkwijze aan de stagiair uitleggen?,Can you explain our new working method to the intern?,,B1;production,de,werkwijzen,,,,,,,,,false
werkzaamheid,work activity; task,B1,noun,Work and public life,Mijn werkzaamheden bestaan vooral uit klantcontact.,My work mainly involves contact with customers.,,B1;production,de,werkzaamheden,werkzaamheidje,,,,,,,,false
wet,law,B1,noun,Work and public life,Iedereen moet zich aan de wet houden.,Everyone must obey the law.,,B1;production,de,wetten,wetje,,,,,,,,false
winst,profit; gain,B1,noun,Work and public life,De winkel maakte vorig jaar voor het eerst winst.,The shop made a profit for the first time last year.,,B1;production,de,winsten,winstje,,,,,,,,false
zelfvertrouwen,self-confidence,B1,noun,Work and public life,Door veel te oefenen groeit je zelfvertrouwen.,Your confidence grows through plenty of practice.,No usual plural in this sense.,B1;production,het,,,,,,,,,,false
