dutch,english,cefr_level,word_type,topic,example_dutch,example_english,notes,tags,article,plural,diminutive,regularity,separable,auxiliary,past_participle,inflected,comparative,superlative,is_sample
aanbevelen,to recommend,B2,verb,Actions and processes,Kan ik u als dessert de fruitsalade aanbevelen?,May I recommend the fruit salad for dessert?,"Definition adapted from Wiktionary contributors, CC BY-SA 4.0: https://en.wiktionary.org/wiki/aanbevelen#Dutch. Example: vvv123 (Dutch, https://tatoeba.org/en/sentences/show/3560388) and mccarras (English, https://tatoeba.org/en/sentences/show/9022937); CC BY 2.0 FR.",B2;production,,,,irregular,true,hebben,aanbevolen,,,,false
aandoen,"to put on, don",B2,verb,Actions and processes,Wat zou ik aandoen: een broek of een rok?,What shall I put on: trousers or a skirt?,"Definition adapted from Wiktionary contributors, CC BY-SA 4.0: https://en.wiktionary.org/wiki/aandoen#Dutch. Example: martinod (Dutch, https://tatoeba.org/en/sentences/show/3797937) and Dorenda (English, https://tatoeba.org/en/sentences/show/402555); CC BY 2.0 FR.",B2;production,,,,irregular,true,hebben,aangedaan,,,,false
aangaan,"to be a concern to, to concern",B2,verb,Actions and processes,Mijn doen en laten gaat jou helemaal niets aan.,My comings and goings are not your concern at all.,"Definition adapted from Wiktionary contributors, CC BY-SA 4.0: https://en.wiktionary.org/wiki/aangaan#Dutch. Example from the same Wiktionary entry (CC BY-SA 4.0).",B2;production,,,,irregular,true,zijn,aangegaan,,,,false
aanklagen,"to denounce, accuse, indict, sue",B2,verb,Actions and processes,Ik wil haar niet aanklagen.,I don't want to sue her.,"Definition adapted from Wiktionary contributors, CC BY-SA 4.0: https://en.wiktionary.org/wiki/aanklagen#Dutch. Example: doemaar14 (Dutch, https://tatoeba.org/en/sentences/show/11144806) and CH (English, https://tatoeba.org/en/sentences/show/3909303); CC BY 2.0 FR.",B2;production,,,,regular,true,hebben,aangeklaagd,,,,false
aankopen,"to purchase, to buy",B2,verb,Actions and processes,We moeten deze uit het buitenland aankopen.,We have to buy them from abroad.,"Definition adapted from Wiktionary contributors, CC BY-SA 4.0: https://en.wiktionary.org/wiki/aankopen#Dutch. Example: martinod (Dutch, https://tatoeba.org/en/sentences/show/771955) and CK (English, https://tatoeba.org/en/sentences/show/21956); CC BY 2.0 FR.",B2;production,,,,irregular,true,hebben,aangekocht,,,,false
aanleren,to teach,B2,verb,Actions and processes,Ik kan je aanleren hoe dat te doen.,I can teach you how to do this.,"Definition adapted from Wiktionary contributors, CC BY-SA 4.0: https://en.wiktionary.org/wiki/aanleren#Dutch. Example: sdfke1 (Dutch, https://tatoeba.org/en/sentences/show/5461114) and Amastan (English, https://tatoeba.org/en/sentences/show/1739444); CC BY 2.0 FR.",B2;production,,,,regular,true,hebben,aangeleerd,,,,false
aanmaken,to create; to produce,B2,verb,Actions and processes,Je kunt op de website een nieuw account aanmaken.,You can create a new account on the website.,,B2;production,,,,regular,true,hebben,aangemaakt,,,,false
aanraden,"to suggest, advise",B2,verb,Actions and processes,Ik zou u aanraden om van hier weg te gaan.,I'd advise you to get out of here.,"Definition adapted from Wiktionary contributors, CC BY-SA 4.0: https://en.wiktionary.org/wiki/aanraden#Dutch. Example: martinod (Dutch, https://tatoeba.org/en/sentences/show/13852668) and CK (English, https://tatoeba.org/en/sentences/show/11615285); CC BY 2.0 FR.",B2;production,,,,regular,true,hebben,aangeraden,,,,false
aanvallen,to attack,B2,verb,Actions and processes,Ik denk dat we onmiddellijk moeten aanvallen.,I think we should attack immediately.,"Definition adapted from Wiktionary contributors, CC BY-SA 4.0: https://en.wiktionary.org/wiki/aanvallen#Dutch. Example: megamanenm (Dutch, https://tatoeba.org/en/sentences/show/11521731) and CK (English, https://tatoeba.org/en/sentences/show/4495830); CC BY 2.0 FR.",B2;production,,,,irregular,true,hebben,aangevallen,,,,false
aanzien,to take for; to regard as,B2,verb,Actions and processes,Ik had hem voor de eigenaar aangezien.,I had mistaken him for the owner.,,B2;production,,,,irregular,true,hebben,aangezien,,,,false
afdwingen,to force; to secure,B2,verb,Actions and processes,Met argumenten kun je respect afdwingen.,You can command respect through reasoned arguments.,,B2;production,,,,irregular,true,hebben,afgedwongen,,,,false
afgaan,to go off,B2,verb,Actions and processes,Laat het alarm niet afgaan.,Don't set the alarm off.,"Definition adapted from Wiktionary contributors, CC BY-SA 4.0: https://en.wiktionary.org/wiki/afgaan#Dutch. Example: megamanenm (Dutch, https://tatoeba.org/en/sentences/show/9763206) and megamanenm (English, https://tatoeba.org/en/sentences/show/9763207); CC BY 2.0 FR.",B2;production,,,,irregular,true,zijn,afgegaan,,,,false
afgeven,"to hand off, hand over, deliver",B2,verb,Actions and processes,Waar kan ik mijn bagage afgeven?,Where can I drop off my luggage?,"Definition adapted from Wiktionary contributors, CC BY-SA 4.0: https://en.wiktionary.org/wiki/afgeven#Dutch. Example: PaulP (Dutch, https://tatoeba.org/en/sentences/show/5854969) and Tom9358 (English, https://tatoeba.org/en/sentences/show/13875152); CC BY 2.0 FR.",B2;production,,,,irregular,true,hebben,afgegeven,,,,false
afhalen,"to pick up, take away",B2,verb,Actions and processes,Wanneer zal ik je morgen afhalen?,When should I pick you up tomorrow?,"Definition adapted from Wiktionary contributors, CC BY-SA 4.0: https://en.wiktionary.org/wiki/afhalen#Dutch. Example: PaulP (Dutch, https://tatoeba.org/en/sentences/show/3645206) and patgfisher (English, https://tatoeba.org/en/sentences/show/3331702); CC BY 2.0 FR.",B2;production,,,,regular,true,hebben,afgehaald,,,,false
afkomen,to get rid [with van ‘of’],B2,verb,Actions and processes,We moeten van haar afkomen.,We must get rid of her.,"Definition adapted from Wiktionary contributors, CC BY-SA 4.0: https://en.wiktionary.org/wiki/afkomen#Dutch. Example: megamanenm (Dutch, https://tatoeba.org/en/sentences/show/9735455) and CH (English, https://tatoeba.org/en/sentences/show/3911514); CC BY 2.0 FR.",B2;production,,,,irregular,true,zijn,afgekomen,,,,false
aflossen,"to redeem, to pay off",B2,verb,Actions and processes,Jullie moeten jullie schulden aflossen.,You must pay off your debts.,"Definition adapted from Wiktionary contributors, CC BY-SA 4.0: https://en.wiktionary.org/wiki/aflossen#Dutch. Example: megamanenm (Dutch, https://tatoeba.org/en/sentences/show/4221125) and LittleBoy (English, https://tatoeba.org/en/sentences/show/868505); CC BY 2.0 FR.",B2;production,,,,regular,true,hebben,afgelost,,,,false
afpakken,"to snatch, grab, take away",B2,verb,Actions and processes,Waarom zou ik jouw autosleutels afpakken?,Why would I take your car keys?,"Definition adapted from Wiktionary contributors, CC BY-SA 4.0: https://en.wiktionary.org/wiki/afpakken#Dutch. Example: Raizin (Dutch, https://tatoeba.org/en/sentences/show/4782336) and CK (English, https://tatoeba.org/en/sentences/show/4014917); CC BY 2.0 FR.",B2;production,,,,regular,true,hebben,afgepakt,,,,false
afronden,to finish,B2,verb,Actions and processes,Laten we dit afronden.,Let's finish this.,"Definition adapted from Wiktionary contributors, CC BY-SA 4.0: https://en.wiktionary.org/wiki/afronden#Dutch. Example: Micsmithel (Dutch, https://tatoeba.org/en/sentences/show/9756195) and CK (English, https://tatoeba.org/en/sentences/show/2007833); CC BY 2.0 FR.",B2;production,,,,regular,true,hebben,afgerond,,,,false
afschaffen,"to abolish, abrogate",B2,verb,Actions and processes,Er was een lange strijd nodig om slavernij af te schaffen.,A long struggle was required to abolish slavery.,"Definition adapted from Wiktionary contributors, CC BY-SA 4.0: https://en.wiktionary.org/wiki/afschaffen#Dutch. Example from the same Wiktionary entry (CC BY-SA 4.0).",B2;production,,,,regular,true,hebben,afgeschaft,,,,false
aftreden,"to resign, abdicate",B2,verb,Actions and processes,Ze zouden zo snel mogelijk moeten aftreden.,They should resign as soon as possible.,"Definition adapted from Wiktionary contributors, CC BY-SA 4.0: https://en.wiktionary.org/wiki/aftreden#Dutch. Example: megamanenm (Dutch, https://tatoeba.org/en/sentences/show/12378331) and LimeGreenTeknii (English, https://tatoeba.org/en/sentences/show/10275137); CC BY 2.0 FR.",B2;production,,,,irregular,true,hebben,afgetreden,,,,false
aftrekken,to subtract; to deduct,B2,verb,Actions and processes,Je mag de korting van het totaal aftrekken.,You may subtract the discount from the total.,,B2;production,,,,irregular,true,hebben,afgetrokken,,,,false
arresteren,to arrest,B2,verb,Actions and processes,De politie kan Tom niet arresteren.,The police can't arrest Tom.,"Definition adapted from Wiktionary contributors, CC BY-SA 4.0: https://en.wiktionary.org/wiki/arresteren#Dutch. Example: PaulP (Dutch, https://tatoeba.org/en/sentences/show/12659714) and CK (English, https://tatoeba.org/en/sentences/show/1950690); CC BY 2.0 FR.",B2;production,,,,regular,false,hebben,gearresteerd,,,,false
assisteren,"to assist, act as assistant to",B2,verb,Actions and processes,Tom is hier om ons te assisteren.,Tom is here to assist us.,"Definition adapted from Wiktionary contributors, CC BY-SA 4.0: https://en.wiktionary.org/wiki/assisteren#Dutch. Example: Raizin (Dutch, https://tatoeba.org/en/sentences/show/4635349) and CK (English, https://tatoeba.org/en/sentences/show/2957105); CC BY 2.0 FR.",B2;production,,,,regular,false,hebben,geassisteerd,,,,false
babbelen,"to chatter, to chit-chat, to talk casually",B2,verb,Actions and processes,Ze zijn allemaal tegelijk begonnen te babbelen.,They all began to chatter at once.,"Definition adapted from Wiktionary contributors, CC BY-SA 4.0: https://en.wiktionary.org/wiki/babbelen#Dutch. Example: megamanenm (Dutch, https://tatoeba.org/en/sentences/show/10784916) and megamanenm (English, https://tatoeba.org/en/sentences/show/10784914); CC BY 2.0 FR.",B2;production,,,,regular,false,hebben,gebabbeld,,,,false
balen,"to be annoyed, frustrated or fed up",B2,verb,Actions and processes,"Eerst kom je te laat en nu heb jij het cadeau vergeten? Ja, daar baal ik wel van!","First you showed up too late and now you forgot to bring the present? Yes, you bet I am fed up with that!","Definition adapted from Wiktionary contributors, CC BY-SA 4.0: https://en.wiktionary.org/wiki/balen#Dutch. Example from the same Wiktionary entry (CC BY-SA 4.0).",B2;production,,,,regular,false,hebben,gebaald,,,,false
bedekken,"to cover, bedeck",B2,verb,Actions and processes,Dit vloerkleed is groot genoeg om de hele vloer te bedekken.,This carpet is big enough to cover the whole floor.,"Definition adapted from Wiktionary contributors, CC BY-SA 4.0: https://en.wiktionary.org/wiki/bedekken#Dutch. Example: Citrine (Dutch, https://tatoeba.org/en/sentences/show/1478831) and CM (English, https://tatoeba.org/en/sentences/show/61018); CC BY 2.0 FR.",B2;production,,,,regular,false,hebben,bedekt,,,,false
bedelen,"to beg for alms or handouts, to panhandle",B2,verb,Actions and processes,Hij bedelde net genoeg voor een karig maal.,He begged just enough for a meager meal.,"Definition adapted from Wiktionary contributors, CC BY-SA 4.0: https://en.wiktionary.org/wiki/bedelen#Dutch. Example from the same Wiktionary entry (CC BY-SA 4.0).",B2;production,,,,regular,false,hebben,gebedeld,,,,false
bedragen,to amount to,B2,verb,Actions and processes,De bouwkosten bedroegen € 125 miljoen.,The building costs amounted to 125 million euros.,"Definition adapted from Wiktionary contributors, CC BY-SA 4.0: https://en.wiktionary.org/wiki/bedragen#Dutch. Example from the same Wiktionary entry (CC BY-SA 4.0).",B2;production,,,,irregular,false,hebben,bedragen,,,,false
bedwingen,to restrain,B2,verb,Actions and processes,De politie moest de demonstranten bedwingen om de orde te handhaven.,The police had to restrain the protesters to maintain order.,"Definition adapted from Wiktionary contributors, CC BY-SA 4.0: https://en.wiktionary.org/wiki/bedwingen#Dutch. Example from the same Wiktionary entry (CC BY-SA 4.0).",B2;production,,,,irregular,false,hebben,bedwongen,,,,false
begaan,to commit,B2,verb,Actions and processes,Je hebt geen erge misdaad begaan.,You didn't commit a serious crime.,"Definition adapted from Wiktionary contributors, CC BY-SA 4.0: https://en.wiktionary.org/wiki/begaan#Dutch. Example: PaulP (Dutch, https://tatoeba.org/en/sentences/show/4469550) and megamanenm (English, https://tatoeba.org/en/sentences/show/4219303); CC BY 2.0 FR.",B2;production,,,,irregular,false,zijn,begaan,,,,false
begraven,to bury,B2,verb,Actions and processes,Ik zou het in de tuin begraven.,I would bury it in the garden.,"Definition adapted from Wiktionary contributors, CC BY-SA 4.0: https://en.wiktionary.org/wiki/begraven#Dutch. Example: doemaar14 (Dutch, https://tatoeba.org/en/sentences/show/12330207) and CM (English, https://tatoeba.org/en/sentences/show/10910071); CC BY 2.0 FR.",B2;production,,,,irregular,false,hebben,begraven,,,,false
bekijken,"to look at, to view",B2,verb,Actions and processes,Carlos moet de dingen vanuit een andere hoek bekijken.,Carlos needs to look at things from a different angle.,"Definition adapted from Wiktionary contributors, CC BY-SA 4.0: https://en.wiktionary.org/wiki/bekijken#Dutch. Example: megamanenm (Dutch, https://tatoeba.org/en/sentences/show/12350733) and Amastan (English, https://tatoeba.org/en/sentences/show/11744221); CC BY 2.0 FR.",B2;production,,,,irregular,false,hebben,bekeken,,,,false
beklimmen,"to climb, to mount",B2,verb,Actions and processes,Het is gevaarlijk bergen te gaan beklimmen met slecht weer.,It's dangerous to climb a mountain in bad weather.,"Definition adapted from Wiktionary contributors, CC BY-SA 4.0: https://en.wiktionary.org/wiki/beklimmen#Dutch. Example: Elsofie (Dutch, https://tatoeba.org/en/sentences/show/8324939) and CK (English, https://tatoeba.org/en/sentences/show/278823); CC BY 2.0 FR.",B2;production,,,,irregular,false,hebben,beklommen,,,,false
belanden,to end up,B2,verb,Actions and processes,Hoe ben je hier beland?,How did you end up here?,"Definition adapted from Wiktionary contributors, CC BY-SA 4.0: https://en.wiktionary.org/wiki/belanden#Dutch. Example: megamanenm (Dutch, https://tatoeba.org/en/sentences/show/6218885) and CK (English, https://tatoeba.org/en/sentences/show/1885930); CC BY 2.0 FR.",B2;production,,,,regular,false,zijn,beland,,,,false
belemmeren,to hinder,B2,verb,Actions and processes,De werkzaamheden belemmeren de toegang tot de winkel.,The roadworks obstruct access to the shop.,,B2;production,,,,regular,false,hebben,belemmerd,,,,false
beluisteren,to listen to,B2,verb,Actions and processes,Laten we dat lied nog een keer beluisteren.,Let's listen to that song again.,"Definition adapted from Wiktionary contributors, CC BY-SA 4.0: https://en.wiktionary.org/wiki/beluisteren#Dutch. Example: Raizin (Dutch, https://tatoeba.org/en/sentences/show/4578384) and CK (English, https://tatoeba.org/en/sentences/show/2007337); CC BY 2.0 FR.",B2;production,,,,regular,false,hebben,beluisterd,,,,false
bergen,to salvage; to recover,B2,verb,Actions and processes,De hulpdiensten proberen de gezonken boot te bergen.,The emergency services are trying to recover the sunken boat.,,B2;production,,,,irregular,false,hebben,geborgen,,,,false
bespelen,to play,B2,verb,Actions and processes,Tom leert de piccolo te bespelen.,Tom is learning how to play the piccolo.,"Definition adapted from Wiktionary contributors, CC BY-SA 4.0: https://en.wiktionary.org/wiki/bespelen#Dutch. Example: Elsofie (Dutch, https://tatoeba.org/en/sentences/show/8301334) and CK (English, https://tatoeba.org/en/sentences/show/1024973); CC BY 2.0 FR.",B2;production,,,,regular,false,hebben,bespeeld,,,,false
bestrijden,"to combat, suppress, fight against",B2,verb,Actions and processes,De arbeiders verenigden zich om te gaan staken en het bedrijf te bestrijden.,The workers banded together to go on strike and fight the company.,"Definition adapted from Wiktionary contributors, CC BY-SA 4.0: https://en.wiktionary.org/wiki/bestrijden#Dutch. Example: Elsofie (Dutch, https://tatoeba.org/en/sentences/show/8284350) and ulyssemc1 (English, https://tatoeba.org/en/sentences/show/690917); CC BY 2.0 FR.",B2;production,,,,irregular,false,hebben,bestreden,,,,false
betreden,"to enter, to come in",B2,verb,Actions and processes,Hoe durf je mijn huis te betreden zonder toestemming!,How dare you enter my house without permission!,"Definition adapted from Wiktionary contributors, CC BY-SA 4.0: https://en.wiktionary.org/wiki/betreden#Dutch. Example: doemaar14 (Dutch, https://tatoeba.org/en/sentences/show/5802705) and CK (English, https://tatoeba.org/en/sentences/show/5800820); CC BY 2.0 FR.",B2;production,,,,irregular,false,hebben,betreden,,,,false
betreuren,"to regret, to grieve over",B2,verb,Actions and processes,Je vrienden zullen je afwezigheid betreuren.,Your friends will regret your absence.,"Definition adapted from Wiktionary contributors, CC BY-SA 4.0: https://en.wiktionary.org/wiki/betreuren#Dutch. Example: Mandalay (Dutch, https://tatoeba.org/en/sentences/show/6062895) and mailohilohi (English, https://tatoeba.org/en/sentences/show/6051475); CC BY 2.0 FR.",B2;production,,,,regular,false,hebben,betreurd,,,,false
bevallen,to give birth,B2,verb,Actions and processes,Mary is niet van plan om van meer dan twee kinderen te bevallen.,Mary intends not to give birth to more than two children.,"Definition adapted from Wiktionary contributors, CC BY-SA 4.0: https://en.wiktionary.org/wiki/bevallen#Dutch. Example: megamanenm (Dutch, https://tatoeba.org/en/sentences/show/6283956) and carlosalberto (English, https://tatoeba.org/en/sentences/show/6168770); CC BY 2.0 FR.",B2;production,,,,irregular,false,hebben,bevallen,,,,false
bevriezen,to freeze,B2,verb,Actions and processes,Bij deze temperatuur kan het water bevriezen.,"At this temperature, the water can freeze.",,B2;production,,,,irregular,false,hebben / zijn,bevroren,,,,false
bewaken,to guard; to monitor,B2,verb,Actions and processes,Een medewerker bewaakt 's nachts het gebouw.,An employee guards the building at night.,,B2;production,,,,regular,false,hebben,bewaakt,,,,false
bewerken,"to edit, to rework",B2,verb,Actions and processes,Om een zin te bewerken klik je op het potlood-icoon.,"To edit a sentence, click on the pencil icon.","Definition adapted from Wiktionary contributors, CC BY-SA 4.0: https://en.wiktionary.org/wiki/bewerken#Dutch. Example: SunnyMoon (Dutch, https://tatoeba.org/en/sentences/show/11223338) and CK (English, https://tatoeba.org/en/sentences/show/4631941); CC BY 2.0 FR.",B2;production,,,,regular,false,hebben,bewerkt,,,,false
bewonderen,to admire,B2,verb,Actions and processes,Toekomstige generaties zullen je standbeeld bewonderen.,Future generations will admire your statue.,"Definition adapted from Wiktionary contributors, CC BY-SA 4.0: https://en.wiktionary.org/wiki/bewonderen#Dutch. Example: marcelostockle (Dutch, https://tatoeba.org/en/sentences/show/2825842) and marcelostockle (English, https://tatoeba.org/en/sentences/show/2825844); CC BY 2.0 FR.",B2;production,,,,regular,false,hebben,bewonderd,,,,false
bezichtigen,"to sightsee, to view",B2,verb,Actions and processes,"De steen van Rosette kan worden bezichtigd in het British Museum in Londen, waar hij al sinds 1802 wordt bewaard.","The Rosetta stone can be viewed at the British Museum in London, where it has been kept ever since 1802.","Definition adapted from Wiktionary contributors, CC BY-SA 4.0: https://en.wiktionary.org/wiki/bezichtigen#Dutch. Example from the same Wiktionary entry (CC BY-SA 4.0).",B2;production,,,,regular,false,hebben,bezichtigd,,,,false
bidden,to pray,B2,verb,Actions and processes,Ze zoekt een rustige plek om te bidden.,She is looking for a quiet place to pray.,,B2;production,,,,irregular,false,hebben,gebeden,,,,false
bijkomen,"to recuperate, to recover, to catch one's breath",B2,verb,Actions and processes,Het was afgelopen week erg druk. Jullie moeten in het weekend even bijkomen.,It was a very busy week. You need some time to recover over the weekend.,"Definition adapted from Wiktionary contributors, CC BY-SA 4.0: https://en.wiktionary.org/wiki/bijkomen#Dutch. Example: kiryopi (Dutch, https://tatoeba.org/en/sentences/show/13408213) and kiryopi (English, https://tatoeba.org/en/sentences/show/13408214); CC BY 2.0 FR.",B2;production,,,,irregular,true,hebben,bijgekomen,,,,false
bijten,to bite,B2,verb,Actions and processes,We zijn geneigd te denken dat de meeste honden bijten.,We are inclined to think that most dogs bite.,"Definition adapted from Wiktionary contributors, CC BY-SA 4.0: https://en.wiktionary.org/wiki/bijten#Dutch. Example: Micsmithel (Dutch, https://tatoeba.org/en/sentences/show/7028017) and CK (English, https://tatoeba.org/en/sentences/show/23152); CC BY 2.0 FR.",B2;production,,,,irregular,false,hebben,gebeten,,,,false
binnenvallen,to invade; to enter suddenly,B2,verb,Actions and processes,Tijdens het overleg viel er onverwacht iemand binnen.,Someone unexpectedly came in during the meeting.,,B2;production,,,,irregular,true,hebben,binnengevallen,,,,false
bladeren,to leaf through,B2,verb,Actions and processes,Ik wil even door de catalogus bladeren.,I want to leaf through the catalogue for a moment.,,B2;production,,,,regular,false,hebben,gebladerd,,,,false
blazen,to blow,B2,verb,Actions and processes,De wind blaast hard door de straat.,The wind blows strongly through the street.,,B2;production,,,,irregular,false,hebben,geblazen,,,,false
bloeien,"to blossom, to bear flowers",B2,verb,Actions and processes,Deze bloemen beginnen in het voorjaar te bloeien.,These flowers start blooming in spring.,"Definition adapted from Wiktionary contributors, CC BY-SA 4.0: https://en.wiktionary.org/wiki/bloeien#Dutch. Example: Micsmithel (Dutch, https://tatoeba.org/en/sentences/show/7295573) and megamanenm (English, https://tatoeba.org/en/sentences/show/11516547); CC BY 2.0 FR.",B2;production,,,,regular,false,hebben,gebloeid,,,,false
blussen,"to extinguish, to put out",B2,verb,Actions and processes,De brandweermannen hebben het vuur in een oogwenk geblust.,The firefighters put out the fire in the blink of an eye.,"Definition adapted from Wiktionary contributors, CC BY-SA 4.0: https://en.wiktionary.org/wiki/blussen#Dutch. Example: Micsmithel (Dutch, https://tatoeba.org/en/sentences/show/8857381) and FeuDRenais2 (English, https://tatoeba.org/en/sentences/show/542382); CC BY 2.0 FR.",B2;production,,,,regular,false,hebben,geblust,,,,false
boksen,"to box, to play boxing",B2,verb,Actions and processes,"Tom wil leren boksen, maar zijn moeder vindt het te gevaarlijk.","Tom wants to learn boxing, but his mother thinks it's too dangerous.","Definition adapted from Wiktionary contributors, CC BY-SA 4.0: https://en.wiktionary.org/wiki/boksen#Dutch. Example: rose_d (Dutch, https://tatoeba.org/en/sentences/show/10637979) and Spamster (English, https://tatoeba.org/en/sentences/show/1394960); CC BY 2.0 FR.",B2;production,,,,regular,false,hebben,gebokst,,,,false
boren,to drill,B2,verb,Actions and processes,Boor voorzichtig een gat in de muur.,Carefully drill a hole in the wall.,,B2;production,,,,regular,false,hebben,geboord,,,,false
breien,to knit,B2,verb,Actions and processes,Mijn oma heeft deze trui voor me gebreid.,My grandmother knit me this sweater.,"Definition adapted from Wiktionary contributors, CC BY-SA 4.0: https://en.wiktionary.org/wiki/breien#Dutch. Example: megamanenm (Dutch, https://tatoeba.org/en/sentences/show/9705230) and megamanenm (English, https://tatoeba.org/en/sentences/show/9705224); CC BY 2.0 FR.",B2;production,,,,regular,false,hebben,gebreid,,,,false
chatten,to chat,B2,verb,Actions and processes,Sami ging gelijk naar zijn computer om te chatten.,Sami went straight to his computer to chat.,"Definition adapted from Wiktionary contributors, CC BY-SA 4.0: https://en.wiktionary.org/wiki/chatten#Dutch. Example: meshbags (Dutch, https://tatoeba.org/en/sentences/show/9142181) and OsoHombre (English, https://tatoeba.org/en/sentences/show/6129261); CC BY 2.0 FR.",B2;production,,,,regular,false,hebben,gechat,,,,false
checken,"to check, to inspect, examine",B2,verb,Actions and processes,Kan ik je computer gebruiken om mijn e-mail te checken?,Can I use your computer to check my e-mail?,"Definition adapted from Wiktionary contributors, CC BY-SA 4.0: https://en.wiktionary.org/wiki/checken#Dutch. Example: Micsmithel (Dutch, https://tatoeba.org/en/sentences/show/10714908) and Hybrid (English, https://tatoeba.org/en/sentences/show/3301952); CC BY 2.0 FR.",B2;production,,,,regular,false,hebben,gecheckt,,,,false
concurreren,to compete,B2,verb,Actions and processes,Ze zeggen dat ze niet kunnen concurreren met goedkope buitenlandse producten.,They say they can't compete with low-priced foreign products.,"Definition adapted from Wiktionary contributors, CC BY-SA 4.0: https://en.wiktionary.org/wiki/concurreren#Dutch. Example: doemaar14 (Dutch, https://tatoeba.org/en/sentences/show/12300966) and CK (English, https://tatoeba.org/en/sentences/show/6873350); CC BY 2.0 FR.",B2;production,,,,regular,false,hebben,geconcurreerd,,,,false
consumeren,"to consume, to use",B2,verb,Actions and processes,Het is verstandig om niet te veel suikerhoudende drankjes te consumeren.,It is wise not to consume too many sugary drinks.,"Definition adapted from Wiktionary contributors, CC BY-SA 4.0: https://en.wiktionary.org/wiki/consumeren#Dutch. Example from the same Wiktionary entry (CC BY-SA 4.0).",B2;production,,,,regular,false,hebben,geconsumeerd,,,,false
definiëren,to define,B2,verb,Actions and processes,"Dienen alleen artsen te definiëren wat normaal is en wat niet als het om gedachten, gevoelens en gedrag gaat?","Should it be only doctors who define what is normal and what is not when it comes to thoughts, feelings, and behaviors?","Definition adapted from Wiktionary contributors, CC BY-SA 4.0: https://en.wiktionary.org/wiki/defini%C3%ABren#Dutch. Example: Nylez (Dutch, https://tatoeba.org/en/sentences/show/9088747) and mccarras (English, https://tatoeba.org/en/sentences/show/9026018); CC BY 2.0 FR.",B2;production,,,,regular,false,hebben,gedefinieerd,,,,false
dekken,to set,B2,verb,Actions and processes,Het kostte Mary maar een paar minuten om de tafel te dekken.,It only took Mary a few minutes to set the table.,"Definition adapted from Wiktionary contributors, CC BY-SA 4.0: https://en.wiktionary.org/wiki/dekken#Dutch. Example: Citrine (Dutch, https://tatoeba.org/en/sentences/show/3037298) and sharptoothed (English, https://tatoeba.org/en/sentences/show/3022508); CC BY 2.0 FR.",B2;production,,,,regular,false,hebben,gedekt,,,,false
dineren,"to dine, to have dinner",B2,verb,Actions and processes,Ik wil in een restaurant dineren.,I wanna have dinner in a restaurant.,"Definition adapted from Wiktionary contributors, CC BY-SA 4.0: https://en.wiktionary.org/wiki/dineren#Dutch. Example: Micsmithel (Dutch, https://tatoeba.org/en/sentences/show/7264141) and peipei (English, https://tatoeba.org/en/sentences/show/452580); CC BY 2.0 FR.",B2;production,,,,regular,false,hebben,gedineerd,,,,false
doden,to kill,B2,verb,Actions and processes,Het is een uitstekende manier om de tijd te doden.,It is an outstanding way to kill time.,"Definition adapted from Wiktionary contributors, CC BY-SA 4.0: https://en.wiktionary.org/wiki/doden#Dutch. Example: Nylez (Dutch, https://tatoeba.org/en/sentences/show/9209042) and SunnyMoon (English, https://tatoeba.org/en/sentences/show/11213577); CC BY 2.0 FR.",B2;production,,,,regular,false,hebben,gedood,,,,false
domineren,to dominate,B2,verb,Actions and processes,Yanni wil de competitie domineren.,Yanni wants to dominate the competition.,"Definition adapted from Wiktionary contributors, CC BY-SA 4.0: https://en.wiktionary.org/wiki/domineren#Dutch. Example: MarijnKp (Dutch, https://tatoeba.org/en/sentences/show/10016029) and Amastan (English, https://tatoeba.org/en/sentences/show/9759508); CC BY 2.0 FR.",B2;production,,,,regular,false,hebben,gedomineerd,,,,false
doodgaan,to die,B2,verb,Actions and processes,We willen niet dat er nog meer mensen doodgaan.,We don't want any more people to die.,"Definition adapted from Wiktionary contributors, CC BY-SA 4.0: https://en.wiktionary.org/wiki/doodgaan#Dutch. Example: megamanenm (Dutch, https://tatoeba.org/en/sentences/show/12333246) and CK (English, https://tatoeba.org/en/sentences/show/9681889); CC BY 2.0 FR.",B2;production,,,,irregular,true,zijn,doodgegaan,,,,false
doorbreken,"to break, break through, break in half",B2,verb,Actions and processes,Zij probeerden het vijandelijk front te doorbreken.,They attempted to break through the enemy line.,"Definition adapted from Wiktionary contributors, CC BY-SA 4.0: https://en.wiktionary.org/wiki/doorbreken#Dutch. Example: martinod (Dutch, https://tatoeba.org/en/sentences/show/691027) and CK (English, https://tatoeba.org/en/sentences/show/307213); CC BY 2.0 FR.",B2;production,,,,irregular,true,hebben,doorgebroken,,,,false
doorstaan,"to endure, to weather, to withstand",B2,verb,Actions and processes,Veel van de dichtkunst van de oude Grieken heeft de tand des tijds doorstaan.,Much of the poetry of the ancient Greeks has withstood the test of time.,"Definition adapted from Wiktionary contributors, CC BY-SA 4.0: https://en.wiktionary.org/wiki/doorstaan#Dutch. Example from the same Wiktionary entry (CC BY-SA 4.0).",B2;production,,,,irregular,false,hebben,doorstaan,,,,false
doorwerken,to continue working,B2,verb,Actions and processes,Hij weet dat hij moet doorwerken.,He knows he's got to keep working.,"Definition adapted from Wiktionary contributors, CC BY-SA 4.0: https://en.wiktionary.org/wiki/doorwerken#Dutch. Example: CaspieChi (Dutch, https://tatoeba.org/en/sentences/show/12635104) and CH (English, https://tatoeba.org/en/sentences/show/7394877); CC BY 2.0 FR.",B2;production,,,,regular,true,hebben,doorgewerkt,,,,false
doorzoeken,to search through,B2,verb,Actions and processes,We gaan de boot volledig doorzoeken.,We're going to search the whole ship.,"Definition adapted from Wiktionary contributors, CC BY-SA 4.0: https://en.wiktionary.org/wiki/doorzoeken#Dutch. Example: Micsmithel (Dutch, https://tatoeba.org/en/sentences/show/8365894) and CK (English, https://tatoeba.org/en/sentences/show/1963144); CC BY 2.0 FR.",B2;production,,,,irregular,false,hebben,doorzocht,,,,false
doven,to extinguish; to die down,B2,verb,Actions and processes,Doof de kaarsen voordat je weggaat.,Extinguish the candles before you leave.,,B2;production,,,,regular,false,hebben,gedoofd,,,,false
dreigen,to threaten,B2,verb,Actions and processes,Door de vertraging dreigen we de aansluiting te missen.,"Because of the delay, we risk missing our connection.",,B2;production,,,,regular,false,hebben,gedreigd,,,,false
drijven,to float,B2,verb,Actions and processes,Olie zal op water drijven.,Oil will float on water.,"Definition adapted from Wiktionary contributors, CC BY-SA 4.0: https://en.wiktionary.org/wiki/drijven#Dutch. Example: megamanenm (Dutch, https://tatoeba.org/en/sentences/show/3120170) and CK (English, https://tatoeba.org/en/sentences/show/324266); CC BY 2.0 FR.",B2;production,,,,irregular,false,hebben,gedreven,,,,false
dringen,to push forward; to press,B2,verb,Actions and processes,Bij de ingang proberen mensen naar voren te dringen.,"At the entrance, people are trying to push forward.",,B2;production,,,,irregular,false,hebben,gedrongen,,,,false
duiken,to dive,B2,verb,Actions and processes,Het is niet verantwoord om in ijskoud water te duiken.,It is not responsible to dive into ice-cold water.,"Definition adapted from Wiktionary contributors, CC BY-SA 4.0: https://en.wiktionary.org/wiki/duiken#Dutch. Example: Tom9358 (Dutch, https://tatoeba.org/en/sentences/show/13659265) and Tom9358 (English, https://tatoeba.org/en/sentences/show/13659266); CC BY 2.0 FR.",B2;production,,,,irregular,false,hebben,gedoken,,,,false
duimen,to keep one's fingers crossed,B2,verb,Actions and processes,Ik zal voor je duimen.,I'll keep my fingers crossed for you.,"Definition adapted from Wiktionary contributors, CC BY-SA 4.0: https://en.wiktionary.org/wiki/duimen#Dutch. Example: Dorenda (Dutch, https://tatoeba.org/en/sentences/show/623687) and Sanaseppo (English, https://tatoeba.org/en/sentences/show/3457707); CC BY 2.0 FR.",B2;production,,,,regular,false,hebben,geduimd,,,,false
dumpen,to dump; to discard,B2,verb,Actions and processes,Je mag hier geen afval dumpen.,You may not dump waste here.,,B2;production,,,,regular,false,hebben,gedumpt,,,,false
durven,"to dare, to not be afraid",B2,verb,Actions and processes,Dat zou ik nooit durven doen.,I'd never dare to do that.,"Definition adapted from Wiktionary contributors, CC BY-SA 4.0: https://en.wiktionary.org/wiki/durven#Dutch. Example: megamanenm (Dutch, https://tatoeba.org/en/sentences/show/9714310) and megamanenm (English, https://tatoeba.org/en/sentences/show/9714311); CC BY 2.0 FR.",B2;production,,,,regular,false,hebben,gedurfd,,,,false
eren,to honour,B2,verb,Actions and processes,Tijdens de ceremonie eren we de vrijwilligers.,During the ceremony we honour the volunteers.,,B2;production,,,,regular,false,hebben,geëerd,,,,false
erven,to inherit,B2,verb,Actions and processes,Zij heeft het huis van haar tante geërfd.,She inherited the house from her aunt.,,B2;production,,,,regular,false,hebben,geërfd,,,,false
evacueren,"to evacuate, to empty out",B2,verb,Actions and processes,We moeten evacueren. Er komt een tornado aan.,We have to evacuate. A tornado's coming.,"Definition adapted from Wiktionary contributors, CC BY-SA 4.0: https://en.wiktionary.org/wiki/evacueren#Dutch. Example: Elsofie (Dutch, https://tatoeba.org/en/sentences/show/8265941) and mailohilohi (English, https://tatoeba.org/en/sentences/show/5953518); CC BY 2.0 FR.",B2;production,,,,regular,false,hebben,geëvacueerd,,,,false
executeren,to execute a sentence; to put to death,B2,verb,Actions and processes,In dat land worden geen gevangenen meer geëxecuteerd.,Prisoners are no longer executed in that country.,,B2;production,,,,regular,false,hebben,geëxecuteerd,,,,false
experimenteren,to experiment,B2,verb,Actions and processes,Ik vind het leuk om te experimenteren.,I like to experiment.,"Definition adapted from Wiktionary contributors, CC BY-SA 4.0: https://en.wiktionary.org/wiki/experimenteren#Dutch. Example: doemaar14 (Dutch, https://tatoeba.org/en/sentences/show/10313955) and Hybrid (English, https://tatoeba.org/en/sentences/show/3361114); CC BY 2.0 FR.",B2;production,,,,regular,false,hebben,geëxperimenteerd,,,,false
flirten,to flirt,B2,verb,Actions and processes,Wat moet ik doen als een klant met me probeert te flirten?,What should I do if a customer tries to flirt with me?,"Definition adapted from Wiktionary contributors, CC BY-SA 4.0: https://en.wiktionary.org/wiki/flirten#Dutch. Example: Suzanne (Dutch, https://tatoeba.org/en/sentences/show/6558801) and Hybrid (English, https://tatoeba.org/en/sentences/show/6558731); CC BY 2.0 FR.",B2;production,,,,regular,false,hebben,geflirt,,,,false
fluiten,to whistle,B2,verb,Actions and processes,Hij fluit een melodie terwijl hij werkt.,He whistles a tune while he works.,,B2;production,,,,irregular,false,hebben,gefloten,,,,false
focussen,to focus,B2,verb,Actions and processes,Ik wil me op de toekomst focussen.,I want to focus on the future.,"Often reflexive: use the appropriate reflexive pronoun for the intended meaning. Definition adapted from Wiktionary contributors, CC BY-SA 4.0: https://en.wiktionary.org/wiki/focussen#Dutch. Example: Elsofie (Dutch, https://tatoeba.org/en/sentences/show/8495163) and CK (English, https://tatoeba.org/en/sentences/show/5193534); CC BY 2.0 FR.",B2;production,,,,regular,false,hebben,gefocust,,,,false
gebruikmaken,to make use,B2,verb,Actions and processes,Ik zal van deze gelegenheid gebruikmaken.,I'll make use of this opportunity.,"Definition adapted from Wiktionary contributors, CC BY-SA 4.0: https://en.wiktionary.org/wiki/gebruikmaken#Dutch. Example: megamanenm (Dutch, https://tatoeba.org/en/sentences/show/11520976) and CK (English, https://tatoeba.org/en/sentences/show/7422903); CC BY 2.0 FR.",B2;production,,,,regular,true,hebben,gebruikgemaakt,,,,false
gehoorzamen,to obey,B2,verb,Actions and processes,Het is onze plicht om de wet altijd te gehoorzamen.,It's our duty to always obey the law.,"Definition adapted from Wiktionary contributors, CC BY-SA 4.0: https://en.wiktionary.org/wiki/gehoorzamen#Dutch. Example: LaraCroft (Dutch, https://tatoeba.org/en/sentences/show/699036) and CK (English, https://tatoeba.org/en/sentences/show/696746); CC BY 2.0 FR.",B2;production,,,,regular,false,hebben,gehoorzaamd,,,,false
geuren,to smell fragrant,B2,verb,Actions and processes,De bloemen geuren sterk in de avond.,The flowers have a strong fragrance in the evening.,,B2;production,,,,regular,false,hebben,gegeurd,,,,false
glijden,to slide; to slip,B2,verb,Actions and processes,Het boek gleed van de tafel.,The book slid off the table.,,B2;production,,,,irregular,false,hebben / zijn,gegleden,,,,false
glimlachen,to smile,B2,verb,Actions and processes,Tom is er eindelijk in geslaagd om Mary te doen glimlachen.,Tom finally managed to make Mary smile.,"Definition adapted from Wiktionary contributors, CC BY-SA 4.0: https://en.wiktionary.org/wiki/glimlachen#Dutch. Example: megamanenm (Dutch, https://tatoeba.org/en/sentences/show/9123176) and CK (English, https://tatoeba.org/en/sentences/show/9122893); CC BY 2.0 FR.",B2;production,,,,regular,false,hebben,geglimlacht,,,,false
golfen,to play golf,B2,verb,Actions and processes,Ik heb geen zin om te golfen.,I don't want to play golf.,"Definition adapted from Wiktionary contributors, CC BY-SA 4.0: https://en.wiktionary.org/wiki/golfen#Dutch. Example: sdfke1 (Dutch, https://tatoeba.org/en/sentences/show/5460728) and CK (English, https://tatoeba.org/en/sentences/show/5218425); CC BY 2.0 FR.",B2;production,,,,regular,false,hebben,gegolft,,,,false
graven,to dig physically,B2,verb,Actions and processes,Heb je iets om mee te graven?,Do you have anything to dig with?,"Definition adapted from Wiktionary contributors, CC BY-SA 4.0: https://en.wiktionary.org/wiki/graven#Dutch. Example: megamanenm (Dutch, https://tatoeba.org/en/sentences/show/10773428) and megamanenm (English, https://tatoeba.org/en/sentences/show/10773427); CC BY 2.0 FR.",B2;production,,,,irregular,false,hebben,gegraven,,,,false
grijpen,to grab,B2,verb,Actions and processes,"Als iemand verstoppertje wil spelen, moet die mijn vinger grijpen.","If anyone wants to play hide-and-seek, they should grab my finger.","Definition adapted from Wiktionary contributors, CC BY-SA 4.0: https://en.wiktionary.org/wiki/grijpen#Dutch. Example: megamanenm (Dutch, https://tatoeba.org/en/sentences/show/12343693) and terrywallwork (English, https://tatoeba.org/en/sentences/show/10315745); CC BY 2.0 FR.",B2;production,,,,irregular,false,hebben,gegrepen,,,,false
haasten,"to hasten, to hurry, make haste",B2,verb,Actions and processes,We hebben genoeg tijd. We hoeven ons niet te haasten.,We have plenty of time. There's no need to hurry.,"Often reflexive: use the appropriate reflexive pronoun for the intended meaning. Definition adapted from Wiktionary contributors, CC BY-SA 4.0: https://en.wiktionary.org/wiki/haasten#Dutch. Example: doemaar14 (Dutch, https://tatoeba.org/en/sentences/show/10365310) and CK (English, https://tatoeba.org/en/sentences/show/10365296); CC BY 2.0 FR.",B2;production,,,,regular,false,hebben,gehaast,,,,false
hanteren,to handle; to apply,B2,verb,Actions and processes,Alle afdelingen hanteren dezelfde regels.,All departments apply the same rules.,,B2;production,,,,regular,false,hebben,gehanteerd,,,,false
haten,to hate,B2,verb,Actions and processes,Ik haat het om mensen te laten wachten.,I hate keeping people waiting.,,B2;production,,,,regular,false,hebben,gehaat,,,,false
hechten,to stitch; to attach importance to,B2,verb,Actions and processes,De arts moest de wond hechten.,The doctor had to stitch the wound.,,B2;production,,,,regular,false,hebben,gehecht,,,,false
heersen,to prevail,B2,verb,Actions and processes,In de kamer voor hem heerste een onbeschrijfelijke wanorde.,An indescribable chaos prevailed in the room before him.,"Definition adapted from Wiktionary contributors, CC BY-SA 4.0: https://en.wiktionary.org/wiki/heersen#Dutch. Example from the same Wiktionary entry (CC BY-SA 4.0).",B2;production,,,,regular,false,hebben,geheerst,,,,false
heffen,"to raise, lift, heave",B2,verb,Actions and processes,Laten we het glas heffen voor de heer des huizes!,Let's raise our glasses for the master of the house!,"Definition adapted from Wiktionary contributors, CC BY-SA 4.0: https://en.wiktionary.org/wiki/heffen#Dutch. Example: MarijnKp (Dutch, https://tatoeba.org/en/sentences/show/8739034) and zalaim (English, https://tatoeba.org/en/sentences/show/2437357); CC BY 2.0 FR.",B2;production,,,,irregular,false,hebben,geheven,,,,false
hoeven,"to need to, to have to",B2,verb,Actions and processes,Tom zou alles doen om dat niet te hoeven doen.,Tom would do anything to not have to do that.,"Definition adapted from Wiktionary contributors, CC BY-SA 4.0: https://en.wiktionary.org/wiki/hoeven#Dutch. Example: megamanenm (Dutch, https://tatoeba.org/en/sentences/show/10752877) and CK (English, https://tatoeba.org/en/sentences/show/9858844); CC BY 2.0 FR.",B2;production,,,,regular,false,hebben,gehoeven,,,,false
importeren,to import,B2,verb,Actions and processes,Japan moet het grootste deel van zijn grondstoffen importeren.,Japan has to import most of its raw materials.,"Definition adapted from Wiktionary contributors, CC BY-SA 4.0: https://en.wiktionary.org/wiki/importeren#Dutch. Example: Dorenda (Dutch, https://tatoeba.org/en/sentences/show/403181) and CK (English, https://tatoeba.org/en/sentences/show/281524); CC BY 2.0 FR.",B2;production,,,,regular,false,hebben,geïmporteerd,,,,false
incasseren,"to bear, endure",B2,verb,Actions and processes,Hij incasseerde meerdere harde klappen.,He endured multiple hard punches.,"Definition adapted from Wiktionary contributors, CC BY-SA 4.0: https://en.wiktionary.org/wiki/incasseren#Dutch. Example from the same Wiktionary entry (CC BY-SA 4.0).",B2;production,,,,regular,false,hebben,geïncasseerd,,,,false
inkopen,to buy supplies,B2,verb,Actions and processes,Het restaurant koopt groenten bij lokale boeren in.,The restaurant buys vegetables from local farmers.,Often reflexive: use the appropriate reflexive pronoun for the intended meaning.,B2;production,,,,irregular,true,hebben,ingekocht,,,,false
inschatten,"to assess, to evaluate",B2,verb,Actions and processes,Jonge medewerkers van de supermarkt leren hoe ze moeten inschatten of een klant expres iets niet scant of per ongeluk.,Young supermarket employees learn how to assess whether a customer is deliberately not scanning something or accidentally.,"Definition adapted from Wiktionary contributors, CC BY-SA 4.0: https://en.wiktionary.org/wiki/inschatten#Dutch. Example: kiryopi (Dutch, https://tatoeba.org/en/sentences/show/12784085) and kiryopi (English, https://tatoeba.org/en/sentences/show/12784086); CC BY 2.0 FR.",B2;production,,,,regular,true,hebben,ingeschat,,,,false
inspireren,to inspire,B2,verb,Actions and processes,Haar verhaal heeft me geïnspireerd om verder te studeren.,Her story inspired me to continue studying.,,B2;production,,,,regular,false,hebben,geïnspireerd,,,,false
instorten,to collapse,B2,verb,Actions and processes,Deze muren gaan instorten.,These walls are about to collapse.,"Definition adapted from Wiktionary contributors, CC BY-SA 4.0: https://en.wiktionary.org/wiki/instorten#Dutch. Example: meshbags (Dutch, https://tatoeba.org/en/sentences/show/10575369) and CK (English, https://tatoeba.org/en/sentences/show/10511114); CC BY 2.0 FR.",B2;production,,,,regular,true,zijn,ingestort,,,,false
integreren,"to integrate, to assimilate",B2,verb,Actions and processes,Ze weigeren te integreren in de samenleving.,They refuse to integrate into society.,"Definition adapted from Wiktionary contributors, CC BY-SA 4.0: https://en.wiktionary.org/wiki/integreren#Dutch. Example: MarijnKp (Dutch, https://tatoeba.org/en/sentences/show/10014911) and mailohilohi (English, https://tatoeba.org/en/sentences/show/6045794); CC BY 2.0 FR.",B2;production,,,,regular,false,hebben,geïntegreerd,,,,false
intimideren,to intimidate,B2,verb,Actions and processes,Tom probeerde Mary te intimideren.,Tom tried to intimidate Mary.,"Definition adapted from Wiktionary contributors, CC BY-SA 4.0: https://en.wiktionary.org/wiki/intimideren#Dutch. Example: kredability (Dutch, https://tatoeba.org/en/sentences/show/3970213) and CK (English, https://tatoeba.org/en/sentences/show/3956439); CC BY 2.0 FR.",B2;production,,,,regular,false,hebben,geïntimideerd,,,,false
kalmeren,to calm; to calm down,B2,verb,Actions and processes,Een korte wandeling helpt me te kalmeren.,A short walk helps me calm down.,,B2;production,,,,regular,false,hebben,gekalmeerd,,,,false
kappen,"to cut down, fell",B2,verb,Actions and processes,We hebben veel bomen moeten kappen.,We had to cut down a lot of trees.,"Definition adapted from Wiktionary contributors, CC BY-SA 4.0: https://en.wiktionary.org/wiki/kappen#Dutch. Example: purple_ice (Dutch, https://tatoeba.org/en/sentences/show/11908159) and megamanenm (English, https://tatoeba.org/en/sentences/show/12199357); CC BY 2.0 FR.",B2;production,,,,regular,false,hebben,gekapt,,,,false
kauwen,to chew,B2,verb,Actions and processes,Zou je alsjeblieft langer op je eten kunnen kauwen?,"Would you chew your food more, please?","Definition adapted from Wiktionary contributors, CC BY-SA 4.0: https://en.wiktionary.org/wiki/kauwen#Dutch. Example: LinguisticFusion (Dutch, https://tatoeba.org/en/sentences/show/4639961) and corbinjurgens (English, https://tatoeba.org/en/sentences/show/4638939); CC BY 2.0 FR.",B2;production,,,,regular,false,hebben,gekauwd,,,,false
keren,to turn around,B2,verb,Actions and processes,Je kunt bij de volgende rotonde keren.,You can turn around at the next roundabout.,,B2;production,,,,regular,false,hebben,gekeerd,,,,false
klauwen,to claw,B2,verb,Actions and processes,"""Ik kan mijn baasje niet klauwen"", zei de kat.","""I cannot claw my owner"", said the cat.","Definition adapted from Wiktionary contributors, CC BY-SA 4.0: https://en.wiktionary.org/wiki/klauwen#Dutch. Example: megamanenm (Dutch, https://tatoeba.org/en/sentences/show/10737325) and Amastan (English, https://tatoeba.org/en/sentences/show/1682031); CC BY 2.0 FR.",B2;production,,,,regular,false,hebben,geklauwd,,,,false
kleden,to dress,B2,verb,Actions and processes,Waarom wil ze zo gekleed zijn?,Why does she want to dress like that?,"Definition adapted from Wiktionary contributors, CC BY-SA 4.0: https://en.wiktionary.org/wiki/kleden#Dutch. Example: Micsmithel (Dutch, https://tatoeba.org/en/sentences/show/7468499) and Amastan (English, https://tatoeba.org/en/sentences/show/7449230); CC BY 2.0 FR.",B2;production,,,,regular,false,hebben,gekleed,,,,false
klikken,to click,B2,verb,Actions and processes,Mennad vergat te klikken.,Mennad forgot to click.,"Definition adapted from Wiktionary contributors, CC BY-SA 4.0: https://en.wiktionary.org/wiki/klikken#Dutch. Example: MarijnKp (Dutch, https://tatoeba.org/en/sentences/show/9050554) and OsoHombre (English, https://tatoeba.org/en/sentences/show/7999647); CC BY 2.0 FR.",B2;production,,,,regular,false,hebben,geklikt,,,,false
klinken,to sound,B2,verb,Actions and processes,"Dat kan als een leugen klinken, maar het is waar.","It may sound like a lie, but it's the truth.","Definition adapted from Wiktionary contributors, CC BY-SA 4.0: https://en.wiktionary.org/wiki/klinken#Dutch. Example: PaulP (Dutch, https://tatoeba.org/en/sentences/show/9888798) and CK (English, https://tatoeba.org/en/sentences/show/3138061); CC BY 2.0 FR.",B2;production,,,,irregular,false,hebben,geklonken,,,,false
klussen,to do odd jobs,B2,verb,Actions and processes,Ik ga dit weekend wat klussen in mijn huis.,I'm going to do some odd jobs in my house this weekend.,"Definition adapted from Wiktionary contributors, CC BY-SA 4.0: https://en.wiktionary.org/wiki/klussen#Dutch. Example from the same Wiktionary entry (CC BY-SA 4.0).",B2;production,,,,regular,false,hebben,geklust,,,,false
knallen,to bang; to pop,B2,verb,Actions and processes,Buiten knalt het vuurwerk.,Fireworks are going off outside.,,B2;production,,,,regular,false,hebben,geknald,,,,false
knopen,to tie with a knot,B2,verb,Actions and processes,Tom weet niet hoe hij zijn eigen stropdas moet knopen.,Tom doesn't know how to tie his own tie.,"Definition adapted from Wiktionary contributors, CC BY-SA 4.0: https://en.wiktionary.org/wiki/knopen#Dutch. Example: Raizin (Dutch, https://tatoeba.org/en/sentences/show/9314639) and CK (English, https://tatoeba.org/en/sentences/show/9314640); CC BY 2.0 FR.",B2;production,,,,regular,false,hebben,geknoopt,,,,false
koesteren,to cherish,B2,verb,Actions and processes,We koesteren de herinneringen aan onze reis.,We cherish the memories of our trip.,,B2;production,,,,regular,false,hebben,gekoesterd,,,,false
kraken,"to crack, break open",B2,verb,Actions and processes,Je bent een harde noot om te kraken.,You're a hard nut to crack.,"Definition adapted from Wiktionary contributors, CC BY-SA 4.0: https://en.wiktionary.org/wiki/kraken#Dutch. Example: Citrine (Dutch, https://tatoeba.org/en/sentences/show/3039195) and Joseph (English, https://tatoeba.org/en/sentences/show/2638917); CC BY 2.0 FR.",B2;production,,,,regular,false,hebben,gekraakt,,,,false
krimpen,"to shrink, crimp",B2,verb,Actions and processes,Als je dat wast kan het krimpen.,"If you wash that, it may shrink.","Definition adapted from Wiktionary contributors, CC BY-SA 4.0: https://en.wiktionary.org/wiki/krimpen#Dutch. Example: rose_d (Dutch, https://tatoeba.org/en/sentences/show/10637043) and CK (English, https://tatoeba.org/en/sentences/show/9315059); CC BY 2.0 FR.",B2;production,,,,irregular,false,zijn,gekrompen,,,,false
kruiden,"to season, to spice",B2,verb,Actions and processes,Waarmee heb je het gekruid?,What did you season it with?,"Definition adapted from Wiktionary contributors, CC BY-SA 4.0: https://en.wiktionary.org/wiki/kruiden#Dutch. Example: purple_ice (Dutch, https://tatoeba.org/en/sentences/show/12093478) and shekitten (English, https://tatoeba.org/en/sentences/show/12090816); CC BY 2.0 FR.",B2;production,,,,regular,false,hebben,gekruid,,,,false
kruipen,to crawl,B2,verb,Actions and processes,De baby begon te kruipen.,The baby began to crawl.,"Definition adapted from Wiktionary contributors, CC BY-SA 4.0: https://en.wiktionary.org/wiki/kruipen#Dutch. Example: marcelostockle (Dutch, https://tatoeba.org/en/sentences/show/2165937) and CK (English, https://tatoeba.org/en/sentences/show/45867); CC BY 2.0 FR.",B2;production,,,,irregular,false,hebben,gekropen,,,,false
kruisen,"to cross, intersect",B2,verb,Actions and processes,Het schip zal vannacht de evenaar kruisen.,The ship will cross the equator tonight.,"Definition adapted from Wiktionary contributors, CC BY-SA 4.0: https://en.wiktionary.org/wiki/kruisen#Dutch. Example: PaulP (Dutch, https://tatoeba.org/en/sentences/show/664794) and CK (English, https://tatoeba.org/en/sentences/show/273450); CC BY 2.0 FR.",B2;production,,,,regular,false,hebben,gekruist,,,,false
kweken,to grow a crop or other plants,B2,verb,Actions and processes,Radijzen zijn niet moeilijk om te kweken.,Radishes aren't difficult to grow.,"Definition adapted from Wiktionary contributors, CC BY-SA 4.0: https://en.wiktionary.org/wiki/kweken#Dutch. Example: MarijnKp (Dutch, https://tatoeba.org/en/sentences/show/12935451) and CK (English, https://tatoeba.org/en/sentences/show/4921459); CC BY 2.0 FR.",B2;production,,,,regular,false,hebben,gekweekt,,,,false
langskomen,"to pass by, to come past",B2,verb,Actions and processes,Wat moet ik doen als Tom en Mary langskomen?,What should I do if Tom and Mary come?,"Definition adapted from Wiktionary contributors, CC BY-SA 4.0: https://en.wiktionary.org/wiki/langskomen#Dutch. Example: megamanenm (Dutch, https://tatoeba.org/en/sentences/show/11986133) and CT (English, https://tatoeba.org/en/sentences/show/6515499); CC BY 2.0 FR.",B2;production,,,,irregular,true,zijn,langsgekomen,,,,false
lastigvallen,"to bother, to disturb",B2,verb,Actions and processes,Zij zullen je nooit meer lastigvallen.,They won't bother you anymore.,"Definition adapted from Wiktionary contributors, CC BY-SA 4.0: https://en.wiktionary.org/wiki/lastigvallen#Dutch. Example: simonbr (Dutch, https://tatoeba.org/en/sentences/show/5784929) and CK (English, https://tatoeba.org/en/sentences/show/2542283); CC BY 2.0 FR.",B2;production,,,,irregular,true,hebben,lastiggevallen,,,,false
lekken,"to leak, be leaky",B2,verb,Actions and processes,Je wachtwoord is gelekt bij een gegevenslek op een site of in een app. Controleer je opgeslagen wachtwoorden.,Your password has been leaked in a data leak on a site or in an app. Check your saved passwords.,"Definition adapted from Wiktionary contributors, CC BY-SA 4.0: https://en.wiktionary.org/wiki/lekken#Dutch. Example: yvesnev (Dutch, https://tatoeba.org/en/sentences/show/9764922) and yvesnev (English, https://tatoeba.org/en/sentences/show/9764935); CC BY 2.0 FR.",B2;production,,,,regular,false,hebben,gelekt,,,,false
lichten,to lift; to raise,B2,verb,Actions and processes,Met een kraan willen ze de zware last lichten.,They want to lift the heavy load with a crane.,,B2;production,,,,regular,false,hebben,gelicht,,,,false
lijken,"to look like, resemble",B2,verb,Actions and processes,Ik dacht dat Tom meer op zijn broer zou lijken.,I thought Tom would look more like his brother.,"Definition adapted from Wiktionary contributors, CC BY-SA 4.0: https://en.wiktionary.org/wiki/lijken#Dutch. Example: rose_d (Dutch, https://tatoeba.org/en/sentences/show/10633220) and CK (English, https://tatoeba.org/en/sentences/show/1961545); CC BY 2.0 FR.",B2;production,,,,irregular,false,hebben,geleken,,,,false
luiden,to ring; to sound,B2,verb,Actions and processes,De klokken luiden om twaalf uur.,The bells ring at twelve o'clock.,,B2;production,,,,regular,false,hebben,geluid,,,,false
manipuleren,to manipulate,B2,verb,Actions and processes,Tom probeerde Maria te manipuleren.,Tom tried to manipulate Mary.,"Definition adapted from Wiktionary contributors, CC BY-SA 4.0: https://en.wiktionary.org/wiki/manipuleren#Dutch. Example: MarijnKp (Dutch, https://tatoeba.org/en/sentences/show/7611147) and CK (English, https://tatoeba.org/en/sentences/show/7544141); CC BY 2.0 FR.",B2;production,,,,regular,false,hebben,gemanipuleerd,,,,false
meebrengen,"to bring along, bring with",B2,verb,Actions and processes,Kan je wat rijst meebrengen voor het eten?,Can you bring over some rice for dinner?,"Definition adapted from Wiktionary contributors, CC BY-SA 4.0: https://en.wiktionary.org/wiki/meebrengen#Dutch. Example: megamanenm (Dutch, https://tatoeba.org/en/sentences/show/11018519) and megamanenm (English, https://tatoeba.org/en/sentences/show/11018516); CC BY 2.0 FR.",B2;production,,,,irregular,true,hebben,meegebracht,,,,false
meespelen,"to play a game, to take part in a competition",B2,verb,Actions and processes,De topscorer kon die wedstrijd wegens een blessure niet meespelen.,The top scorer could not play in that match due to an injury.,"Definition adapted from Wiktionary contributors, CC BY-SA 4.0: https://en.wiktionary.org/wiki/meespelen#Dutch. Example from the same Wiktionary entry (CC BY-SA 4.0).",B2;production,,,,regular,true,hebben,meegespeeld,,,,false
menen,to think; to have an opinion or assumption,B2,verb,Actions and processes,Ik meen me zoiets te herinneren.,I think I remember something to that effect.,"Definition adapted from Wiktionary contributors, CC BY-SA 4.0: https://en.wiktionary.org/wiki/menen#Dutch. Example from the same Wiktionary entry (CC BY-SA 4.0).",B2;production,,,,regular,false,hebben,gemeend,,,,false
middelen,to average,B2,verb,Actions and processes,De onderzoeker wil de resultaten van drie metingen middelen.,The researcher wants to average the results of three measurements.,,B2;production,,,,regular,false,hebben,gemiddeld,,,,false
motiveren,"motivate, spur on",B2,verb,Actions and processes,Je moet jezelf motiveren.,You need to motivate yourself.,"Definition adapted from Wiktionary contributors, CC BY-SA 4.0: https://en.wiktionary.org/wiki/motiveren#Dutch. Example: Micsmithel (Dutch, https://tatoeba.org/en/sentences/show/9042663) and megamanenm (English, https://tatoeba.org/en/sentences/show/10221431); CC BY 2.0 FR.",B2;production,,,,regular,false,hebben,gemotiveerd,,,,false
naaien,to sew,B2,verb,Actions and processes,Heb je een naald om deze knopen mee vast te naaien?,Do you have a needle to sew on these buttons?,"Definition adapted from Wiktionary contributors, CC BY-SA 4.0: https://en.wiktionary.org/wiki/naaien#Dutch. Example: Raizin (Dutch, https://tatoeba.org/en/sentences/show/5984577) and _undertoad (English, https://tatoeba.org/en/sentences/show/2258154); CC BY 2.0 FR.",B2;production,,,,regular,false,hebben,genaaid,,,,false
nadoen,to imitate,B2,verb,Actions and processes,Hij kan de rest van de familie nadoen.,He can imitate the rest of the family.,"Definition adapted from Wiktionary contributors, CC BY-SA 4.0: https://en.wiktionary.org/wiki/nadoen#Dutch. Example: PaulP (Dutch, https://tatoeba.org/en/sentences/show/3175545) and CK (English, https://tatoeba.org/en/sentences/show/294449); CC BY 2.0 FR.",B2;production,,,,irregular,true,hebben,nagedaan,,,,false
neerhalen,to take down,B2,verb,Actions and processes,Na het feest halen we de versiering neer.,After the party we take down the decorations.,,B2;production,,,,regular,true,hebben,neergehaald,,,,false
neerleggen,to put down; to resign oneself,B2,verb,Actions and processes,Ik moet me bij de beslissing neerleggen.,I have to accept the decision.,Often reflexive: use the appropriate reflexive pronoun for the intended meaning.,B2;production,,,,regular,true,hebben,neergelegd,,,,false
noteren,"to write down, note",B2,verb,Actions and processes,Ik heb het nummer van de auto niet kunnen noteren.,I was unable to write down the number of the car.,"Definition adapted from Wiktionary contributors, CC BY-SA 4.0: https://en.wiktionary.org/wiki/noteren#Dutch. Example: martinod (Dutch, https://tatoeba.org/en/sentences/show/734865) and CM (English, https://tatoeba.org/en/sentences/show/265493); CC BY 2.0 FR.",B2;production,,,,regular,false,hebben,genoteerd,,,,false
offeren,to sacrifice,B2,verb,Actions and processes,Ze hebben een geit geofferd ter ere van de goden.,They killed a goat as a sacrifice to the gods.,"Definition adapted from Wiktionary contributors, CC BY-SA 4.0: https://en.wiktionary.org/wiki/offeren#Dutch. Example: marcelostockle (Dutch, https://tatoeba.org/en/sentences/show/2777928) and Scott (English, https://tatoeba.org/en/sentences/show/1078658); CC BY 2.0 FR.",B2;production,,,,regular,false,hebben,geofferd,,,,false
omgeven,to surround,B2,verb,Actions and processes,Het hotel is omgeven door bossen.,The hotel is surrounded by woods.,,B2;production,,,,irregular,false,hebben,omgeven,,,,false
omzeilen,to bypass; to get around,B2,verb,Actions and processes,Je mag de veiligheidsregels niet omzeilen.,You may not bypass the safety rules.,,B2;production,,,,regular,false,hebben,omzeild,,,,false
onderscheppen,to intercept,B2,verb,Actions and processes,Frankrijk traint adelaars om drones te onderscheppen.,France is training eagles to intercept drones.,"Definition adapted from Wiktionary contributors, CC BY-SA 4.0: https://en.wiktionary.org/wiki/onderscheppen#Dutch. Example: PaulP (Dutch, https://tatoeba.org/en/sentences/show/12070806) and Hybrid (English, https://tatoeba.org/en/sentences/show/5894372); CC BY 2.0 FR.",B2;production,,,,regular,false,hebben,onderschept,,,,false
onderwerpen,to subject,B2,verb,Actions and processes,De Romeinen dachten de Frisii snel te kunnen onderwerpen maar dit bleek een misrekening.,"The Romans thought that they could quickly subject the Frisii but this, it became clear, was a miscalculation.","Definition adapted from Wiktionary contributors, CC BY-SA 4.0: https://en.wiktionary.org/wiki/onderwerpen#Dutch. Example from the same Wiktionary entry (CC BY-SA 4.0).",B2;production,,,,irregular,false,hebben,onderworpen,,,,false
onderwijzen,"to teach, to educate",B2,verb,Actions and processes,Is meneer Davis naar Japan gekomen om Engels te onderwijzen?,Did Mr. Davis come to Japan to teach English?,"Definition adapted from Wiktionary contributors, CC BY-SA 4.0: https://en.wiktionary.org/wiki/onderwijzen#Dutch. Example: Citrine (Dutch, https://tatoeba.org/en/sentences/show/1478159) and CN (English, https://tatoeba.org/en/sentences/show/1474177); CC BY 2.0 FR.",B2;production,,,,irregular,false,hebben,onderwezen,,,,false
ontbinden,"to dissolve, to disband, to break up",B2,verb,Actions and processes,Algerije zou het huidige parlement moeten ontbinden.,Algeria should dissolve its current parliament.,"Definition adapted from Wiktionary contributors, CC BY-SA 4.0: https://en.wiktionary.org/wiki/ontbinden#Dutch. Example: megamanenm (Dutch, https://tatoeba.org/en/sentences/show/10893284) and Amastan (English, https://tatoeba.org/en/sentences/show/7861340); CC BY 2.0 FR.",B2;production,,,,irregular,false,hebben,ontbonden,,,,false
onthullen,"to reveal, to uncover",B2,verb,Actions and processes,Wie weet welke nieuwe ontdekkingen deze observatieposten zullen onthullen?,Who knows what new discoveries these observatories will uncover?,"Definition adapted from Wiktionary contributors, CC BY-SA 4.0: https://en.wiktionary.org/wiki/onthullen#Dutch. Example: megamanenm (Dutch, https://tatoeba.org/en/sentences/show/6286182) and Hybrid (English, https://tatoeba.org/en/sentences/show/6285318); CC BY 2.0 FR.",B2;production,,,,regular,false,hebben,onthuld,,,,false
ontkomen,to escape,B2,verb,Actions and processes,De kat wist door het open raam te ontkomen.,The cat managed to escape through the open window.,,B2;production,,,,irregular,false,zijn,ontkomen,,,,false
ontploffen,to explode,B2,verb,Actions and processes,Ik dacht dat mijn hoofd zou ontploffen.,I thought that my head was going to explode.,"Definition adapted from Wiktionary contributors, CC BY-SA 4.0: https://en.wiktionary.org/wiki/ontploffen#Dutch. Example: megamanenm (Dutch, https://tatoeba.org/en/sentences/show/12384930) and CK (English, https://tatoeba.org/en/sentences/show/7173968); CC BY 2.0 FR.",B2;production,,,,regular,false,zijn,ontploft,,,,false
ontvoeren,"to kidnap, to abduct",B2,verb,Actions and processes,Tom heeft Maria niet ontvoerd.,Tom didn't kidnap Mary.,"Definition adapted from Wiktionary contributors, CC BY-SA 4.0: https://en.wiktionary.org/wiki/ontvoeren#Dutch. Example: PaulP (Dutch, https://tatoeba.org/en/sentences/show/11961245) and CK (English, https://tatoeba.org/en/sentences/show/2272408); CC BY 2.0 FR.",B2;production,,,,regular,false,hebben,ontvoerd,,,,false
oogsten,to harvest; to reap,B2,verb,Actions and processes,De boeren oogsten deze week het graan.,The farmers are harvesting the grain this week.,,B2;production,,,,regular,false,hebben,geoogst,,,,false
oordelen,to judge,B2,verb,Actions and processes,Oordeel niet zodat er niet over je geoordeeld wordt.,Don't judge so that you will not be judged.,"Definition adapted from Wiktionary contributors, CC BY-SA 4.0: https://en.wiktionary.org/wiki/oordelen#Dutch. Example: carlosalberto (Dutch, https://tatoeba.org/en/sentences/show/11577910) and carlosalberto (English, https://tatoeba.org/en/sentences/show/11577891); CC BY 2.0 FR.",B2;production,,,,regular,false,hebben,geoordeeld,,,,false
opeisen,to demand; to claim,B2,verb,Actions and processes,De bewoners eisen hun recht op inspraak op.,The residents are asserting their right to have a say.,,B2;production,,,,regular,true,hebben,opgeëist,,,,false
opereren,to operate,B2,verb,Actions and processes,De dierenarts moest de kat opereren om de gebroken poot te herstellen.,The veterinarian had to operate on the cat to repair the broken leg.,"Definition adapted from Wiktionary contributors, CC BY-SA 4.0: https://en.wiktionary.org/wiki/opereren#Dutch. Example from the same Wiktionary entry (CC BY-SA 4.0).",B2;production,,,,regular,false,hebben,geopereerd,,,,false
opeten,"to eat up, to devour",B2,verb,Actions and processes,Je kan het niet zomaar opeten alleen omdat het voedzaam is.,You can't eat it just because it is nutritious.,"Definition adapted from Wiktionary contributors, CC BY-SA 4.0: https://en.wiktionary.org/wiki/opeten#Dutch. Example: megamanenm (Dutch, https://tatoeba.org/en/sentences/show/9729166) and Dejo (English, https://tatoeba.org/en/sentences/show/26430); CC BY 2.0 FR.",B2;production,,,,irregular,true,hebben,opgegeten,,,,false
opgaan,"to go up, ascend",B2,verb,Actions and processes,"De zon gaat op in het oosten, en gaat onder in het westen.","The sun goes up in the east, and goes down in the west.","Definition adapted from Wiktionary contributors, CC BY-SA 4.0: https://en.wiktionary.org/wiki/opgaan#Dutch. Example from the same Wiktionary entry (CC BY-SA 4.0).",B2;production,,,,irregular,true,zijn,opgegaan,,,,false
opheffen,to lift; to abolish,B2,verb,Actions and processes,De gemeente wil het parkeerverbod opheffen.,The council wants to lift the parking ban.,,B2;production,,,,irregular,true,hebben,opgeheven,,,,false
opmaken,to use up or eat up,B2,verb,Actions and processes,"Ik geef je geld, maar je moet niet alles opmaken.","I give you money, but you should not use everything up.","Definition adapted from Wiktionary contributors, CC BY-SA 4.0: https://en.wiktionary.org/wiki/opmaken#Dutch. Example: vvv123 (Dutch, https://tatoeba.org/en/sentences/show/3569300) and SunnyMoon (English, https://tatoeba.org/en/sentences/show/11163030); CC BY 2.0 FR.",B2;production,,,,regular,true,hebben,opgemaakt,,,,false
oppassen,"to watch out, beware",B2,verb,Actions and processes,Wanneer je hier rondloopt moet je oppassen voor vallende stenen.,"When you walk around here, you have to look out for falling rocks.","Definition adapted from Wiktionary contributors, CC BY-SA 4.0: https://en.wiktionary.org/wiki/oppassen#Dutch. Example: Pepermolen15 (Dutch, https://tatoeba.org/en/sentences/show/13935357) and CK (English, https://tatoeba.org/en/sentences/show/61347); CC BY 2.0 FR.",B2;production,,,,regular,true,hebben,opgepast,,,,false
oppikken,"to pick up, glean",B2,verb,Actions and processes,Ik zal mijn zus je laten oppikken aan het station.,I'll have my sister pick you up at the station.,"Definition adapted from Wiktionary contributors, CC BY-SA 4.0: https://en.wiktionary.org/wiki/oppikken#Dutch. Example: Vulgaris (Dutch, https://tatoeba.org/en/sentences/show/996990) and CK (English, https://tatoeba.org/en/sentences/show/6657235); CC BY 2.0 FR.",B2;production,,,,regular,true,hebben,opgepikt,,,,false
opsluiten,to lock in,B2,verb,Actions and processes,Ze zouden hem moeten opsluiten en de sleutel weggooien.,They should lock him up and throw away the key.,"Definition adapted from Wiktionary contributors, CC BY-SA 4.0: https://en.wiktionary.org/wiki/opsluiten#Dutch. Example: Raizin (Dutch, https://tatoeba.org/en/sentences/show/4510430) and patgfisher (English, https://tatoeba.org/en/sentences/show/4266782); CC BY 2.0 FR.",B2;production,,,,irregular,true,hebben,opgesloten,,,,false
optrekken,to build,B2,verb,Actions and processes,Dit gebouw is uit hout opgetrokken.,This building is built with wood.,"Definition adapted from Wiktionary contributors, CC BY-SA 4.0: https://en.wiktionary.org/wiki/optrekken#Dutch. Example from the same Wiktionary entry (CC BY-SA 4.0).",B2;production,,,,irregular,true,hebben,opgetrokken,,,,false
overbruggen,"to bridge, to span",B2,verb,Actions and processes,Ik kan deze periode financieel overbruggen.,I can bridge this period financially.,"Definition adapted from Wiktionary contributors, CC BY-SA 4.0: https://en.wiktionary.org/wiki/overbruggen#Dutch. Example: kiryopi (Dutch, https://tatoeba.org/en/sentences/show/13724608) and kiryopi (English, https://tatoeba.org/en/sentences/show/13724607); CC BY 2.0 FR.",B2;production,,,,regular,false,hebben,overbrugd,,,,false
overgaan,"pass on to, bequeath",B2,verb,Actions and processes,De boerderij ging over op zijn zoon toen hij overleed.,The farm passed on to his son when he died.,"Definition adapted from Wiktionary contributors, CC BY-SA 4.0: https://en.wiktionary.org/wiki/overgaan#Dutch. Example from the same Wiktionary entry (CC BY-SA 4.0).",B2;production,,,,irregular,true,zijn,overgegaan,,,,false
overlaten,"to leave over, to leave as a leftover",B2,verb,Actions and processes,Laat ook wat kaas voor mij over.,Leave some cheese over for me as well.,"Definition adapted from Wiktionary contributors, CC BY-SA 4.0: https://en.wiktionary.org/wiki/overlaten#Dutch. Example from the same Wiktionary entry (CC BY-SA 4.0).",B2;production,,,,irregular,true,hebben,overgelaten,,,,false
overschrijden,"to cross – cross over, step across",B2,verb,Actions and processes,Die grens zou ik nooit overschrijden.,I would never cross that line.,"Definition adapted from Wiktionary contributors, CC BY-SA 4.0: https://en.wiktionary.org/wiki/overschrijden#Dutch. Example: megamanenm (Dutch, https://tatoeba.org/en/sentences/show/10737684) and megamanenm (English, https://tatoeba.org/en/sentences/show/10737682); CC BY 2.0 FR.",B2;production,,,,irregular,false,hebben,overschreden,,,,false
overtreffen,"to outdo, surpass",B2,verb,Actions and processes,Niemand kan hem overtreffen.,Nobody can surpass him.,"Definition adapted from Wiktionary contributors, CC BY-SA 4.0: https://en.wiktionary.org/wiki/overtreffen#Dutch. Example: kevin (Dutch, https://tatoeba.org/en/sentences/show/1020851) and CH (English, https://tatoeba.org/en/sentences/show/276656); CC BY 2.0 FR.",B2;production,,,,irregular,false,hebben,overtroffen,,,,false
persen,"to press tight, to squeeze",B2,verb,Actions and processes,Ik kan deze sinaasappel niet persen. Hij is droog.,I can't squeeze this orange. It's dry.,"Definition adapted from Wiktionary contributors, CC BY-SA 4.0: https://en.wiktionary.org/wiki/persen#Dutch. Example: MarijnKp (Dutch, https://tatoeba.org/en/sentences/show/12967584) and Amastan (English, https://tatoeba.org/en/sentences/show/1728257); CC BY 2.0 FR.",B2;production,,,,regular,false,hebben,geperst,,,,false
plagen,to tease,B2,verb,Actions and processes,Waarom moet je mij plagen?,Why must you tease me?,"Definition adapted from Wiktionary contributors, CC BY-SA 4.0: https://en.wiktionary.org/wiki/plagen#Dutch. Example: JJH (Dutch, https://tatoeba.org/en/sentences/show/9152257) and CM (English, https://tatoeba.org/en/sentences/show/3730510); CC BY 2.0 FR.",B2;production,,,,regular,false,hebben,geplaagd,,,,false
plakken,to stick,B2,verb,Actions and processes,Ik ben vergeten de postzegel op de brief te plakken voor ik hem verstuurde.,I forgot to stick the stamp to the letter before sending it off.,"Definition adapted from Wiktionary contributors, CC BY-SA 4.0: https://en.wiktionary.org/wiki/plakken#Dutch. Example: Elsofie (Dutch, https://tatoeba.org/en/sentences/show/7990408) and pne (English, https://tatoeba.org/en/sentences/show/1825179); CC BY 2.0 FR.",B2;production,,,,regular,false,hebben,geplakt,,,,false
plassen,to urinate,B2,verb,Actions and processes,Ik moet u vragen om in deze beker te plassen.,I need you to urinate in this cup.,"Definition adapted from Wiktionary contributors, CC BY-SA 4.0: https://en.wiktionary.org/wiki/plassen#Dutch. Example: Micsmithel (Dutch, https://tatoeba.org/en/sentences/show/9928279) and NurseMeeks (English, https://tatoeba.org/en/sentences/show/9849512); CC BY 2.0 FR.",B2;production,,,,regular,false,hebben,geplast,,,,false
plegen,to commit,B2,verb,Actions and processes,De politie onderzoekt wie de diefstal heeft gepleegd.,The police are investigating who committed the theft.,,B2;production,,,,regular,false,hebben,gepleegd,,,,false
plukken,to pick; to pluck,B2,verb,Actions and processes,In september kunnen we de appels plukken.,In September we can pick the apples.,,B2;production,,,,regular,false,hebben,geplukt,,,,false
pompen,to pump,B2,verb,Actions and processes,Het hart dient om bloed te pompen.,The heart serves to pump blood.,"Definition adapted from Wiktionary contributors, CC BY-SA 4.0: https://en.wiktionary.org/wiki/pompen#Dutch. Example: martinod (Dutch, https://tatoeba.org/en/sentences/show/1135477) and spockofvulcan (English, https://tatoeba.org/en/sentences/show/945551); CC BY 2.0 FR.",B2;production,,,,regular,false,hebben,gepompt,,,,false
prijzen,to price,B2,verb,Actions and processes,De medewerker prijst de nieuwe artikelen.,The employee prices the new items.,.,B2;production,,,,regular,false,hebben,geprijsd,,,,false
profileren,to present an image of oneself,B2,verb,Actions and processes,"Hij profileert zich als een competent leider, maar hij heeft weinig ervaring.","He presents himself as a competent leader, but he has little experience.","Often reflexive: use the appropriate reflexive pronoun for the intended meaning. Definition adapted from Wiktionary contributors, CC BY-SA 4.0: https://en.wiktionary.org/wiki/profileren#Dutch. Example from the same Wiktionary entry (CC BY-SA 4.0).",B2;production,,,,regular,false,hebben,geprofileerd,,,,false
programmeren,to program,B2,verb,Actions and processes,Dat zou iets zijn wat ik zou moeten programmeren.,It would be something I'd have to program.,"Definition adapted from Wiktionary contributors, CC BY-SA 4.0: https://en.wiktionary.org/wiki/programmeren#Dutch. Example: Dorenda (Dutch, https://tatoeba.org/en/sentences/show/382064) and Zifre (English, https://tatoeba.org/en/sentences/show/1351); CC BY 2.0 FR.",B2;production,,,,regular,false,hebben,geprogrammeerd,,,,false
rapen,"to gather, to pick up",B2,verb,Actions and processes,Ze bukte zich om een kiezelsteen te rapen.,She stooped to pick up a pebble.,"Definition adapted from Wiktionary contributors, CC BY-SA 4.0: https://en.wiktionary.org/wiki/rapen#Dutch. Example: megamanenm (Dutch, https://tatoeba.org/en/sentences/show/9735098) and kebukebu (English, https://tatoeba.org/en/sentences/show/315226); CC BY 2.0 FR.",B2;production,,,,regular,false,hebben,geraapt,,,,false
rapporteren,to report,B2,verb,Actions and processes,Ik moet dit rapporteren.,I need to report this.,"Definition adapted from Wiktionary contributors, CC BY-SA 4.0: https://en.wiktionary.org/wiki/rapporteren#Dutch. Example: RobinvanderVliet (Dutch, https://tatoeba.org/en/sentences/show/10665875) and CK (English, https://tatoeba.org/en/sentences/show/7538479); CC BY 2.0 FR.",B2;production,,,,regular,false,hebben,gerapporteerd,,,,false
reanimeren,to resuscitate,B2,verb,Actions and processes,Hij probeerde haar te reanimeren.,He tried to resuscitate her.,"Definition adapted from Wiktionary contributors, CC BY-SA 4.0: https://en.wiktionary.org/wiki/reanimeren#Dutch. Example: Elsofie (Dutch, https://tatoeba.org/en/sentences/show/8521981) and CH (English, https://tatoeba.org/en/sentences/show/8521962); CC BY 2.0 FR.",B2;production,,,,regular,false,hebben,gereanimeerd,,,,false
rechtvaardigen,to justify,B2,verb,Actions and processes,De resultaten rechtvaardigen de extra kosten.,The results justify the extra cost.,,B2;production,,,,regular,false,hebben,gerechtvaardigd,,,,false
reguleren,to regulate,B2,verb,Actions and processes,De overheid wil de huurprijzen beter reguleren.,The government wants to regulate rents more effectively.,,B2;production,,,,regular,false,hebben,gereguleerd,,,,false
rinkelen,"to make a ringing sound, as of a bell; to jingle",B2,verb,Actions and processes,Laat de bel twee keer rinkelen.,Press the bell twice.,"Definition adapted from Wiktionary contributors, CC BY-SA 4.0: https://en.wiktionary.org/wiki/rinkelen#Dutch. Example: Micsmithel (Dutch, https://tatoeba.org/en/sentences/show/7632296) and CN (English, https://tatoeba.org/en/sentences/show/33863); CC BY 2.0 FR.",B2;production,,,,regular,false,hebben,gerinkeld,,,,false
roepen,"to call, summon, invite etc",B2,verb,Actions and processes,Is er iemand die ik voor je kan roepen?,Is there someone I can call for you?,"Definition adapted from Wiktionary contributors, CC BY-SA 4.0: https://en.wiktionary.org/wiki/roepen#Dutch. Example: Raizin (Dutch, https://tatoeba.org/en/sentences/show/4782279) and CK (English, https://tatoeba.org/en/sentences/show/4011619); CC BY 2.0 FR.",B2;production,,,,irregular,false,hebben,geroepen,,,,false
rondhangen,"to hang around, to loiter",B2,verb,Actions and processes,We mogen hier niet rondhangen.,We can't hang around here.,"Definition adapted from Wiktionary contributors, CC BY-SA 4.0: https://en.wiktionary.org/wiki/rondhangen#Dutch. Example: megamanenm (Dutch, https://tatoeba.org/en/sentences/show/4215858) and CK (English, https://tatoeba.org/en/sentences/show/1951809); CC BY 2.0 FR.",B2;production,,,,irregular,true,hebben,rondgehangen,,,,false
rondrijden,to drive around,B2,verb,Actions and processes,Je moet uren rondrijden om een parkeerplaats in Parijs te vinden.,You have to drive round Paris for hours to find a place to park.,"Definition adapted from Wiktionary contributors, CC BY-SA 4.0: https://en.wiktionary.org/wiki/rondrijden#Dutch. Example: Elsofie (Dutch, https://tatoeba.org/en/sentences/show/8579071) and sundown (English, https://tatoeba.org/en/sentences/show/10965673); CC BY 2.0 FR.",B2;production,,,,irregular,true,hebben,rondgereden,,,,false
rotten,"to rot, to go bad, to decay",B2,verb,Actions and processes,Het hout van de schuur is aan het rotten.,The wood of the barn is decaying.,"Definition adapted from Wiktionary contributors, CC BY-SA 4.0: https://en.wiktionary.org/wiki/rotten#Dutch. Example from the same Wiktionary entry (CC BY-SA 4.0).",B2;production,,,,regular,false,hebben,gerot,,,,false
rouwen,"to mourn, to grieve",B2,verb,Actions and processes,Er is geen juiste manier om te rouwen.,There's no right way to grieve.,"Definition adapted from Wiktionary contributors, CC BY-SA 4.0: https://en.wiktionary.org/wiki/rouwen#Dutch. Example: carlosalberto (Dutch, https://tatoeba.org/en/sentences/show/13586236) and rul (English, https://tatoeba.org/en/sentences/show/13458840); CC BY 2.0 FR.",B2;production,,,,regular,false,hebben,gerouwd,,,,false
rukken,to tug; to jerk,B2,verb,Actions and processes,De hond rukte aan de riem.,The dog tugged at the lead.,,B2;production,,,,regular,false,hebben,gerukt,,,,false
samenkomen,"to come together, to meet, to assemble",B2,verb,Actions and processes,Laten we allemaal samenkomen tijdens Kerstmis.,Let's all get together over Christmas.,"Definition adapted from Wiktionary contributors, CC BY-SA 4.0: https://en.wiktionary.org/wiki/samenkomen#Dutch. Example: Micsmithel (Dutch, https://tatoeba.org/en/sentences/show/9492000) and CK (English, https://tatoeba.org/en/sentences/show/7653880); CC BY 2.0 FR.",B2;production,,,,irregular,true,zijn,samengekomen,,,,false
samenleven,to live together as partners or a family,B2,verb,Actions and processes,We kunnen niet samenleven.,We can't live together.,"Definition adapted from Wiktionary contributors, CC BY-SA 4.0: https://en.wiktionary.org/wiki/samenleven#Dutch. Example: megamanenm (Dutch, https://tatoeba.org/en/sentences/show/12333100) and maaster (English, https://tatoeba.org/en/sentences/show/8000375); CC BY 2.0 FR.",B2;production,,,,regular,true,hebben,samengeleefd,,,,false
scannen,to scan,B2,verb,Actions and processes,Een 3D-scanner maakt het mogelijk om driedimensionale voorwerpen te scannen.,With a 3D scanner it is possible to scan three-dimensional objects.,"Definition adapted from Wiktionary contributors, CC BY-SA 4.0: https://en.wiktionary.org/wiki/scannen#Dutch. Example: PaulP (Dutch, https://tatoeba.org/en/sentences/show/7864932) and megamanenm (English, https://tatoeba.org/en/sentences/show/10218124); CC BY 2.0 FR.",B2;production,,,,regular,false,hebben,gescand,,,,false
schaatsen,to skate,B2,verb,Actions and processes,Is het veilig om op dit meer te schaatsen?,Is it safe to skate on this lake?,"Definition adapted from Wiktionary contributors, CC BY-SA 4.0: https://en.wiktionary.org/wiki/schaatsen#Dutch. Example: doemaar14 (Dutch, https://tatoeba.org/en/sentences/show/11086934) and CK (English, https://tatoeba.org/en/sentences/show/4622705); CC BY 2.0 FR.",B2;production,,,,regular,false,hebben,geschaatst,,,,false
schaken,to play chess,B2,verb,Actions and processes,"Als je wil, zal ik je leren om te schaken.","If you like, I will teach you to play chess.","Definition adapted from Wiktionary contributors, CC BY-SA 4.0: https://en.wiktionary.org/wiki/schaken#Dutch. Example: otterbaskets (Dutch, https://tatoeba.org/en/sentences/show/3601655) and AlanF_US (English, https://tatoeba.org/en/sentences/show/29867); CC BY 2.0 FR.",B2;production,,,,regular,false,hebben,geschaakt,,,,false
schenden,to violate,B2,verb,Actions and processes,De wapenstilstand werd na twee dagen geschonden.,The ceasefire was violated after two days.,"Definition adapted from Wiktionary contributors, CC BY-SA 4.0: https://en.wiktionary.org/wiki/schenden#Dutch. Example from the same Wiktionary entry (CC BY-SA 4.0).",B2;production,,,,irregular,false,hebben,geschonden,,,,false
schenken,"to give as a present, to gift",B2,verb,Actions and processes,Wat heb je Mike voor zijn verjaardag geschonken?,What did you gift Mike for his birthday?,"Definition adapted from Wiktionary contributors, CC BY-SA 4.0: https://en.wiktionary.org/wiki/schenken#Dutch. Example: Tom9358 (Dutch, https://tatoeba.org/en/sentences/show/12864302) and Tom9358 (English, https://tatoeba.org/en/sentences/show/12864305); CC BY 2.0 FR.",B2;production,,,,irregular,false,hebben,geschonken,,,,false
schetsen,to describe with words,B2,verb,Actions and processes,In de kliniek schetsen ze hem als een man van wie men op aan kan.,"In the clinic, they describe him as a man that one can rely on.","Definition adapted from Wiktionary contributors, CC BY-SA 4.0: https://en.wiktionary.org/wiki/schetsen#Dutch. Example from the same Wiktionary entry (CC BY-SA 4.0).",B2;production,,,,regular,false,hebben,geschetst,,,,false
schieten,"to shoot, to kill",B2,verb,Actions and processes,Tom heeft niet geschoten om te doden.,Tom didn't shoot to kill.,"Definition adapted from Wiktionary contributors, CC BY-SA 4.0: https://en.wiktionary.org/wiki/schieten#Dutch. Example: Elsofie (Dutch, https://tatoeba.org/en/sentences/show/8331422) and CK (English, https://tatoeba.org/en/sentences/show/2279376); CC BY 2.0 FR.",B2;production,,,,irregular,false,hebben,geschoten,,,,false
schorsen,"to suspend, delay by inserting a pause",B2,verb,Actions and processes,De voorzitter schorst de zitting.,The chairman suspends the session.,"Definition adapted from Wiktionary contributors, CC BY-SA 4.0: https://en.wiktionary.org/wiki/schorsen#Dutch. Example from the same Wiktionary entry (CC BY-SA 4.0).",B2;production,,,,regular,false,hebben,geschorst,,,,false
schreeuwen,to scream; to shriek,B2,verb,Actions and processes,In de ruimte kan niemand je horen schreeuwen.,"In space, no one can hear you scream.","Definition adapted from Wiktionary contributors, CC BY-SA 4.0: https://en.wiktionary.org/wiki/schreeuwen#Dutch. Example: MarijnKp (Dutch, https://tatoeba.org/en/sentences/show/10040840) and darinmex (English, https://tatoeba.org/en/sentences/show/615420); CC BY 2.0 FR.",B2;production,,,,regular,false,hebben,geschreeuwd,,,,false
schudden,"to shake, to tremble, to waver",B2,verb,Actions and processes,Tom stapte naar voren om Mary's hand te schudden.,Tom stepped forward to shake Mary's hand.,"Definition adapted from Wiktionary contributors, CC BY-SA 4.0: https://en.wiktionary.org/wiki/schudden#Dutch. Example: megamanenm (Dutch, https://tatoeba.org/en/sentences/show/10810834) and CM (English, https://tatoeba.org/en/sentences/show/7130288); CC BY 2.0 FR.",B2;production,,,,regular,false,hebben,geschud,,,,false
schuilen,to take shelter,B2,verb,Actions and processes,Je bent onder een boom gaan schuilen.,You took shelter under a tree.,"Definition adapted from Wiktionary contributors, CC BY-SA 4.0: https://en.wiktionary.org/wiki/schuilen#Dutch. Example: doemaar14 (Dutch, https://tatoeba.org/en/sentences/show/11086828) and User83551 (English, https://tatoeba.org/en/sentences/show/7910859); CC BY 2.0 FR.",B2;production,,,,irregular,false,hebben,gescholen,,,,false
schuren,to sand,B2,verb,Actions and processes,Moet je grondverf schuren?,Do you need to sand primer?,"Definition adapted from Wiktionary contributors, CC BY-SA 4.0: https://en.wiktionary.org/wiki/schuren#Dutch. Example: pcmill (Dutch, https://tatoeba.org/en/sentences/show/13721111) and pcmill (English, https://tatoeba.org/en/sentences/show/13723756); CC BY 2.0 FR.",B2;production,,,,regular,false,hebben,geschuurd,,,,false
skiën,to ski,B2,verb,Actions and processes,We gingen naar de bergen om te skiën.,We went to the mountains to ski.,"Definition adapted from Wiktionary contributors, CC BY-SA 4.0: https://en.wiktionary.org/wiki/ski%C3%ABn#Dutch. Example: MarijnKp (Dutch, https://tatoeba.org/en/sentences/show/7487293) and CK (English, https://tatoeba.org/en/sentences/show/262742); CC BY 2.0 FR.",B2;production,,,,regular,false,hebben,geskied,,,,false
slaan,"to hit, to slap",B2,verb,Actions and processes,Geen enkele man heeft het recht om je te slaan.,No man has the right to hit you.,"Definition adapted from Wiktionary contributors, CC BY-SA 4.0: https://en.wiktionary.org/wiki/slaan#Dutch. Example: MarijnKp (Dutch, https://tatoeba.org/en/sentences/show/9419649) and ajje (English, https://tatoeba.org/en/sentences/show/8694217); CC BY 2.0 FR.",B2;production,,,,irregular,false,hebben,geslagen,,,,false
slachten,to slaughter,B2,verb,Actions and processes,Opa wil het varken slachten.,Grandad wants to slaughter the pig.,"Definition adapted from Wiktionary contributors, CC BY-SA 4.0: https://en.wiktionary.org/wiki/slachten#Dutch. Example: Tom9358 (Dutch, https://tatoeba.org/en/sentences/show/13890191) and Tom9358 (English, https://tatoeba.org/en/sentences/show/13890194); CC BY 2.0 FR.",B2;production,,,,regular,false,hebben,geslacht,,,,false
slopen,to demolish,B2,verb,Actions and processes,Dat gebouw wordt overmorgen gesloopt.,That building is being demolished the day after tomorrow.,"Definition adapted from Wiktionary contributors, CC BY-SA 4.0: https://en.wiktionary.org/wiki/slopen#Dutch. Example from the same Wiktionary entry (CC BY-SA 4.0).",B2;production,,,,regular,false,hebben,gesloopt,,,,false
spannen,to stretch; to tighten,B2,verb,Actions and processes,We spannen een touw tussen de twee palen.,We stretch a rope between the two posts.,,B2;production,,,,regular,false,hebben,gespannen,,,,false
spenderen,to spend,B2,verb,Actions and processes,Ik wil graag een weekend spenderen op Kreta.,I'd like to spend a weekend in Crete.,"Definition adapted from Wiktionary contributors, CC BY-SA 4.0: https://en.wiktionary.org/wiki/spenderen#Dutch. Example: deanoeba (Dutch, https://tatoeba.org/en/sentences/show/11128768) and carlosalberto (English, https://tatoeba.org/en/sentences/show/11128042); CC BY 2.0 FR.",B2;production,,,,regular,false,hebben,gespendeerd,,,,false
spoelen,to rinse,B2,verb,Actions and processes,Spoel de groenten onder koud water.,Rinse the vegetables under cold water.,,B2;production,,,,regular,false,hebben,gespoeld,,,,false
sporten,"to practice sports in general, to play a sport, to exercise",B2,verb,Actions and processes,Het is erg belangrijk om dagelijks te sporten.,It is extremely important to exercise daily.,"Definition adapted from Wiktionary contributors, CC BY-SA 4.0: https://en.wiktionary.org/wiki/sporten#Dutch. Example: megamanenm (Dutch, https://tatoeba.org/en/sentences/show/1128613) and FeuDRenais2 (English, https://tatoeba.org/en/sentences/show/578281); CC BY 2.0 FR.",B2;production,,,,regular,false,hebben,gesport,,,,false
spotten,"to mock, deride",B2,verb,Actions and processes,Je moet niet spotten met het uiterlijk van gehandicapte mensen.,You should not mock the appearance of disabled people.,"Definition adapted from Wiktionary contributors, CC BY-SA 4.0: https://en.wiktionary.org/wiki/spotten#Dutch. Example: samson (Dutch, https://tatoeba.org/en/sentences/show/2186080) and tatoebashrek (English, https://tatoeba.org/en/sentences/show/11890610); CC BY 2.0 FR.",B2;production,,,,regular,false,hebben,gespot,,,,false
spuiten,"to inject, to shoot",B2,verb,Actions and processes,Ik moet een naald gebruiken om dit onder uw huid te spuiten.,I have to use a needle to inject this under your skin.,"Definition adapted from Wiktionary contributors, CC BY-SA 4.0: https://en.wiktionary.org/wiki/spuiten#Dutch. Example: Micsmithel (Dutch, https://tatoeba.org/en/sentences/show/9925953) and NurseMeeks (English, https://tatoeba.org/en/sentences/show/9849509); CC BY 2.0 FR.",B2;production,,,,irregular,false,hebben,gespoten,,,,false
stabiliseren,to stabilize,B2,verb,Actions and processes,"Meneer, we moeten uw breuk stabiliseren voor we u op de brancard leggen.","Sir, we need to stabilize your fracture before transferring you to the stretcher.","Often reflexive: use the appropriate reflexive pronoun for the intended meaning. Definition adapted from Wiktionary contributors, CC BY-SA 4.0: https://en.wiktionary.org/wiki/stabiliseren#Dutch. Example: Micsmithel (Dutch, https://tatoeba.org/en/sentences/show/9969104) and NurseMeeks (English, https://tatoeba.org/en/sentences/show/9850801); CC BY 2.0 FR.",B2;production,,,,regular,false,hebben,gestabiliseerd,,,,false
stappen,to go out for the evening,B2,verb,Actions and processes,Zaterdag gaan we met vrienden stappen.,On Saturday we are going out with friends.,,B2;production,,,,regular,false,hebben,gestapt,,,,false
staren,to stare,B2,verb,Actions and processes,Het is niet beleefd om naar iemand te staren.,It is not polite to stare at someone.,,B2;production,,,,regular,false,hebben,gestaard,,,,false
stelen,to steal,B2,verb,Actions and processes,Dan probeerde Linda over te halen het geld te stelen.,Dan tried to persuade Linda to steal the money.,"Definition adapted from Wiktionary contributors, CC BY-SA 4.0: https://en.wiktionary.org/wiki/stelen#Dutch. Example: Citrine (Dutch, https://tatoeba.org/en/sentences/show/3994253) and Amastan (English, https://tatoeba.org/en/sentences/show/3992783); CC BY 2.0 FR.",B2;production,,,,irregular,false,hebben,gestolen,,,,false
sterven,to die,B2,verb,Actions and processes,"Het is beter rijk te leven, dan rijk te sterven.","It's better to live rich, than to die rich.","Definition adapted from Wiktionary contributors, CC BY-SA 4.0: https://en.wiktionary.org/wiki/sterven#Dutch. Example: Dorenda (Dutch, https://tatoeba.org/en/sentences/show/411180) and Ricardo14 (English, https://tatoeba.org/en/sentences/show/6938208); CC BY 2.0 FR.",B2;production,,,,irregular,false,zijn,gestorven,,,,false
stoken,to cause unrest or discord; to stir up trouble between people; to stir the pot,B2,verb,Actions and processes,"Die roddeltante zit de hele dag te stoken, waardoor haar buren nu ruzie met elkaar hebben.","That gossip keeps stirring up discord, causing her neighbors to quarrel.","Definition adapted from Wiktionary contributors, CC BY-SA 4.0: https://en.wiktionary.org/wiki/stoken#Dutch. Example from the same Wiktionary entry (CC BY-SA 4.0).",B2;production,,,,regular,false,hebben,gestookt,,,,false
straffen,to punish,B2,verb,Actions and processes,De docent wil de hele groep niet voor één fout straffen.,The teacher does not want to punish the whole group for one mistake.,,B2;production,,,,regular,false,hebben,gestraft,,,,false
stranden,to become stranded,B2,verb,Actions and processes,Door de staking zijn we op het vliegveld gestrand.,We were stranded at the airport because of the strike.,,B2;production,,,,regular,false,zijn,gestrand,,,,false
streven,to strive,B2,verb,Actions and processes,We dienen altijd te streven naar de eenvoudigste en elegantste oplossing.,We should always strive for the most simple and elegant solution.,"Definition adapted from Wiktionary contributors, CC BY-SA 4.0: https://en.wiktionary.org/wiki/streven#Dutch. Example: Nylez (Dutch, https://tatoeba.org/en/sentences/show/10080002) and mccarras (English, https://tatoeba.org/en/sentences/show/8989761); CC BY 2.0 FR.",B2;production,,,,regular,false,hebben,gestreefd,,,,false
strijden,"to fight, to wage battle or war",B2,verb,Actions and processes,We moeten strijden tegen de onderdrukking van vrouwen.,We need to fight against women's oppression.,"Definition adapted from Wiktionary contributors, CC BY-SA 4.0: https://en.wiktionary.org/wiki/strijden#Dutch. Example: doemaar14 (Dutch, https://tatoeba.org/en/sentences/show/10341576) and Hybrid (English, https://tatoeba.org/en/sentences/show/2982338); CC BY 2.0 FR.",B2;production,,,,irregular,false,hebben,gestreden,,,,false
surfen,to surf,B2,verb,Actions and processes,Zij wil deze zomer leren surfen.,She wants to learn to surf this summer.,,B2;production,,,,regular,false,hebben,gesurft / gesurfd,,,,false
teruggaan,"to return, go back",B2,verb,Actions and processes,"Kom, laten we weer teruggaan naar waar we waren.","Now, let’s go back to where we were.","Definition adapted from Wiktionary contributors, CC BY-SA 4.0: https://en.wiktionary.org/wiki/teruggaan#Dutch. Example: Slam4 (Dutch, https://tatoeba.org/en/sentences/show/11881550) and eastasiastudent (English, https://tatoeba.org/en/sentences/show/2367470); CC BY 2.0 FR.",B2;production,,,,irregular,true,zijn,teruggegaan,,,,false
terugkrijgen,"to get back, recover",B2,verb,Actions and processes,Je kan het niet terugkrijgen.,You can't have it back.,"Definition adapted from Wiktionary contributors, CC BY-SA 4.0: https://en.wiktionary.org/wiki/terugkrijgen#Dutch. Example: CaspieChi (Dutch, https://tatoeba.org/en/sentences/show/12635068) and CK (English, https://tatoeba.org/en/sentences/show/1951816); CC BY 2.0 FR.",B2;production,,,,irregular,true,hebben,teruggekregen,,,,false
tolereren,to tolerate,B2,verb,Actions and processes,Dat is het enige wat ik niet zal tolereren.,That's the one thing I won't tolerate.,"Definition adapted from Wiktionary contributors, CC BY-SA 4.0: https://en.wiktionary.org/wiki/tolereren#Dutch. Example: megamanenm (Dutch, https://tatoeba.org/en/sentences/show/10793658) and megamanenm (English, https://tatoeba.org/en/sentences/show/10793649); CC BY 2.0 FR.",B2;production,,,,regular,false,hebben,getolereerd,,,,false
trakteren,to treat,B2,verb,Actions and processes,"Maak je geen zorgen om de prijs, ik trakteer.","Don't worry about the price, it's my treat.","Definition adapted from Wiktionary contributors, CC BY-SA 4.0: https://en.wiktionary.org/wiki/trakteren#Dutch. Example from the same Wiktionary entry (CC BY-SA 4.0).",B2;production,,,,regular,false,hebben,getrakteerd,,,,false
trillen,"to tremble, to twitch",B2,verb,Actions and processes,De grond begon te trillen toen de olifanten de gewassen begonnen te vertrappen.,The ground began to tremble as the elephants started trampling the crops.,"Definition adapted from Wiktionary contributors, CC BY-SA 4.0: https://en.wiktionary.org/wiki/trillen#Dutch. Example: kiryopi (Dutch, https://tatoeba.org/en/sentences/show/13724636) and kiryopi (English, https://tatoeba.org/en/sentences/show/13724633); CC BY 2.0 FR.",B2;production,,,,regular,false,hebben,getrild,,,,false
uitdagen,to challenge,B2,verb,Actions and processes,Ik wil je theorie niet uitdagen.,I don't mean to challenge your theory.,"Definition adapted from Wiktionary contributors, CC BY-SA 4.0: https://en.wiktionary.org/wiki/uitdagen#Dutch. Example: Mandalay (Dutch, https://tatoeba.org/en/sentences/show/6129753) and papabear (English, https://tatoeba.org/en/sentences/show/16865); CC BY 2.0 FR.",B2;production,,,,regular,true,hebben,uitgedaagd,,,,false
uitdelen,to hand out,B2,verb,Actions and processes,De vrijwilligers delen informatie aan de bezoekers uit.,The volunteers hand out information to the visitors.,,B2;production,,,,regular,true,hebben,uitgedeeld,,,,false
uitdrukken,to express,B2,verb,Actions and processes,Ik kan mezelf niet zo goed in het Engels uitdrukken.,I can't express myself in English very well.,"Definition adapted from Wiktionary contributors, CC BY-SA 4.0: https://en.wiktionary.org/wiki/uitdrukken#Dutch. Example: MarijnKp (Dutch, https://tatoeba.org/en/sentences/show/10040830) and CK (English, https://tatoeba.org/en/sentences/show/26373); CC BY 2.0 FR.",B2;production,,,,regular,true,hebben,uitgedrukt,,,,false
uitkiezen,to select,B2,verb,Actions and processes,We moeten nog een geschikte locatie uitkiezen voor het evenement.,We still need to pick a suitable location for the event.,"Definition adapted from Wiktionary contributors, CC BY-SA 4.0: https://en.wiktionary.org/wiki/uitkiezen#Dutch. Example from the same Wiktionary entry (CC BY-SA 4.0).",B2;production,,,,irregular,true,hebben,uitgekozen,,,,false
uitkijken,to watch out,B2,verb,Actions and processes,Je moet op dit gladde pad goed uitkijken.,You need to be careful on this slippery path.,,B2;production,,,,irregular,true,hebben,uitgekeken,,,,false
uitlaten,to walk an animal,B2,verb,Actions and processes,Ik laat de hond elke ochtend uit.,I walk the dog every morning.,Often reflexive: use the appropriate reflexive pronoun for the intended meaning.,B2;production,,,,irregular,true,hebben,uitgelaten,,,,false
uitpraten,"to finish talking, to say all one wishes to say",B2,verb,Actions and processes,Kun je me alsjeblieft een keer laten uitpraten?,Could you please let me finish for once?,"Definition adapted from Wiktionary contributors, CC BY-SA 4.0: https://en.wiktionary.org/wiki/uitpraten#Dutch. Example from the same Wiktionary entry (CC BY-SA 4.0).",B2;production,,,,regular,true,hebben,uitgepraat,,,,false
uitroeien,to eradicate,B2,verb,Actions and processes,Onderzoekers werken aan een manier om de ziekte uit te roeien.,Researchers are working on a way to eradicate the disease.,,B2;production,,,,regular,true,hebben,uitgeroeid,,,,false
uitstaan,"to endure, tolerate, stand",B2,verb,Actions and processes,Je weet dat ik haar niet kan uitstaan.,You know I can't stand her.,"Definition adapted from Wiktionary contributors, CC BY-SA 4.0: https://en.wiktionary.org/wiki/uitstaan#Dutch. Example: Raizin (Dutch, https://tatoeba.org/en/sentences/show/5340307) and Hybrid (English, https://tatoeba.org/en/sentences/show/5139641); CC BY 2.0 FR.",B2;production,,,,irregular,true,hebben,uitgestaan,,,,false
uitzien,"to seem, look like",B2,verb,Actions and processes,Ik wil er niet als een sulletje uitzien.,I don't want to look like a dork.,"Definition adapted from Wiktionary contributors, CC BY-SA 4.0: https://en.wiktionary.org/wiki/uitzien#Dutch. Example: doemaar14 (Dutch, https://tatoeba.org/en/sentences/show/11041449) and CM (English, https://tatoeba.org/en/sentences/show/3724473); CC BY 2.0 FR.",B2;production,,,,irregular,true,hebben,uitgezien,,,,false
updaten,to update,B2,verb,Actions and processes,Hoe kan ik deze software updaten?,How can I update this software?,,B2;production,,,,regular,false,hebben,geüpdatet,,,,false
vastzitten,to be stuck,B2,verb,Actions and processes,De sleutel zit vast in het slot.,The key is stuck in the lock.,,B2;production,,,,irregular,true,hebben,vastgezeten,,,,false
verantwoorden,to justify; to account for,B2,verb,Actions and processes,De manager moet de uitgaven verantwoorden.,The manager has to account for the expenditure.,,B2;production,,,,regular,false,hebben,verantwoord,,,,false
verbannen,"to banish, exile",B2,verb,Actions and processes,De misdadiger werd naar het buitenland verbannen.,The criminal was sent into exile.,"Definition adapted from Wiktionary contributors, CC BY-SA 4.0: https://en.wiktionary.org/wiki/verbannen#Dutch. Example: Dorenda (Dutch, https://tatoeba.org/en/sentences/show/629655) and shekitten (English, https://tatoeba.org/en/sentences/show/282800); CC BY 2.0 FR.",B2;production,,,,regular,false,hebben,verbannen,,,,false
verbranden,"to burn, consume/kill in fire",B2,verb,Actions and processes,"Als ik jullie was, zou ik ze verbranden.","If I were you, I would burn them.","Definition adapted from Wiktionary contributors, CC BY-SA 4.0: https://en.wiktionary.org/wiki/verbranden#Dutch. Example: Nylez (Dutch, https://tatoeba.org/en/sentences/show/9395293) and Atervanda (English, https://tatoeba.org/en/sentences/show/9964579); CC BY 2.0 FR.",B2;production,,,,regular,false,hebben / zijn,verbrand,,,,false
verdrijven,to drive away; to dispel,B2,verb,Actions and processes,De ventilator verdrijft de warme lucht.,The fan drives away the warm air.,,B2;production,,,,irregular,false,hebben,verdreven,,,,false
verdubbelen,to double,B2,verb,Actions and processes,Het bedrijf heeft zijn omzet verdubbeld.,The company has doubled its turnover.,,B2;production,,,,regular,false,hebben / zijn,verdubbeld,,,,false
verenigen,to unite,B2,verb,Actions and processes,Ze hebben ook geholpen het land te verenigen.,They also helped unite the country.,"Definition adapted from Wiktionary contributors, CC BY-SA 4.0: https://en.wiktionary.org/wiki/verenigen#Dutch. Example: MarijnKp (Dutch, https://tatoeba.org/en/sentences/show/7499368) and Source_VOA (English, https://tatoeba.org/en/sentences/show/802359); CC BY 2.0 FR.",B2;production,,,,regular,false,hebben,verenigd,,,,false
vergemakkelijken,"to simplify, facilitate",B2,verb,Actions and processes,Het is Sami's verantwoordelijkheid om het onderzoek te vergemakkelijken.,Sami's responsibility is to facilitate the investigation.,"Definition adapted from Wiktionary contributors, CC BY-SA 4.0: https://en.wiktionary.org/wiki/vergemakkelijken#Dutch. Example: MarijnKp (Dutch, https://tatoeba.org/en/sentences/show/8644793) and OsoHombre (English, https://tatoeba.org/en/sentences/show/6445179); CC BY 2.0 FR.",B2;production,,,,regular,false,hebben,vergemakkelijkt,,,,false
verheugen,"to rejoice, be glad",B2,verb,Actions and processes,We zijn verheugd om Tom terug te hebben.,We're glad to have Tom back.,"Often reflexive: use the appropriate reflexive pronoun for the intended meaning. Definition adapted from Wiktionary contributors, CC BY-SA 4.0: https://en.wiktionary.org/wiki/verheugen#Dutch. Example: LinguisticFusion (Dutch, https://tatoeba.org/en/sentences/show/5695262) and CK (English, https://tatoeba.org/en/sentences/show/5441780); CC BY 2.0 FR.",B2;production,,,,regular,false,hebben,verheugd,,,,false
verklappen,"to give away, reveal",B2,verb,Actions and processes,Ze hebben het slot verklapt.,They gave away the ending.,"Definition adapted from Wiktionary contributors, CC BY-SA 4.0: https://en.wiktionary.org/wiki/verklappen#Dutch. Example: Mikedebie (Dutch, https://tatoeba.org/en/sentences/show/4811048) and raggione (English, https://tatoeba.org/en/sentences/show/4807113); CC BY 2.0 FR.",B2;production,,,,regular,false,hebben,verklapt,,,,false
verkrachten,to rape,B2,verb,Actions and processes,Het artikel gaat over steun aan mensen die zijn verkracht.,The article concerns support for people who have been raped.,,B2;production,,,,regular,false,hebben,verkracht,,,,false
vermoorden,to murder,B2,verb,Actions and processes,Ze probeerde hem te vermoorden.,She tried to murder him.,"Definition adapted from Wiktionary contributors, CC BY-SA 4.0: https://en.wiktionary.org/wiki/vermoorden#Dutch. Example: MarijnKp (Dutch, https://tatoeba.org/en/sentences/show/9589711) and CH (English, https://tatoeba.org/en/sentences/show/8521297); CC BY 2.0 FR.",B2;production,,,,regular,false,hebben,vermoord,,,,false
vernederen,"to humiliate, humble",B2,verb,Actions and processes,Ben je gekomen om mij te vernederen?,Have you come to humiliate me?,"Often reflexive: use the appropriate reflexive pronoun for the intended meaning. Definition adapted from Wiktionary contributors, CC BY-SA 4.0: https://en.wiktionary.org/wiki/vernederen#Dutch. Example: megamanenm (Dutch, https://tatoeba.org/en/sentences/show/10773128) and megamanenm (English, https://tatoeba.org/en/sentences/show/10773126); CC BY 2.0 FR.",B2;production,,,,regular,false,hebben,vernederd,,,,false
vernietigen,to destroy,B2,verb,Actions and processes,Vernietig documenten met vertrouwelijke gegevens zorgvuldig.,Destroy documents containing confidential information carefully.,,B2;production,,,,regular,false,hebben,vernietigd,,,,false
vernieuwen,to renew,B2,verb,Actions and processes,Ik moet mijn paspoort vernieuwen.,I need to renew my passport.,"Definition adapted from Wiktionary contributors, CC BY-SA 4.0: https://en.wiktionary.org/wiki/vernieuwen#Dutch. Example: MarijnKp (Dutch, https://tatoeba.org/en/sentences/show/12967038) and CK (English, https://tatoeba.org/en/sentences/show/444046); CC BY 2.0 FR.",B2;production,,,,regular,false,hebben,vernieuwd,,,,false
veroveren,to conquer,B2,verb,Actions and processes,Ik probeer haar hart te veroveren.,I'm trying to conquer her heart.,"Definition adapted from Wiktionary contributors, CC BY-SA 4.0: https://en.wiktionary.org/wiki/veroveren#Dutch. Example: Elsofie (Dutch, https://tatoeba.org/en/sentences/show/8221867) and carlosalberto (English, https://tatoeba.org/en/sentences/show/6465418); CC BY 2.0 FR.",B2;production,,,,regular,false,hebben,veroverd,,,,false
verpesten,"to spoil, ruin",B2,verb,Actions and processes,Ik wil de verrassing niet verpesten.,I wouldn't want to spoil the surprise.,"Definition adapted from Wiktionary contributors, CC BY-SA 4.0: https://en.wiktionary.org/wiki/verpesten#Dutch. Example: Jann (Dutch, https://tatoeba.org/en/sentences/show/13817866) and CK (English, https://tatoeba.org/en/sentences/show/2033717); CC BY 2.0 FR.",B2;production,,,,regular,false,hebben,verpest,,,,false
verraden,to betray; to reveal,B2,verb,Actions and processes,Je stem verraadt dat je zenuwachtig bent.,Your voice reveals that you are nervous.,,B2;production,,,,irregular,false,hebben,verraden,,,,false
verschaffen,to provide,B2,verb,Actions and processes,De website verschaft duidelijke informatie over de procedure.,The website provides clear information about the procedure.,,B2;production,,,,regular,false,hebben,verschaft,,,,false
versieren,to decorate,B2,verb,Actions and processes,Hoelang hebben jullie erover gedaan om jullie kerstboom te versieren?,How long did it take you to decorate your Christmas tree?,"Definition adapted from Wiktionary contributors, CC BY-SA 4.0: https://en.wiktionary.org/wiki/versieren#Dutch. Example: Micsmithel (Dutch, https://tatoeba.org/en/sentences/show/9526711) and CK (English, https://tatoeba.org/en/sentences/show/7653901); CC BY 2.0 FR.",B2;production,,,,regular,false,hebben,versierd,,,,false
verstaan,"to understand, to hear clearly",B2,verb,Actions and processes,Ik kan je niet verstaan. Het is hier zo luidruchtig!,I can't understand you. It's so loud here!,"Definition adapted from Wiktionary contributors, CC BY-SA 4.0: https://en.wiktionary.org/wiki/verstaan#Dutch. Example: doemaar14 (Dutch, https://tatoeba.org/en/sentences/show/13633739) and araneo (English, https://tatoeba.org/en/sentences/show/12995082); CC BY 2.0 FR.",B2;production,,,,irregular,false,hebben,verstaan,,,,false
verstoppen,"to hide, conceal. Also reflexive",B2,verb,Actions and processes,We moeten een plek vinden om dit geld te verstoppen.,We need to find a place to hide this money.,"Definition adapted from Wiktionary contributors, CC BY-SA 4.0: https://en.wiktionary.org/wiki/verstoppen#Dutch. Example: Dozyjones (Dutch, https://tatoeba.org/en/sentences/show/13204169) and CK (English, https://tatoeba.org/en/sentences/show/13148509); CC BY 2.0 FR.",B2;production,,,,regular,false,hebben,verstopt,,,,false
versturen,to send; to dispatch,B2,verb,Actions and processes,Zelfs mijn oma kan een sms'je versturen.,Even my grandma can send an SMS.,"Definition adapted from Wiktionary contributors, CC BY-SA 4.0: https://en.wiktionary.org/wiki/versturen#Dutch. Example: Elsofie (Dutch, https://tatoeba.org/en/sentences/show/8372029) and Scott (English, https://tatoeba.org/en/sentences/show/943807); CC BY 2.0 FR.",B2;production,,,,regular,false,hebben,verstuurd,,,,false
vertegenwoordigen,to represent,B2,verb,Actions and processes,Maria werd door de tweederdemeerderheid gekozen om ons land te vertegenwoordigen.,Mary was elected by two-thirds majority to represent our country.,"Definition adapted from Wiktionary contributors, CC BY-SA 4.0: https://en.wiktionary.org/wiki/vertegenwoordigen#Dutch. Example: PaulP (Dutch, https://tatoeba.org/en/sentences/show/8829149) and shekitten (English, https://tatoeba.org/en/sentences/show/8829333); CC BY 2.0 FR.",B2;production,,,,regular,false,hebben,vertegenwoordigd,,,,false
verven,to paint,B2,verb,Actions and processes,Hoelang zou je erover doen om mijn garage te verven?,How long would it take you to paint my garage?,"Definition adapted from Wiktionary contributors, CC BY-SA 4.0: https://en.wiktionary.org/wiki/verven#Dutch. Example: Raizin (Dutch, https://tatoeba.org/en/sentences/show/4516630) and CK (English, https://tatoeba.org/en/sentences/show/3122251); CC BY 2.0 FR.",B2;production,,,,regular,false,hebben,geverfd,,,,false
vervolgen,"to continue, carry on",B2,verb,Actions and processes,Laat ons vervolgen waar we waren gebleven.,Let us carry on from where we left off.,"Definition adapted from Wiktionary contributors, CC BY-SA 4.0: https://en.wiktionary.org/wiki/vervolgen#Dutch. Example from the same Wiktionary entry (CC BY-SA 4.0).",B2;production,,,,regular,false,hebben,vervolgd,,,,false
verwarmen,"to heat, warm",B2,verb,Actions and processes,Zonlicht kan water verwarmen.,Sunlight can heat water.,"Definition adapted from Wiktionary contributors, CC BY-SA 4.0: https://en.wiktionary.org/wiki/verwarmen#Dutch. Example: MarijnKp (Dutch, https://tatoeba.org/en/sentences/show/8976091) and shekitten (English, https://tatoeba.org/en/sentences/show/7962427); CC BY 2.0 FR.",B2;production,,,,regular,false,hebben,verwarmd,,,,false
verwennen,"to spoil, to be extra nice to",B2,verb,Actions and processes,Mag ik je hond verwennen?,Can I spoil your dog?,"Definition adapted from Wiktionary contributors, CC BY-SA 4.0: https://en.wiktionary.org/wiki/verwennen#Dutch. Example: MarijnKp (Dutch, https://tatoeba.org/en/sentences/show/12967456) and Miktsoanit (English, https://tatoeba.org/en/sentences/show/12268556); CC BY 2.0 FR.",B2;production,,,,regular,false,hebben,verwend,,,,false
verwoorden,"to word, to express in words, to formulate",B2,verb,Actions and processes,"De zin klopt, maar ik zou het anders verwoorden.","The sentence is correct, however, I would word it differently.","Definition adapted from Wiktionary contributors, CC BY-SA 4.0: https://en.wiktionary.org/wiki/verwoorden#Dutch. Example: Citrine (Dutch, https://tatoeba.org/en/sentences/show/3037108) and Dejo (English, https://tatoeba.org/en/sentences/show/3022076); CC BY 2.0 FR.",B2;production,,,,regular,false,hebben,verwoord,,,,false
vissen,to fish,B2,verb,Actions and processes,Zij gaan elke zondag in het meer vissen.,They go fishing in the lake every Sunday.,,B2;production,,,,regular,false,hebben,gevist,,,,false
voeden,to feed,B2,verb,Actions and processes,Er ligt hier genoeg om het hele gezin te voeden.,There is enough here to feed the whole family.,"Definition adapted from Wiktionary contributors, CC BY-SA 4.0: https://en.wiktionary.org/wiki/voeden#Dutch. Example: Slam4 (Dutch, https://tatoeba.org/en/sentences/show/12382835) and CK (English, https://tatoeba.org/en/sentences/show/61787); CC BY 2.0 FR.",B2;production,,,,regular,false,hebben,gevoed,,,,false
voeren,to feed,B2,verb,Actions and processes,Wat ben je van plan de hond te voeren?,What do you plan to feed the dog?,"Definition adapted from Wiktionary contributors, CC BY-SA 4.0: https://en.wiktionary.org/wiki/voeren#Dutch. Example: Slam4 (Dutch, https://tatoeba.org/en/sentences/show/12142220) and Amastan (English, https://tatoeba.org/en/sentences/show/8403648); CC BY 2.0 FR.",B2;production,,,,regular,false,hebben,gevoerd,,,,false
volbrengen,to accomplish,B2,verb,Actions and processes,Sami ging naar Saoedi-Arabië om de heilige moslimbedevaart te volbrengen.,Sami went to Saudi Arabia to accomplish the holy Muslim pilgrimage.,"Definition adapted from Wiktionary contributors, CC BY-SA 4.0: https://en.wiktionary.org/wiki/volbrengen#Dutch. Example: MarijnKp (Dutch, https://tatoeba.org/en/sentences/show/7318567) and OsoHombre (English, https://tatoeba.org/en/sentences/show/6447773); CC BY 2.0 FR.",B2;production,,,,irregular,false,hebben,volbracht,,,,false
voordoen,to occur,B2,verb,Actions and processes,Aardbevingen kunnen zich op elk moment voordoen.,Earthquakes may occur at any moment.,"Often reflexive: use the appropriate reflexive pronoun for the intended meaning. Definition adapted from Wiktionary contributors, CC BY-SA 4.0: https://en.wiktionary.org/wiki/voordoen#Dutch. Example: LaraCroft (Dutch, https://tatoeba.org/en/sentences/show/702551) and CK (English, https://tatoeba.org/en/sentences/show/277182); CC BY 2.0 FR.",B2;production,,,,irregular,true,hebben,voorgedaan,,,,false
vrijen,to make love,B2,verb,Actions and processes,Het stel vindt privacy belangrijk wanneer ze vrijen.,The couple value privacy when they make love.,,B2;production,,,,irregular,false,hebben,gevreeën / gevrijd,,,,false
vrijlaten,to release,B2,verb,Actions and processes,"Ze hebben de dieren gevangen, onderzocht en vervolgens vrijgelaten in hun natuurlijke habitat.","They captured the animals, examined them, and then released them into their natural habitat.","Definition adapted from Wiktionary contributors, CC BY-SA 4.0: https://en.wiktionary.org/wiki/vrijlaten#Dutch. Example from the same Wiktionary entry (CC BY-SA 4.0).",B2;production,,,,irregular,true,hebben,vrijgelaten,,,,false
waarnemen,"to perceive, to observe, to notice, to sense",B2,verb,Actions and processes,Er zijn lichtgolflengten die het menselijk oog niet kan waarnemen.,There are wavelengths of light that the human eye cannot perceive.,"Definition adapted from Wiktionary contributors, CC BY-SA 4.0: https://en.wiktionary.org/wiki/waarnemen#Dutch. Example: doemaar14 (Dutch, https://tatoeba.org/en/sentences/show/10336252) and darinmex (English, https://tatoeba.org/en/sentences/show/718488); CC BY 2.0 FR.",B2;production,,,,irregular,true,hebben,waargenomen,,,,false
warmen,to warm,B2,verb,Actions and processes,We warmen onze handen aan het vuur.,We warm our hands by the fire.,Often reflexive: use the appropriate reflexive pronoun for the intended meaning.,B2;production,,,,regular,false,hebben,gewarmd,,,,false
wedden,"to wager, to bet, to accept a gamble",B2,verb,Actions and processes,Ik durf te wedden dat er niets gaat gebeuren.,I bet nothing'll happen.,"Definition adapted from Wiktionary contributors, CC BY-SA 4.0: https://en.wiktionary.org/wiki/wedden#Dutch. Example: megamanenm (Dutch, https://tatoeba.org/en/sentences/show/11555984) and CK (English, https://tatoeba.org/en/sentences/show/9783992); CC BY 2.0 FR.",B2;production,,,,regular,false,hebben,gewed,,,,false
weerzien,to see again,B2,verb,Actions and processes,Tom wil Maria nooit meer weerzien.,Tom doesn't ever want to see Mary again.,"Definition adapted from Wiktionary contributors, CC BY-SA 4.0: https://en.wiktionary.org/wiki/weerzien#Dutch. Example: PaulP (Dutch, https://tatoeba.org/en/sentences/show/5247602) and CK (English, https://tatoeba.org/en/sentences/show/1029198); CC BY 2.0 FR.",B2;production,,,,irregular,true,hebben,weergezien,,,,false
weggeven,"to give away, to offer as a gift",B2,verb,Actions and processes,Ik kan niet geloven dat je al je geld gaat weggeven.,I can't believe you're going to give away all your money.,"Definition adapted from Wiktionary contributors, CC BY-SA 4.0: https://en.wiktionary.org/wiki/weggeven#Dutch. Example: Vulgaris (Dutch, https://tatoeba.org/en/sentences/show/1383704) and CK (English, https://tatoeba.org/en/sentences/show/953380); CC BY 2.0 FR.",B2;production,,,,irregular,true,hebben,weggegeven,,,,false
weglopen,to walk away; to run away,B2,verb,Actions and processes,Loop niet weg voordat het gesprek klaar is.,Do not walk away before the conversation is over.,,B2;production,,,,irregular,true,hebben,weggelopen,,,,false
wekken,"to wake, to wake up",B2,verb,Actions and processes,Tom vroeg gewekt te worden.,Tom asked for a wake-up call.,"Definition adapted from Wiktionary contributors, CC BY-SA 4.0: https://en.wiktionary.org/wiki/wekken#Dutch. Example: Elsofie (Dutch, https://tatoeba.org/en/sentences/show/8606047) and CK (English, https://tatoeba.org/en/sentences/show/1095894); CC BY 2.0 FR.",B2;production,,,,regular,false,hebben,gewekt,,,,false
wenden,"to direct oneself, turn",B2,verb,Actions and processes,Tom heeft niemand tot wie hij zich kan wenden voor hulp.,Tom has no one to turn to for help.,"Definition adapted from Wiktionary contributors, CC BY-SA 4.0: https://en.wiktionary.org/wiki/wenden#Dutch. Example: Elsofie (Dutch, https://tatoeba.org/en/sentences/show/8013645) and CK (English, https://tatoeba.org/en/sentences/show/1025328); CC BY 2.0 FR.",B2;production,,,,regular,false,hebben,gewend,,,,false
werpen,to throw,B2,verb,Actions and processes,"Wie in een glazen huis woont, moet niet met stenen werpen.",People who live in glass houses shouldn't throw stones.,"Definition adapted from Wiktionary contributors, CC BY-SA 4.0: https://en.wiktionary.org/wiki/werpen#Dutch. Example: PaulP (Dutch, https://tatoeba.org/en/sentences/show/4274427) and Zifre (English, https://tatoeba.org/en/sentences/show/51870); CC BY 2.0 FR.",B2;production,,,,irregular,false,hebben,geworpen,,,,false
wijden,to devote,B2,verb,Actions and processes,Zij wil haar tijd aan dit onderzoek wijden.,She wants to devote her time to this research.,,B2;production,,,,regular,false,hebben,gewijd,,,,false
wrijven,to rub,B2,verb,Actions and processes,Tom hoefde het niet in te wrijven.,Tom didn't have to rub it in.,"Definition adapted from Wiktionary contributors, CC BY-SA 4.0: https://en.wiktionary.org/wiki/wrijven#Dutch. Example: MarijnKp (Dutch, https://tatoeba.org/en/sentences/show/12966111) and CK (English, https://tatoeba.org/en/sentences/show/1094751); CC BY 2.0 FR.",B2;production,,,,irregular,false,hebben,gewreven,,,,false
zeilen,to sail,B2,verb,Actions and processes,Ik zou graag rond de wereld zeilen.,I'd like to sail around the world.,"Definition adapted from Wiktionary contributors, CC BY-SA 4.0: https://en.wiktionary.org/wiki/zeilen#Dutch. Example: martinod (Dutch, https://tatoeba.org/en/sentences/show/778898) and CK (English, https://tatoeba.org/en/sentences/show/273400); CC BY 2.0 FR.",B2;production,,,,regular,false,hebben,gezeild,,,,false
zeuren,"to whine, to complain in an unpleasant manner",B2,verb,Actions and processes,Waarom moet ze altijd over alles zeuren? Ik word er gek van.,Why does she always complain about everything? It drives me crazy.,"Definition adapted from Wiktionary contributors, CC BY-SA 4.0: https://en.wiktionary.org/wiki/zeuren#Dutch. Example: megamanenm (Dutch, https://tatoeba.org/en/sentences/show/10818051) and megamanenm (English, https://tatoeba.org/en/sentences/show/10818050); CC BY 2.0 FR.",B2;production,,,,regular,false,hebben,gezeurd,,,,false
zuigen,to suck,B2,verb,Actions and processes,De afzuigkap zuigt de kooklucht weg.,The extractor hood sucks away the cooking smells.,,B2;production,,,,irregular,false,hebben,gezogen,,,,false
zuiveren,"to cleanse, purify",B2,verb,Actions and processes,Jodium wordt gebruikt om water te zuiveren.,Iodine is used to purify water.,"Definition adapted from Wiktionary contributors, CC BY-SA 4.0: https://en.wiktionary.org/wiki/zuiveren#Dutch. Example: PaulP (Dutch, https://tatoeba.org/en/sentences/show/13121384) and orcrist (English, https://tatoeba.org/en/sentences/show/2354292); CC BY 2.0 FR.",B2;production,,,,regular,false,hebben,gezuiverd,,,,false
zweren,"to swear, pledge, declare under oath",B2,verb,Actions and processes,Verkozenen zweren trouw aan de Koning en de grondwet.,Elected officials swear loyalty to the King and the constitution.,"Definition adapted from Wiktionary contributors, CC BY-SA 4.0: https://en.wiktionary.org/wiki/zweren#Dutch. Example from the same Wiktionary entry (CC BY-SA 4.0).",B2;production,,,,irregular,false,hebben,gezworen,,,,false
aan de orde stellen,to raise an issue,B2,expression,Argumentation and nuanced communication,Ik wil dit probleem aan de orde stellen.,I want to raise this issue.,,B2;production,,,,,,,,,,,false
aan het licht komen,to come to light,B2,expression,Argumentation and nuanced communication,Tijdens het onderzoek kwamen fouten aan het licht.,Errors came to light during the investigation.,,B2;production,,,,,,,,,,,false
aanspraak maken op,to claim entitlement to,B2,expression,Argumentation and nuanced communication,Kunt u aanspraak maken op een vergoeding?,Are you entitled to compensation?,,B2;production,,,,,,,,,,,false
afgezien van,apart from,B2,expression,Argumentation and nuanced communication,Afgezien van de prijs bevalt het voorstel me.,"Apart from the price, I like the proposal.",,B2;production,,,,,,,,,,,false
al met al,all in all,B2,expression,Argumentation and nuanced communication,Al met al was het een geslaagd project.,"All in all, it was a successful project.",,B2;production,,,,,,,,,,,false
alles bij elkaar,all things considered; altogether,B2,expression,Argumentation and nuanced communication,Alles bij elkaar kost het te veel tijd.,"Altogether, it takes too much time.",,B2;production,,,,,,,,,,,false
de balans opmaken,to take stock,B2,expression,Argumentation and nuanced communication,Aan het einde van het jaar maken we de balans op.,At the end of the year we take stock.,,B2;production,,,,,,,,,,,false
beroep aantekenen,to lodge an appeal,B2,expression,Argumentation and nuanced communication,U kunt tegen dit besluit beroep aantekenen.,You can appeal against this decision.,,B2;production,,,,,,,,,,,false
bezwaar maken,to object,B2,expression,Argumentation and nuanced communication,De bewoners maken bezwaar tegen de plannen.,The residents object to the plans.,,B2;production,,,,,,,,,,,false
bijdragen aan,to contribute to,B2,expression,Argumentation and nuanced communication,Deze maatregelen dragen bij aan een betere luchtkwaliteit.,These measures contribute to better air quality.,,B2;production,,,,,,,,,,,false
buiten beschouwing laten,to leave out of consideration,B2,expression,Argumentation and nuanced communication,We laten kleine verschillen buiten beschouwing.,We leave small differences out of consideration.,,B2;production,,,,,,,,,,,false
des te meer,all the more,B2,expression,Argumentation and nuanced communication,Dat is des te meer reden om door te gaan.,That is all the more reason to continue.,,B2;production,,,,,,,,,,,false
door de mand vallen,to be exposed,B2,expression,Argumentation and nuanced communication,Zijn verhaal klopte niet en hij viel door de mand.,His story did not add up and he was exposed.,,B2;production,,,,,,,,,,,false
de doorslag geven,to be decisive; to tip the balance,B2,expression,Argumentation and nuanced communication,Uiteindelijk gaf de locatie de doorslag.,"In the end, the location was the deciding factor.",,B2;production,,,,,,,,,,,false
een afweging maken,to weigh up options,B2,expression,Argumentation and nuanced communication,We moeten een afweging tussen kosten en kwaliteit maken.,We must weigh up cost against quality.,,B2;production,,,,,,,,,,,false
een beroep doen op,to call on; to appeal to,B2,expression,Argumentation and nuanced communication,We doen een beroep op je ervaring.,We are calling on your experience.,,B2;production,,,,,,,,,,,false
een blinde vlek,a blind spot,B2,expression,Argumentation and nuanced communication,Iedereen heeft wel een blinde vlek.,Everyone has a blind spot.,,B2;production,,,,,,,,,,,false
een conclusie trekken uit,to draw a conclusion from,B2,expression,Argumentation and nuanced communication,Je kunt daar niet zomaar een conclusie uit trekken.,You cannot simply draw a conclusion from that.,,B2;production,,,,,,,,,,,false
een kanttekening plaatsen,to add a qualification,B2,expression,Argumentation and nuanced communication,Ik wil bij die conclusie een kanttekening plaatsen.,I would like to qualify that conclusion.,,B2;production,,,,,,,,,,,false
een standpunt innemen,to take a position,B2,expression,Argumentation and nuanced communication,De commissie neemt hierover een duidelijk standpunt in.,The committee takes a clear position on this.,,B2;production,,,,,,,,,,,false
een stap terug doen,to take a step back,B2,expression,Argumentation and nuanced communication,Laten we een stap terug doen en opnieuw kijken.,Let us take a step back and look again.,,B2;production,,,,,,,,,,,false
een stok achter de deur,an incentive to keep going,B2,expression,Argumentation and nuanced communication,Een vaste deadline is een goede stok achter de deur.,A fixed deadline is a good incentive to keep going.,,B2;production,,,,,,,,,,,false
een voorbehoud maken,to express a reservation,B2,expression,Argumentation and nuanced communication,Bij deze cijfers moeten we een voorbehoud maken.,We need to express a reservation about these figures.,,B2;production,,,,,,,,,,,false
enerzijds en anderzijds,on the one hand and on the other hand,B2,expression,Argumentation and nuanced communication,"Enerzijds is het duur, anderzijds gaat het lang mee.","On the one hand it is expensive; on the other, it lasts a long time.",,B2;production,,,,,,,,,,,false
de handen ineenslaan,to join forces,B2,expression,Argumentation and nuanced communication,De scholen slaan de handen ineen.,The schools are joining forces.,,B2;production,,,,,,,,,,,false
hoe dan ook,in any event,B2,expression,Argumentation and nuanced communication,Hoe dan ook moeten we een beslissing nemen.,"In any event, we need to make a decision.",,B2;production,,,,,,,,,,,false
iets over het hoofd zien,to overlook something,B2,expression,Argumentation and nuanced communication,Hebben we geen belangrijk detail over het hoofd gezien?,Have we overlooked an important detail?,,B2;production,,,,,,,,,,,false
iets voor lief nemen,to accept something as unavoidable,B2,expression,Argumentation and nuanced communication,We nemen het ongemak voorlopig voor lief.,We accept the inconvenience for now.,,B2;production,,,,,,,,,,,false
in aanmerking nemen,to take into consideration,B2,expression,Argumentation and nuanced communication,We nemen alle omstandigheden in aanmerking.,We take all circumstances into consideration.,,B2;production,,,,,,,,,,,false
in aanvulling op,in addition to,B2,expression,Argumentation and nuanced communication,In aanvulling op de brief stuur ik een overzicht.,"In addition to the letter, I am sending an overview.",,B2;production,,,,,,,,,,,false
in beginsel,in principle,B2,expression,Argumentation and nuanced communication,In beginsel kan iedereen deelnemen.,"In principle, everyone can participate.",,B2;production,,,,,,,,,,,false
in de praktijk,in practice,B2,expression,Argumentation and nuanced communication,In de praktijk werkt het anders.,"In practice, it works differently.",,B2;production,,,,,,,,,,,false
in het gedrang komen,to be put at risk,B2,expression,Argumentation and nuanced communication,Door de haast komt de kwaliteit in het gedrang.,The rush puts quality at risk.,,B2;production,,,,,,,,,,,false
in het licht van,in light of,B2,expression,Argumentation and nuanced communication,In het licht van de nieuwe informatie passen we het plan aan.,In light of the new information we are adjusting the plan.,,B2;production,,,,,,,,,,,false
in het midden laten,to leave undecided,B2,expression,Argumentation and nuanced communication,"Wie er gelijk heeft, laten we in het midden.",We leave open the question of who is right.,,B2;production,,,,,,,,,,,false
in hoeverre,to what extent,B2,expression,Argumentation and nuanced communication,In hoeverre kunnen we de resultaten vergelijken?,To what extent can we compare the results?,,B2;production,,,,,,,,,,,false
in principe,in principle,B2,expression,Argumentation and nuanced communication,Ik ben in principe bereid om te helpen.,"In principle, I am willing to help.",,B2;production,,,,,,,,,,,false
in stand houden,to maintain; to preserve,B2,expression,Argumentation and nuanced communication,We willen deze voorziening in stand houden.,We want to preserve this facility.,,B2;production,,,,,,,,,,,false
in tegenstelling tot,in contrast to,B2,expression,Argumentation and nuanced communication,In tegenstelling tot vorig jaar maken we nu winst.,"Unlike last year, we are now making a profit.",,B2;production,,,,,,,,,,,false
in theorie,in theory,B2,expression,Argumentation and nuanced communication,In theorie is dit mogelijk.,"In theory, this is possible.",,B2;production,,,,,,,,,,,false
in twijfel trekken,to cast doubt on,B2,expression,Argumentation and nuanced communication,Niemand trekt haar deskundigheid in twijfel.,Nobody doubts her expertise.,,B2;production,,,,,,,,,,,false
in verhouding staan tot,to be proportionate to,B2,expression,Argumentation and nuanced communication,De vergoeding staat niet in verhouding tot het werk.,The payment is not proportionate to the work.,,B2;production,,,,,,,,,,,false
in werking treden,to come into effect,B2,expression,Argumentation and nuanced communication,De nieuwe regeling treedt volgende maand in werking.,The new scheme comes into effect next month.,,B2;production,,,,,,,,,,,false
in zekere zin,in a sense,B2,expression,Argumentation and nuanced communication,In zekere zin is dit een nieuw begin.,"In a sense, this is a new beginning.",,B2;production,,,,,,,,,,,false
instemmen met,to agree to,B2,expression,Argumentation and nuanced communication,De leden stemmen in met het voorstel.,The members agree to the proposal.,,B2;production,,,,,,,,,,,false
de knoop doorhakken,to make the final decision,B2,expression,Argumentation and nuanced communication,Het is tijd om de knoop door te hakken.,It is time to make the final decision.,,B2;production,,,,,,,,,,,false
de koe bij de horens vatten,to tackle a problem directly,B2,expression,Argumentation and nuanced communication,We moeten nu de koe bij de horens vatten.,We need to tackle the problem directly now.,,B2;production,,,,,,,,,,,false
kort gezegd,in short,B2,expression,Argumentation and nuanced communication,Kort gezegd hebben we meer mensen nodig.,"In short, we need more people.",,B2;production,,,,,,,,,,,false
laat staan,let alone,B2,expression,Argumentation and nuanced communication,"Ik heb geen tijd om te koken, laat staan om uitgebreid te eten.","I have no time to cook, let alone to have a long meal.",,B2;production,,,,,,,,,,,false
los van,regardless of; apart from,B2,expression,Argumentation and nuanced communication,Los van de kosten is dit een goed plan.,"Apart from the costs, this is a good plan.",,B2;production,,,,,,,,,,,false
met betrekking tot,with regard to,B2,expression,Argumentation and nuanced communication,Er zijn vragen met betrekking tot de uitvoering.,There are questions regarding implementation.,,B2;production,,,,,,,,,,,false
met het oog op,with a view to; considering,B2,expression,Argumentation and nuanced communication,Met het oog op de toekomst investeren we in opleiding.,"With the future in mind, we invest in training.",,B2;production,,,,,,,,,,,false
naar aanleiding van,in response to; following,B2,expression,Argumentation and nuanced communication,Naar aanleiding van uw klacht nemen we contact op.,We are contacting you in response to your complaint.,,B2;production,,,,,,,,,,,false
naar verhouding,relatively; proportionately,B2,expression,Argumentation and nuanced communication,De kosten zijn naar verhouding laag.,The costs are relatively low.,,B2;production,,,,,,,,,,,false
de nadruk leggen op,to place emphasis on,B2,expression,Argumentation and nuanced communication,Het rapport legt de nadruk op preventie.,The report places emphasis on prevention.,,B2;production,,,,,,,,,,,false
neerkomen op,to amount to,B2,expression,Argumentation and nuanced communication,Dat komt neer op een verdubbeling van de kosten.,That amounts to doubling the costs.,,B2;production,,,,,,,,,,,false
niettemin,nevertheless,B2,adverb,Argumentation and nuanced communication,Het was moeilijk; niettemin hebben we het afgemaakt.,"It was difficult; nevertheless, we finished it.",,B2;production,,,,,,,,,,,false
om precies te zijn,to be precise,B2,expression,Argumentation and nuanced communication,"Het duurde drie weken, om precies te zijn.","It took three weeks, to be precise.",,B2;production,,,,,,,,,,,false
onder druk staan,to be under pressure,B2,expression,Argumentation and nuanced communication,Het team staat onder grote druk.,The team is under great pressure.,,B2;production,,,,,,,,,,,false
onder voorbehoud,subject to confirmation; provisionally,B2,expression,Argumentation and nuanced communication,Ik ga onder voorbehoud akkoord.,I agree provisionally.,,B2;production,,,,,,,,,,,false
onderscheid maken tussen,to distinguish between,B2,expression,Argumentation and nuanced communication,We maken onderscheid tussen feiten en meningen.,We distinguish between facts and opinions.,,B2;production,,,,,,,,,,,false
op de achtergrond raken,to fade into the background,B2,expression,Argumentation and nuanced communication,Door de discussie raakte het doel op de achtergrond.,The discussion caused the objective to fade into the background.,,B2;production,,,,,,,,,,,false
op de koop toe nemen,to accept as part of the deal,B2,expression,Argumentation and nuanced communication,De langere reistijd nemen we op de koop toe.,We accept the longer journey as part of the deal.,,B2;production,,,,,,,,,,,false
op grond van,on the basis of,B2,expression,Argumentation and nuanced communication,Op grond van deze gegevens nemen we een besluit.,We make a decision on the basis of these data.,,B2;production,,,,,,,,,,,false
op losse schroeven staan,to be uncertain; to be in jeopardy,B2,expression,Argumentation and nuanced communication,Door de kosten staat het hele plan op losse schroeven.,The costs have put the whole plan in jeopardy.,,B2;production,,,,,,,,,,,false
op termijn,in due course; eventually,B2,expression,Argumentation and nuanced communication,Op termijn willen we het team uitbreiden.,"In due course, we want to expand the team.",,B2;production,,,,,,,,,,,false
op zichzelf,in itself,B2,expression,Argumentation and nuanced communication,Het idee is op zichzelf goed.,The idea is good in itself.,,B2;production,,,,,,,,,,,false
op één lijn zitten,to be in agreement,B2,expression,Argumentation and nuanced communication,We zitten over de aanpak op één lijn.,We agree on the approach.,,B2;production,,,,,,,,,,,false
opwegen tegen,to outweigh; to balance,B2,expression,Argumentation and nuanced communication,De voordelen wegen op tegen de nadelen.,The advantages outweigh the disadvantages.,,B2;production,,,,,,,,,,,false
de plank misslaan,to get it wrong,B2,expression,Argumentation and nuanced communication,Met die inschatting hebben we de plank misgeslagen.,We got that assessment wrong.,,B2;production,,,,,,,,,,,false
het roer omgooien,to change direction completely,B2,expression,Argumentation and nuanced communication,Na tien jaar gooide ze het roer om.,After ten years she completely changed direction.,,B2;production,,,,,,,,,,,false
tegemoetkomen aan,to meet needs; to accommodate,B2,expression,Argumentation and nuanced communication,Het nieuwe rooster komt tegemoet aan onze wensen.,The new timetable meets our needs.,,B2;production,,,,,,,,,,,false
ten aanzien van,with respect to,B2,expression,Argumentation and nuanced communication,De regels ten aanzien van privacy zijn duidelijk.,The rules regarding privacy are clear.,,B2;production,,,,,,,,,,,false
ten koste gaan van,to be at the expense of,B2,expression,Argumentation and nuanced communication,De besparing mag niet ten koste gaan van de kwaliteit.,The saving must not come at the expense of quality.,,B2;production,,,,,,,,,,,false
ter beschikking stellen,to make available,B2,expression,Argumentation and nuanced communication,De gemeente stelt een ruimte ter beschikking.,The council makes a room available.,,B2;production,,,,,,,,,,,false
ter discussie stellen,to call into question,B2,expression,Argumentation and nuanced communication,De onderzoekers stellen deze aanname ter discussie.,The researchers call this assumption into question.,,B2;production,,,,,,,,,,,false
ter sprake brengen,to bring up,B2,expression,Argumentation and nuanced communication,Zij bracht de hoge kosten ter sprake.,She brought up the high costs.,,B2;production,,,,,,,,,,,false
toezicht houden op,to supervise; to oversee,B2,expression,Argumentation and nuanced communication,De gemeente houdt toezicht op de werkzaamheden.,The council oversees the work.,,B2;production,,,,,,,,,,,false
tot de conclusie komen,to reach the conclusion,B2,expression,Argumentation and nuanced communication,We komen tot de conclusie dat meer tijd nodig is.,We conclude that more time is needed.,,B2;production,,,,,,,,,,,false
tot op zekere hoogte,to a certain extent,B2,expression,Argumentation and nuanced communication,Ik ben het tot op zekere hoogte met je eens.,I agree with you to a certain extent.,,B2;production,,,,,,,,,,,false
tot stand brengen,to bring about,B2,expression,Argumentation and nuanced communication,Samen kunnen we verandering tot stand brengen.,Together we can bring about change.,,B2;production,,,,,,,,,,,false
tot stand komen,to come about,B2,expression,Argumentation and nuanced communication,Het akkoord kwam na lang overleg tot stand.,The agreement was reached after lengthy discussions.,,B2;production,,,,,,,,,,,false
tussen wal en schip vallen,to fall through the cracks,B2,expression,Argumentation and nuanced communication,Deze mensen mogen niet tussen wal en schip vallen.,These people must not fall through the cracks.,,B2;production,,,,,,,,,,,false
uitgaan van,to assume; to start from,B2,expression,Argumentation and nuanced communication,We gaan uit van een gelijk aantal deelnemers.,We assume there will be the same number of participants.,,B2;production,,,,,,,,,,,false
zich uitspreken over,to express one's view on,B2,expression,Argumentation and nuanced communication,De commissie spreekt zich morgen over het voorstel uit.,The committee will give its view on the proposal tomorrow.,,B2;production,,,,,,,,,,,false
uitvoering geven aan,to implement,B2,expression,Argumentation and nuanced communication,Het team geeft uitvoering aan het nieuwe beleid.,The team implements the new policy.,,B2;production,,,,,,,,,,,false
van kracht zijn,to be in force,B2,expression,Argumentation and nuanced communication,De oude regels zijn nog steeds van kracht.,The old rules are still in force.,,B2;production,,,,,,,,,,,false
van toepassing zijn,to apply; to be applicable,B2,expression,Argumentation and nuanced communication,Deze uitzondering is hier niet van toepassing.,This exception does not apply here.,,B2;production,,,,,,,,,,,false
verantwoordelijkheid nemen,to take responsibility,B2,expression,Argumentation and nuanced communication,Iedereen moet verantwoordelijkheid nemen voor zijn eigen keuzes.,Everyone must take responsibility for their own choices.,,B2;production,,,,,,,,,,,false
verantwoording afleggen,to account for one's actions,B2,expression,Argumentation and nuanced communication,Het bestuur legt verantwoording af aan de leden.,The board is accountable to the members.,,B2;production,,,,,,,,,,,false
verband houden met,to be related to,B2,expression,Argumentation and nuanced communication,De vertraging houdt verband met personeelstekorten.,The delay is related to staff shortages.,,B2;production,,,,,,,,,,,false
zich verhouden tot,to relate to; to compare with,B2,expression,Argumentation and nuanced communication,Hoe verhoudt dit plan zich tot ons beleid?,How does this plan relate to our policy?,,B2;production,,,,,,,,,,,false
de vinger op de zere plek leggen,to identify the real problem,B2,expression,Argumentation and nuanced communication,Met die vraag leg je de vinger op de zere plek.,That question identifies the real problem.,,B2;production,,,,,,,,,,,false
voet bij stuk houden,to stand one's ground,B2,expression,Argumentation and nuanced communication,Ondanks de kritiek hield ze voet bij stuk.,Despite the criticism she stood her ground.,,B2;production,,,,,,,,,,,false
voor zover,insofar as; as far as,B2,expression,Argumentation and nuanced communication,"Voor zover ik weet, is het plan nog niet goedgekeurd.","As far as I know, the plan has not been approved yet.",,B2;production,,,,,,,,,,,false
vooralsnog,for the time being,B2,adverb,Argumentation and nuanced communication,Vooralsnog verandert er niets.,"For the time being, nothing will change.",,B2;production,,,,,,,,,,,false
het voortouw nemen,to take the lead,B2,expression,Argumentation and nuanced communication,Onze afdeling neemt het voortouw.,Our department is taking the lead.,,B2;production,,,,,,,,,,,false
voortvloeien uit,to result from,B2,expression,Argumentation and nuanced communication,De extra kosten vloeien voort uit de vertraging.,The extra costs result from the delay.,,B2;production,,,,,,,,,,,false
water bij de wijn doen,to compromise,B2,expression,Argumentation and nuanced communication,Beide partijen moeten water bij de wijn doen.,Both parties need to compromise.,,B2;production,,,,,,,,,,,false
zonder meer,without doubt; unconditionally,B2,expression,Argumentation and nuanced communication,Ik kan daar niet zonder meer mee instemmen.,I cannot agree to that unconditionally.,,B2;production,,,,,,,,,,,false
artistiek,"artistic, relating to art",B2,adjective,Culture and communication,De lerares was jaloers op mijn artistieke vaardigheden.,The teacher was jealous of my art skills.,"Definition adapted from Wiktionary contributors, CC BY-SA 4.0: https://en.wiktionary.org/wiki/artistiek#Dutch. Example: meshbags (Dutch, https://tatoeba.org/en/sentences/show/8229376) and OsoHombre (English, https://tatoeba.org/en/sentences/show/7070699); CC BY 2.0 FR.",B2;production,,,,,,,,artistieke,artistieker,artistiekst,false
beschaving,civilization,B2,noun,Culture and communication,De beschaving bloeit al honderden jaren in dit verborgen land.,Civilization has flourished for hundreds of years in this hidden land.,"Definition adapted from Wiktionary contributors, CC BY-SA 4.0: https://en.wiktionary.org/wiki/beschaving#Dutch. Example: marcelostockle (Dutch, https://tatoeba.org/en/sentences/show/2825826) and marcelostockle (English, https://tatoeba.org/en/sentences/show/2825824); CC BY 2.0 FR.",B2;production,de,beschavingen,beschavinkje,,,,,,,,false
bladzijde,page,B2,noun,Culture and communication,Zelfs het slechtste boek heeft een goede bladzijde: de laatste.,Even the worst book contains a good page: the last one.,"Definition adapted from Wiktionary contributors, CC BY-SA 4.0: https://en.wiktionary.org/wiki/bladzijde#Dutch. Example: martinod (Dutch, https://tatoeba.org/en/sentences/show/10807657) and doemaar14 (English, https://tatoeba.org/en/sentences/show/13646432); CC BY 2.0 FR.",B2;production,de,bladzijden / bladzijdes,bladzijdetje,,,,,,,,false
dialect,dialect,B2,noun,Culture and communication,Een taal is een dialect met een leger en een vloot.,A language is a dialect with an army and navy.,"Definition adapted from Wiktionary contributors, CC BY-SA 4.0: https://en.wiktionary.org/wiki/dialect#Dutch. Example: martinod (Dutch, https://tatoeba.org/en/sentences/show/737059) and Scott (English, https://tatoeba.org/en/sentences/show/734036); CC BY 2.0 FR.",B2;production,het,dialecten,dialectje,,,,,,,,false
dirigent,"conductor, person who musically directs an orchestra, choir or other music ensemble",B2,noun,Culture and communication,Deze beroemde dirigent woont in New York.,This famous conductor lives in New York.,"Definition adapted from Wiktionary contributors, CC BY-SA 4.0: https://en.wiktionary.org/wiki/dirigent#Dutch. Example: doemaar14 (Dutch, https://tatoeba.org/en/sentences/show/12334391) and Scott (English, https://tatoeba.org/en/sentences/show/838857); CC BY 2.0 FR.",B2;production,de,dirigenten,dirigentje,,,,,,,,false
filmen,"to film, to capture on a video medium",B2,verb,Culture and communication,Yanni zal op donderdag nog een video filmen.,Yanni will film another video on Thursday.,"Definition adapted from Wiktionary contributors, CC BY-SA 4.0: https://en.wiktionary.org/wiki/filmen#Dutch. Example: megamanenm (Dutch, https://tatoeba.org/en/sentences/show/10746140) and Amastan (English, https://tatoeba.org/en/sentences/show/9931028); CC BY 2.0 FR.",B2;production,,,,regular,false,hebben,gefilmd,,,,false
flow,"rhythm, flow of music",B2,noun,Culture and communication,"Het duurde een paar nummers, maar toen de drummer eenmaal op gang kwam kreeg Baba Commandant de flow die essentieel is in afrobeat.","It took a few songs, but once the drummer got going, Baba Commandant got the rhythm that is essential in Afrobeat.","Definition adapted from Wiktionary contributors, CC BY-SA 4.0: https://en.wiktionary.org/wiki/flow#Dutch. Example from the same Wiktionary entry (CC BY-SA 4.0).",B2;production,de,flows,,,,,,,,,false
handhaven,to enforce; to maintain,B2,verb,Culture and communication,De gemeente moet de parkeerregels handhaven.,The council needs to enforce the parking rules.,Often reflexive: use the appropriate reflexive pronoun for the intended meaning.,B2;production,,,,regular,false,hebben,gehandhaafd,,,,false
journaal,TV or radio news program,B2,noun,Culture and communication,Kijk je elke dag het journaal op tv?,Do you watch the news on TV every day?,"Definition adapted from Wiktionary contributors, CC BY-SA 4.0: https://en.wiktionary.org/wiki/journaal#Dutch. Example: rose_d (Dutch, https://tatoeba.org/en/sentences/show/10644243) and CK (English, https://tatoeba.org/en/sentences/show/5937029); CC BY 2.0 FR.",B2;production,het,journaals,journaaltje,,,,,,,,false
kroon,crown; regal headgear,B2,noun,Culture and communication,Dit boek gaat over een koning die zijn kroon verliest.,This book is about a king who loses his crown.,"Definition adapted from Wiktionary contributors, CC BY-SA 4.0: https://en.wiktionary.org/wiki/kroon#Dutch. Example: Dorenda (Dutch, https://tatoeba.org/en/sentences/show/385376) and saeb (English, https://tatoeba.org/en/sentences/show/372040); CC BY 2.0 FR.",B2;production,de,kronen,kroontje,,,,,,,,false
mensheid,"humanity, mankind",B2,noun,Culture and communication,Taal is een van de belangrijkste uitvindingen van de mensheid.,Language is one of the most important inventions of mankind.,"No usual plural in this sense. Definition adapted from Wiktionary contributors, CC BY-SA 4.0: https://en.wiktionary.org/wiki/mensheid#Dutch. Example: megamanenm (Dutch, https://tatoeba.org/en/sentences/show/10787290) and elizabethchan (English, https://tatoeba.org/en/sentences/show/864524); CC BY 2.0 FR.",B2;production,de,,,,,,,,,,false
merkbaar,noticeable,B2,adjective,Culture and communication,De herleving van de interesse voor klassieke muziek is duidelijk merkbaar onder jongeren.,The revival of interest in classical music is clearly noticeable among young people.,"Definition adapted from Wiktionary contributors, CC BY-SA 4.0: https://en.wiktionary.org/wiki/merkbaar#Dutch. Example: martinod (Dutch, https://tatoeba.org/en/sentences/show/13419961) and rul (English, https://tatoeba.org/en/sentences/show/13474943); CC BY 2.0 FR.",B2;production,,,,,,,,merkbare,merkbaarder,merkbaarst,false
musical,musical,B2,noun,Culture and communication,Dit toneelstuk is een musical.,This play is a musical.,"Definition adapted from Wiktionary contributors, CC BY-SA 4.0: https://en.wiktionary.org/wiki/musical#Dutch. Example: megamanenm (Dutch, https://tatoeba.org/en/sentences/show/11516086) and CK (English, https://tatoeba.org/en/sentences/show/1331161); CC BY 2.0 FR.",B2;production,de,musicals,musicalletje,,,,,,,,false
omslag,cover,B2,noun,Culture and communication,Je moet een boek niet op het omslag beoordelen.,You cannot judge a book by its cover.,"Definition adapted from Wiktionary contributors, CC BY-SA 4.0: https://en.wiktionary.org/wiki/omslag#Dutch. Example: Adelpa (Dutch, https://tatoeba.org/en/sentences/show/11758345) and Adelpa (English, https://tatoeba.org/en/sentences/show/11756668); CC BY 2.0 FR.",B2;production,de,omslagen,omslagje,,,,,,,,false
onbegrijpelijk,"unintelligible, incomprehensible",B2,adjective,Culture and communication,Deze taal is onbegrijpelijk.,This language is incomprehensible.,"Definition adapted from Wiktionary contributors, CC BY-SA 4.0: https://en.wiktionary.org/wiki/onbegrijpelijk#Dutch. Example: Micsmithel (Dutch, https://tatoeba.org/en/sentences/show/8744671) and Miktsoanit (English, https://tatoeba.org/en/sentences/show/12275674); CC BY 2.0 FR.",B2;production,,,,,,,,onbegrijpelijke,onbegrijpelijker,onbegrijpelijkst,false
opsturen,"to send, to post, to ship",B2,verb,Culture and communication,Hij zal het boek opsturen met de post.,He will send the book by mail.,"Definition adapted from Wiktionary contributors, CC BY-SA 4.0: https://en.wiktionary.org/wiki/opsturen#Dutch. Example: martinod (Dutch, https://tatoeba.org/en/sentences/show/3927651) and megamanenm (English, https://tatoeba.org/en/sentences/show/11510397); CC BY 2.0 FR.",B2;production,,,,regular,true,hebben,opgestuurd,,,,false
repetitie,rehearsal,B2,noun,Culture and communication,Ik kan niet naar de repetitie gaan zonder mijn partituur.,I can't go to the rehearsal without my music score.,"Definition adapted from Wiktionary contributors, CC BY-SA 4.0: https://en.wiktionary.org/wiki/repetitie#Dutch. Example: carlosalberto (Dutch, https://tatoeba.org/en/sentences/show/11484390) and carlosalberto (English, https://tatoeba.org/en/sentences/show/11484368); CC BY 2.0 FR.",B2;production,de,repetities,repetitietje,,,,,,,,false
som,sum,B2,noun,Culture and communication,Tatoeba: Omdat taal meer is dan een som van woorden.,Tatoeba: Because a language is more than the sum of its words.,"Definition adapted from Wiktionary contributors, CC BY-SA 4.0: https://en.wiktionary.org/wiki/som#Dutch. Example: LaraCroft (Dutch, https://tatoeba.org/en/sentences/show/764741) and TRANG (English, https://tatoeba.org/en/sentences/show/761916); CC BY 2.0 FR.",B2;production,de,sommen,sommetje,,,,,,,,false
tolk,"interpreter, one who translates/interprets speech in another language and vice versa",B2,noun,Culture and communication,Tom stelde Mary aan als zijn tolk.,Tom hired Mary to be his interpreter.,"Definition adapted from Wiktionary contributors, CC BY-SA 4.0: https://en.wiktionary.org/wiki/tolk#Dutch. Example: doemaar14 (Dutch, https://tatoeba.org/en/sentences/show/10371367) and CK (English, https://tatoeba.org/en/sentences/show/3439386); CC BY 2.0 FR.",B2;production,de,tolken,tolkje,,,,,,,,false
uitsluitend,exclusively,B2,adverb,Culture and communication,Esperanto is een taal die niet uitsluitend tot een bepaald land behoort.,Esperanto is a language that doesn't exclusively belong to a specific country.,"Definition adapted from Wiktionary contributors, CC BY-SA 4.0: https://en.wiktionary.org/wiki/uitsluitend#Dutch. Example: megamanenm (Dutch, https://tatoeba.org/en/sentences/show/12343415) and absvfx (English, https://tatoeba.org/en/sentences/show/9039656); CC BY 2.0 FR.",B2;production,,,,,,,,,,,false
vloeiend,fluently,B2,adverb,Culture and communication,De enige taal die ik vloeiend spreek is mijn moedertaal.,The only language I speak fluently is my mother tongue.,"Definition adapted from Wiktionary contributors, CC BY-SA 4.0: https://en.wiktionary.org/wiki/vloeiend#Dutch. Example: carlosalberto (Dutch, https://tatoeba.org/en/sentences/show/12345236) and Miktsoanit (English, https://tatoeba.org/en/sentences/show/12347980); CC BY 2.0 FR.",B2;production,,,,,,,,,,,false
voordracht,speech,B2,noun,Culture and communication,In zijn voordracht verwees hij naar de sterkte van de firma.,"In the speech, he referred to the strength of the company.","Definition adapted from Wiktionary contributors, CC BY-SA 4.0: https://en.wiktionary.org/wiki/voordracht#Dutch. Example: PaulP (Dutch, https://tatoeba.org/en/sentences/show/3306519) and CK (English, https://tatoeba.org/en/sentences/show/51831); CC BY 2.0 FR.",B2;production,de,voordrachten,voordrachtje,,,,,,,,false
zaterdagavond,Saturday evening,B2,adverb,Culture and communication,We hebben zaterdagavond in deze bioscoop een Chinese film gezien.,We saw a Chinese film in this cinema on Saturday night.,"Definition adapted from Wiktionary contributors, CC BY-SA 4.0: https://en.wiktionary.org/wiki/zaterdagavond#Dutch. Example: megamanenm (Dutch, https://tatoeba.org/en/sentences/show/10784958) and sundown (English, https://tatoeba.org/en/sentences/show/10121729); CC BY 2.0 FR.",B2;production,,,,,,,,,,,false
belanghebbende,interested party; stakeholder,B2,noun,"Culture, education and media",Elke belanghebbende mag op het voorstel reageren.,Every interested party may respond to the proposal.,,B2;production,de,belanghebbenden,,,,,,,,,false
gevolgtrekking,conclusion; inference,B2,noun,"Culture, education and media",Die gevolgtrekking wordt niet door de cijfers ondersteund.,That conclusion is not supported by the figures.,,B2;production,de,gevolgtrekkingen,,,,,,,,,false
commercieel,commercial,B2,adjective,"Describing people, situations and ideas",Dit bericht heeft een commercieel doel.,This message has a commercial purpose.,,B2;production,,,,,,,,commerciële,commerciëler,commercieelst,false
cultureel,cultural,B2,adjective,"Describing people, situations and ideas",De wijk organiseert culturele activiteiten.,The neighbourhood organises cultural activities.,,B2;production,,,,,,,,culturele,,,false
economisch,economic,B2,adjective,"Describing people, situations and ideas",De regio maakt een economische groei door.,The region is experiencing economic growth.,,B2;production,,,,,,,,economische,economischer,meest economisch,false
effectief,effective,B2,adjective,"Describing people, situations and ideas",Dit is een effectieve manier om te oefenen.,This is an effective way to practise.,,B2;production,,,,,,,,effectieve,effectiever,effectiefst,false
essentieel,essential,B2,adjective,"Describing people, situations and ideas",Goede communicatie is essentieel.,Good communication is essential.,,B2;production,,,,,,,,essentiële,essentiëler,essentieelst,false
financieel,financial,B2,adjective,"Describing people, situations and ideas",Ze krijgt financieel advies van een deskundige.,She receives financial advice from an expert.,,B2;production,,,,,,,,financiële,,,false
individueel,individual,B2,adjective,"Describing people, situations and ideas",Iedere deelnemer krijgt individuele begeleiding.,Every participant receives individual guidance.,,B2;production,,,,,,,,individuele,individueler,individueelst,false
kritisch,critical,B2,adjective,"Describing people, situations and ideas",Zij stelt kritische vragen over het voorstel.,She asks critical questions about the proposal.,,B2;production,,,,,,,,kritische,kritischer,meest kritisch,false
onafhankelijk,independent,B2,adjective,"Describing people, situations and ideas",We vragen een onafhankelijke deskundige om advies.,We will ask an independent expert for advice.,,B2;production,,,,,,,,onafhankelijke,onafhankelijker,onafhankelijkst,false
professioneel,professional,B2,adjective,"Describing people, situations and ideas",Zij heeft een professionele houding.,She has a professional attitude.,,B2;production,,,,,,,,professionele,professioneler,professioneelst,false
wetenschappelijk,scientific,B2,adjective,"Describing people, situations and ideas",Het artikel beschrijft een wetenschappelijk onderzoek.,The article describes a scientific study.,,B2;production,,,,,,,,wetenschappelijke,wetenschappelijker,wetenschappelijkst,false
wettelijk,legal; statutory,B2,adjective,"Describing people, situations and ideas",Dit is een wettelijke verplichting.,This is a legal obligation.,,B2;production,,,,,,,,wettelijke,wettelijker,wettelijkst,false
aardrijkskunde,geography,B2,noun,Education and ideas,Een kaart helpt ons bij de studie van de aardrijkskunde.,A map helps us study geography.,"No usual plural in this sense. Definition adapted from Wiktionary contributors, CC BY-SA 4.0: https://en.wiktionary.org/wiki/aardrijkskunde#Dutch. Example: martinod (Dutch, https://tatoeba.org/en/sentences/show/1623656) and CM (English, https://tatoeba.org/en/sentences/show/277232); CC BY 2.0 FR.",B2;production,de,,,,,,,,,,false
armband,bracelet,B2,noun,Education and ideas,Ik had geen idee dat deze armband gestolen was.,I had no idea this bracelet was stolen.,"Definition adapted from Wiktionary contributors, CC BY-SA 4.0: https://en.wiktionary.org/wiki/armband#Dutch. Example: rose_d (Dutch, https://tatoeba.org/en/sentences/show/10639974) and CK (English, https://tatoeba.org/en/sentences/show/2331675); CC BY 2.0 FR.",B2;production,de,armbanden,armbandje,,,,,,,,false
bekendheid,"familiarity, acquaintance, knowledge",B2,noun,Education and ideas,Zijn bekendheid met de taal was een voordeel.,His acquaintance with the language was an advantage.,"Definition adapted from Wiktionary contributors, CC BY-SA 4.0: https://en.wiktionary.org/wiki/bekendheid#Dutch. Example from the same Wiktionary entry (CC BY-SA 4.0).",B2;production,de,bekendheden,,,,,,,,,false
continu,continuous,B2,adjective,Education and ideas,Vooruitgang in de wetenschap gaat continu door.,Advance in science is continuous.,"Definition adapted from Wiktionary contributors, CC BY-SA 4.0: https://en.wiktionary.org/wiki/continu#Dutch. Example: lonepawn (Dutch, https://tatoeba.org/en/sentences/show/4564998) and Ivan24 (English, https://tatoeba.org/en/sentences/show/24015); CC BY 2.0 FR.",B2;production,,,,,,,,continue,,,false
hypothese,"hypothesis, tentative conjecture, as postulated in science",B2,noun,Education and ideas,Dit is maar een hypothese.,This is just a hypothesis.,"Definition adapted from Wiktionary contributors, CC BY-SA 4.0: https://en.wiktionary.org/wiki/hypothese#Dutch. Example: Citrine (Dutch, https://tatoeba.org/en/sentences/show/3039501) and CM (English, https://tatoeba.org/en/sentences/show/2110836); CC BY 2.0 FR.",B2;production,de,hypothesen / hypotheses,hypothesetje,,,,,,,,false
impact,impact,B2,noun,Education and ideas,Onderwijs kan de impact van nepnieuws verminderen.,Education can reduce the impact of fake news.,"Definition adapted from Wiktionary contributors, CC BY-SA 4.0: https://en.wiktionary.org/wiki/impact#Dutch. Example: 12882 (Dutch, https://tatoeba.org/en/sentences/show/13975594) and Naityahia (English, https://tatoeba.org/en/sentences/show/13960535); CC BY 2.0 FR.",B2;production,de,impacts,,,,,,,,,false
informatica,"discipline computer science, information science, informatics, study of computers and computing",B2,noun,Education and ideas,Een professor in de informatica aan Stanford ging twee jaar geleden over op schriftelijke examens vanwege AI. Hij zegt dat zijn studenten daarop aandrongen.,A Stanford computer science professor went to written exams 2 years ago because of AI. He says his students insisted on it.,"No usual plural in this sense. Definition adapted from Wiktionary contributors, CC BY-SA 4.0: https://en.wiktionary.org/wiki/informatica#Dutch. Example: kiryopi (Dutch, https://tatoeba.org/en/sentences/show/13446636) and kiryopi (English, https://tatoeba.org/en/sentences/show/13446634); CC BY 2.0 FR.",B2;production,de,,,,,,,,,,false
juf,"female teacher, school mistress",B2,noun,Education and ideas,Ik wist niet dat je juf was.,I had no idea that you were a teacher.,"Definition adapted from Wiktionary contributors, CC BY-SA 4.0: https://en.wiktionary.org/wiki/juf#Dutch. Example: megamanenm (Dutch, https://tatoeba.org/en/sentences/show/12332901) and CK (English, https://tatoeba.org/en/sentences/show/8186132); CC BY 2.0 FR.",B2;production,de,juffen,jufje,,,,,,,,false
langzamerhand,"by now, by this time, by this point",B2,adverb,Education and ideas,Ik neem aan dat je zo langzamerhand al je middelbareschooldiploma hebt gehaald.,I assume you've graduated from high school by now.,"Definition adapted from Wiktionary contributors, CC BY-SA 4.0: https://en.wiktionary.org/wiki/langzamerhand#Dutch. Example: Raizin (Dutch, https://tatoeba.org/en/sentences/show/4927427) and CK (English, https://tatoeba.org/en/sentences/show/2293258); CC BY 2.0 FR.",B2;production,,,,,,,,,,,false
postkantoor,post office,B2,noun,Education and ideas,Het postkantoor bevindt zich tussen de school en de bank.,The post office is between the school and the bank.,"Definition adapted from Wiktionary contributors, CC BY-SA 4.0: https://en.wiktionary.org/wiki/postkantoor#Dutch. Example: carlosalberto (Dutch, https://tatoeba.org/en/sentences/show/11481164) and carlosalberto (English, https://tatoeba.org/en/sentences/show/11481138); CC BY 2.0 FR.",B2;production,het,postkantoren,postkantoortje,,,,,,,,false
potentieel,potential,B2,adjective,Education and ideas,Onderwijs is gericht op het ontwikkelen van potentiële vaardigheden.,Education aims to develop potential abilities.,"Definition adapted from Wiktionary contributors, CC BY-SA 4.0: https://en.wiktionary.org/wiki/potentieel#Dutch. Example: SunnyMoon (Dutch, https://tatoeba.org/en/sentences/show/11137304) and CK (English, https://tatoeba.org/en/sentences/show/19115); CC BY 2.0 FR.",B2;production,,,,,,,,potentiële,,,false
problematisch,problematic,B2,adjective,Education and ideas,Er bestaan veel veelvoorkomende problematische gewoontes in het uitvoeren van een onderzoek zoals p-hacking.,There are many common problematic research practices such as p-hacking.,"Definition adapted from Wiktionary contributors, CC BY-SA 4.0: https://en.wiktionary.org/wiki/problematisch#Dutch. Example: megamanenm (Dutch, https://tatoeba.org/en/sentences/show/10184996) and megamanenm (English, https://tatoeba.org/en/sentences/show/10184990); CC BY 2.0 FR.",B2;production,,,,,,,,problematische,problematischer,meest problematisch,false
professor,professor,B2,noun,Education and ideas,"De professor die het woord nam, is van de Universiteit Boekarest.",The professor that took the floor is from the University of Bucharest.,"Definition adapted from Wiktionary contributors, CC BY-SA 4.0: https://en.wiktionary.org/wiki/professor#Dutch. Example: Dorenda (Dutch, https://tatoeba.org/en/sentences/show/407982) and Dorenda (English, https://tatoeba.org/en/sentences/show/407975); CC BY 2.0 FR.",B2;production,de,professoren / professors,professortje,,,,,,,,false
routine,routine,B2,noun,Education and ideas,"Wetenschappelijk onderzoek is geen mechanische routine, maar een voortdurende strijd voor de wetenschapper.","Scientific research is not a mechanical routine, but a continuing struggle on the part of the scientist.","Definition adapted from Wiktionary contributors, CC BY-SA 4.0: https://en.wiktionary.org/wiki/routine#Dutch. Example: doemaar14 (Dutch, https://tatoeba.org/en/sentences/show/13733239) and papabear (English, https://tatoeba.org/en/sentences/show/23966); CC BY 2.0 FR.",B2;production,de,routines,routinetje,,,,,,,,false
samenwonen,"to cohabit, to live together",B2,verb,Education and ideas,Gaan jullie samenwonen? Dat lijkt me niets. Jullie hebben altijd ruzie.,Are you going to live together? That doesn't sound like a good idea to me. You guys are always fighting.,"Definition adapted from Wiktionary contributors, CC BY-SA 4.0: https://en.wiktionary.org/wiki/samenwonen#Dutch. Example: kiryopi (Dutch, https://tatoeba.org/en/sentences/show/12910694) and kiryopi (English, https://tatoeba.org/en/sentences/show/12910696); CC BY 2.0 FR.",B2;production,,,,regular,true,hebben,samengewoond,,,,false
scholing,education,B2,noun,Education and ideas,Een goede scholing veronderstelt geen goede opvoeding.,A good education doesn't imply a good upbringing.,"Definition adapted from Wiktionary contributors, CC BY-SA 4.0: https://en.wiktionary.org/wiki/scholing#Dutch. Example: megamanenm (Dutch, https://tatoeba.org/en/sentences/show/11525166) and FeuDRenais2 (English, https://tatoeba.org/en/sentences/show/2397880); CC BY 2.0 FR.",B2;production,de,scholingen,scholinkje,,,,,,,,false
schooljaar,school year,B2,noun,Education and ideas,In Japan begint het nieuwe schooljaar in april.,"In Japan, the new school year begins in April.","Definition adapted from Wiktionary contributors, CC BY-SA 4.0: https://en.wiktionary.org/wiki/schooljaar#Dutch. Example: martinod (Dutch, https://tatoeba.org/en/sentences/show/755778) and CK (English, https://tatoeba.org/en/sentences/show/1423299); CC BY 2.0 FR.",B2;production,het,schooljaren,schooljaartje,,,,,,,,false
terrein,"speciality, field of study",B2,noun,Education and ideas,Hij heeft veel ervaring op dat terrein.,He has a great deal of experience in this field.,"Definition adapted from Wiktionary contributors, CC BY-SA 4.0: https://en.wiktionary.org/wiki/terrein#Dutch. Example: GrizaLeono (Dutch, https://tatoeba.org/en/sentences/show/605085) and sundown (English, https://tatoeba.org/en/sentences/show/8288824); CC BY 2.0 FR.",B2;production,het,terreinen,terreintje,,,,,,,,false
tijdig,"timely, at the proper time",B2,adjective,Education and ideas,Ze kwam tijdig op school aan ondanks de sneeuwstorm.,She arrived at school on time in spite of the snowstorm.,"Definition adapted from Wiktionary contributors, CC BY-SA 4.0: https://en.wiktionary.org/wiki/tijdig#Dutch. Example: LaraCroft (Dutch, https://tatoeba.org/en/sentences/show/711783) and CK (English, https://tatoeba.org/en/sentences/show/315266); CC BY 2.0 FR.",B2;production,,,,,,,,tijdige,tijdiger,tijdigst,false
uitgebreid,extensive; detailed,B2,adjective,Education and ideas,We ontvingen een uitgebreid verslag van het onderzoek.,We received a detailed report of the research.,,B2;production,,,,,,,,uitgebreide,uitgebreider,uitgebreidst,false
universitair,"of, from or pertaining to university; academic",B2,adjective,Education and ideas,Alle docenten op onze school hebben een universitair diploma.,All the teachers at our school have a university degree.,"Definition adapted from Wiktionary contributors, CC BY-SA 4.0: https://en.wiktionary.org/wiki/universitair#Dutch. Example: MarijnKp (Dutch, https://tatoeba.org/en/sentences/show/12970552) and marcelostockle (English, https://tatoeba.org/en/sentences/show/1915779); CC BY 2.0 FR.",B2;production,,,,,,,,universitaire,,,false
vak,"subject, discipline, class, notably in education",B2,noun,Education and ideas,Ik ga zakken voor dit vak.,I'm going to fail this class.,"Definition adapted from Wiktionary contributors, CC BY-SA 4.0: https://en.wiktionary.org/wiki/vak#Dutch. Example: doemaar14 (Dutch, https://tatoeba.org/en/sentences/show/12743384) and CK (English, https://tatoeba.org/en/sentences/show/10511193); CC BY 2.0 FR.",B2;production,het,vakken,vakje,,,,,,,,false
wiskunde,mathematics,B2,noun,Education and ideas,"In de wiskunde is het begrip ""limiet"" erg belangrijk.","In mathematics, the concept of a ""limit"" is very important.","No usual plural in this sense. Definition adapted from Wiktionary contributors, CC BY-SA 4.0: https://en.wiktionary.org/wiki/wiskunde#Dutch. Example: vvv123 (Dutch, https://tatoeba.org/en/sentences/show/3550074) and rul (English, https://tatoeba.org/en/sentences/show/13833849); CC BY 2.0 FR.",B2;production,de,,,,,,,,,,false
zomervakantie,summer holiday,B2,noun,Education and ideas,In de zomervakantie ging ik naar Bali.,I went to Bali on summer holiday.,"Definition adapted from Wiktionary contributors, CC BY-SA 4.0: https://en.wiktionary.org/wiki/zomervakantie#Dutch. Example: Globetrotter (Dutch, https://tatoeba.org/en/sentences/show/1544748) and windra (English, https://tatoeba.org/en/sentences/show/781613); CC BY 2.0 FR.",B2;production,de,zomervakanties,zomervakantietje,,,,,,,,false
apparatuur,"equipment, esp. a set of devices",B2,noun,Health and feelings,Dit ziekenhuis heeft veel nieuwe apparatuur.,This hospital has a lot of new equipment.,"No usual plural in this sense. Definition adapted from Wiktionary contributors, CC BY-SA 4.0: https://en.wiktionary.org/wiki/apparatuur#Dutch. Example: PaulP (Dutch, https://tatoeba.org/en/sentences/show/650081) and papabear (English, https://tatoeba.org/en/sentences/show/57430); CC BY 2.0 FR.",B2;production,de,,,,,,,,,,false
besmettelijk,contagious,B2,adjective,Health and feelings,"Poliomyelitis, gewoonlijk afgekort tot polio, is een zeer besmettelijke ziekte.","Poliomyelitis, commonly shortened to polio, is an infectious disease which is highly contagious.","Definition adapted from Wiktionary contributors, CC BY-SA 4.0: https://en.wiktionary.org/wiki/besmettelijk#Dutch. Example: MarijnKp (Dutch, https://tatoeba.org/en/sentences/show/9033964) and Vanilla (English, https://tatoeba.org/en/sentences/show/9012660); CC BY 2.0 FR.",B2;production,,,,,,,,besmettelijke,besmettelijker,besmettelijkst,false
bizar,bizarre,B2,adjective,Health and feelings,Liefde is een bizar gevoel dat je niet in woorden uit kunt drukken.,Love is a bizarre feeling that you cannot express in words.,"Definition adapted from Wiktionary contributors, CC BY-SA 4.0: https://en.wiktionary.org/wiki/bizar#Dutch. Example: Aubrey (Dutch, https://tatoeba.org/en/sentences/show/4306518) and Incursio (English, https://tatoeba.org/en/sentences/show/4306387); CC BY 2.0 FR.",B2;production,,,,,,,,bizarre,bizarder,bizarst,false
familielid,"relative, family member",B2,noun,Health and feelings,Denk je dat deze oude dame een familielid is van Tom? Ik vrees van niet.,Do you think that this old lady is a family member of Tom? I fear not.,"Definition adapted from Wiktionary contributors, CC BY-SA 4.0: https://en.wiktionary.org/wiki/familielid#Dutch. Example: Mandalay (Dutch, https://tatoeba.org/en/sentences/show/6135121) and SunnyMoon (English, https://tatoeba.org/en/sentences/show/11171213); CC BY 2.0 FR.",B2;production,het,familieleden,familielidje,,,,,,,,false
genie,"genius, mental brilliance",B2,noun,Health and feelings,"Ik zweer het u, hij is een genie!","I swear, he's a genius!","Definition adapted from Wiktionary contributors, CC BY-SA 4.0: https://en.wiktionary.org/wiki/genie#Dutch. Example: martinod (Dutch, https://tatoeba.org/en/sentences/show/3617935) and megamanenm (English, https://tatoeba.org/en/sentences/show/10221383); CC BY 2.0 FR.",B2;production,het,genieën,genietje,,,,,,,,false
humeur,"mood, mental state",B2,noun,Health and feelings,Ze hielp hem zijn slechte humeur te overwinnen.,She helped him get over his bad mood.,"Definition adapted from Wiktionary contributors, CC BY-SA 4.0: https://en.wiktionary.org/wiki/humeur#Dutch. Example: Elsofie (Dutch, https://tatoeba.org/en/sentences/show/8323198) and CK (English, https://tatoeba.org/en/sentences/show/388343); CC BY 2.0 FR.",B2;production,het,humeuren,humeurtje,,,,,,,,false
kliniek,"clinic, type of hospital or other medical facility for outpatient treatment",B2,noun,Health and feelings,De aardbeving heeft de kliniek beschadigd.,The earthquake damaged the clinic.,"Definition adapted from Wiktionary contributors, CC BY-SA 4.0: https://en.wiktionary.org/wiki/kliniek#Dutch. Example: MarijnKp (Dutch, https://tatoeba.org/en/sentences/show/7684225) and OsoHombre (English, https://tatoeba.org/en/sentences/show/6447677); CC BY 2.0 FR.",B2;production,de,klinieken,kliniekje,,,,,,,,false
medicatie,"medication, medical treatment",B2,noun,Health and feelings,Mennad moet zo snel mogelijk zijn medicatie innemen.,Mennad has to take his medication as soon as possible.,"Definition adapted from Wiktionary contributors, CC BY-SA 4.0: https://en.wiktionary.org/wiki/medicatie#Dutch. Example: Elsofie (Dutch, https://tatoeba.org/en/sentences/show/8281225) and OsoHombre (English, https://tatoeba.org/en/sentences/show/8054545); CC BY 2.0 FR.",B2;production,de,medicaties,medicatietje,,,,,,,,false
ongezond,"unhealthy, harmful to health",B2,adjective,Health and feelings,Heb je enig idee hoe ongezond dat is?,Do you have any idea how unhealthy that is?,"Definition adapted from Wiktionary contributors, CC BY-SA 4.0: https://en.wiktionary.org/wiki/ongezond#Dutch. Example: wezy (Dutch, https://tatoeba.org/en/sentences/show/2247827) and CK (English, https://tatoeba.org/en/sentences/show/2059897); CC BY 2.0 FR.",B2;production,,,,,,,,ongezonde,ongezonder,ongezondst,false
psychisch,"psychical, mental",B2,adjective,Health and feelings,In jouw familie worden psychische aandoeningen blijkbaar geërfd.,"Apparently, mental illness runs in your family.","Definition adapted from Wiktionary contributors, CC BY-SA 4.0: https://en.wiktionary.org/wiki/psychisch#Dutch. Example: Mandalay (Dutch, https://tatoeba.org/en/sentences/show/6119597) and doemaar14 (English, https://tatoeba.org/en/sentences/show/11784810); CC BY 2.0 FR.",B2;production,,,,,,,,psychische,psychischer,meest psychisch,false
schepping,act of physical creation and/or mental creativity,B2,noun,Health and feelings,Vrouwen zijn de beste schepping van God.,Women are the best creation of God.,"Definition adapted from Wiktionary contributors, CC BY-SA 4.0: https://en.wiktionary.org/wiki/schepping#Dutch. Example: MarijnKp (Dutch, https://tatoeba.org/en/sentences/show/12970630) and Ricardo14 (English, https://tatoeba.org/en/sentences/show/7208031); CC BY 2.0 FR.",B2;production,de,scheppingen,scheppinkje,,,,,,,,false
schuldgevoel,feeling of guilt,B2,noun,Health and feelings,We komen nooit echt van dat schuldgevoel af.,We can never really get rid of that feeling of guilt.,"Definition adapted from Wiktionary contributors, CC BY-SA 4.0: https://en.wiktionary.org/wiki/schuldgevoel#Dutch. Example: Nylez (Dutch, https://tatoeba.org/en/sentences/show/9341951) and megamanenm (English, https://tatoeba.org/en/sentences/show/10221362); CC BY 2.0 FR.",B2;production,het,schuldgevoelens,schuldgevoeltje,,,,,,,,false
verpleeghuis,"rest home, nursing home",B2,noun,Health and feelings,Hij is bang dat hij in een verpleeghuis moet worden opgenomen als zijn geheugen slechter wordt.,He is afraid that he will have to be admitted to a nursing home if his memory deteriorates.,"Definition adapted from Wiktionary contributors, CC BY-SA 4.0: https://en.wiktionary.org/wiki/verpleeghuis#Dutch. Example: Elsofie (Dutch, https://tatoeba.org/en/sentences/show/8103132) and SunnyMoon (English, https://tatoeba.org/en/sentences/show/11140613); CC BY 2.0 FR.",B2;production,het,verpleeghuizen,verpleeghuisje,,,,,,,,false
verspreiding,"spread, diffusion, dispersion",B2,noun,Health and feelings,Europese ambtenaren zeggen dat ze bang zijn dat de verspreiding snel kan oplopen tot een pandemie.,European officials say they fear the spread could quickly develop into a pandemic.,"Definition adapted from Wiktionary contributors, CC BY-SA 4.0: https://en.wiktionary.org/wiki/verspreiding#Dutch. Example: Slam4 (Dutch, https://tatoeba.org/en/sentences/show/11795119) and Hybrid (English, https://tatoeba.org/en/sentences/show/8577824); CC BY 2.0 FR.",B2;production,de,verspreidingen,verspreidinkje,,,,,,,,false
vrees,"fear, apprehension, angst",B2,noun,Health and feelings,De vrees maakt de wolf groter dan wat hij is.,The fear makes the wolf bigger than what it is.,"Definition adapted from Wiktionary contributors, CC BY-SA 4.0: https://en.wiktionary.org/wiki/vrees#Dutch. Example: Ealdwimor (Dutch, https://tatoeba.org/en/sentences/show/3571924) and Ealdwimor (English, https://tatoeba.org/en/sentences/show/3571925); CC BY 2.0 FR.",B2;production,de,vrezen,,,,,,,,,false
wolf,wolf,B2,noun,Health and feelings,De vrees maakt de wolf groter dan wat hij is.,The fear makes the wolf bigger than what it is.,"Definition adapted from Wiktionary contributors, CC BY-SA 4.0: https://en.wiktionary.org/wiki/wolf#Dutch. Example: Ealdwimor (Dutch, https://tatoeba.org/en/sentences/show/3571924) and Ealdwimor (English, https://tatoeba.org/en/sentences/show/3571925); CC BY 2.0 FR.",B2;production,de,wolven,wolfje,,,,,,,,false
achterom,around,B2,adverb,Linking and qualifying ideas,Heb je al achterom gekeken?,Have you looked around the house yet?,"Definition adapted from Wiktionary contributors, CC BY-SA 4.0: https://en.wiktionary.org/wiki/achterom#Dutch. Example from the same Wiktionary entry (CC BY-SA 4.0).",B2;production,,,,,,,,,,,false
achterover,"backwards, on one's back",B2,adverb,Linking and qualifying ideas,Tom gooide zijn hoofd achterover en lachte.,Tom threw back his head and laughed.,"Definition adapted from Wiktionary contributors, CC BY-SA 4.0: https://en.wiktionary.org/wiki/achterover#Dutch. Example: Wezel (Dutch, https://tatoeba.org/en/sentences/show/5712432) and Micsmithel (English, https://tatoeba.org/en/sentences/show/6793043); CC BY 2.0 FR.",B2;production,,,,,,,,,,,false
achterwege,"omitted, left out, not done",B2,adverb,Linking and qualifying ideas,Een verklaring bleef achterwege.,An explanation was not given.,"Definition adapted from Wiktionary contributors, CC BY-SA 4.0: https://en.wiktionary.org/wiki/achterwege#Dutch. Example from the same Wiktionary entry (CC BY-SA 4.0).",B2;production,,,,,,,,,,,false
aldus,"thus said, according to, quoth",B2,adverb,Linking and qualifying ideas,"„Hij zal altijd op de verzorger zijn gericht. Hij wordt geen echte ijsbeer“, aldus de directeur van de dierentuin van Aken.","“He will always look for directions from his caretaker. He will not become a real polar bear,” according to the director of the zoo in Aachen.","Definition adapted from Wiktionary contributors, CC BY-SA 4.0: https://en.wiktionary.org/wiki/aldus#Dutch. Example from the same Wiktionary entry (CC BY-SA 4.0).",B2;production,,,,,,,,,,,false
allang,for a long time already,B2,adverb,Linking and qualifying ideas,Ik heb de borden allang gewassen.,I washed the dishes long ago.,"Definition adapted from Wiktionary contributors, CC BY-SA 4.0: https://en.wiktionary.org/wiki/allang#Dutch. Example: obsessed_polyglot (Dutch, https://tatoeba.org/en/sentences/show/11791757) and Winter (English, https://tatoeba.org/en/sentences/show/12010869); CC BY 2.0 FR.",B2;production,,,,,,,,,,,false
allesbehalve,"not at all, anything but",B2,adverb,Linking and qualifying ideas,We zijn allesbehalve klaar voor de koude winter.,We're anything but ready for a cold winter.,"Definition adapted from Wiktionary contributors, CC BY-SA 4.0: https://en.wiktionary.org/wiki/allesbehalve#Dutch. Example: PaulP (Dutch, https://tatoeba.org/en/sentences/show/5798361) and sundown (English, https://tatoeba.org/en/sentences/show/11256052); CC BY 2.0 FR.",B2;production,,,,,,,,,,,false
alsmaar,all the time,B2,adverb,Linking and qualifying ideas,Waarom klaagde jij als kind alsmaar?,Why did you complain all the time as a child?,"Definition adapted from Wiktionary contributors, CC BY-SA 4.0: https://en.wiktionary.org/wiki/alsmaar#Dutch. Example: Tom9358 (Dutch, https://tatoeba.org/en/sentences/show/13493149) and Tom9358 (English, https://tatoeba.org/en/sentences/show/13493154); CC BY 2.0 FR.",B2;production,,,,,,,,,,,false
alsnog,"as yet, still",B2,adverb,Linking and qualifying ideas,"Ik was moe, maar alsnog ging ik hardlopen.","I was tired, but I still went for a run.","Definition adapted from Wiktionary contributors, CC BY-SA 4.0: https://en.wiktionary.org/wiki/alsnog#Dutch. Example: kiryopi (Dutch, https://tatoeba.org/en/sentences/show/12847359) and kiryopi (English, https://tatoeba.org/en/sentences/show/12847363); CC BY 2.0 FR.",B2;production,,,,,,,,,,,false
beslist,"definitely, absolutely",B2,adverb,Linking and qualifying ideas,Het is beslist geen goed idee.,It's definitely not a good idea.,"Definition adapted from Wiktionary contributors, CC BY-SA 4.0: https://en.wiktionary.org/wiki/beslist#Dutch. Example: Piet_c (Dutch, https://tatoeba.org/en/sentences/show/6200356) and CK (English, https://tatoeba.org/en/sentences/show/9016065); CC BY 2.0 FR.",B2;production,,,,,,,,,,,false
binnenin,"within, on the inside",B2,adverb,Linking and qualifying ideas,Waarom zou wie dan ook zoiets verbergen binnenin deze grot?,Why would anyone hide something like that inside this cave?,"Definition adapted from Wiktionary contributors, CC BY-SA 4.0: https://en.wiktionary.org/wiki/binnenin#Dutch. Example: LaraCroft (Dutch, https://tatoeba.org/en/sentences/show/2009754) and CK (English, https://tatoeba.org/en/sentences/show/2009289); CC BY 2.0 FR.",B2;production,,,,,,,,,,,false
bovenal,above all,B2,adverb,Linking and qualifying ideas,Ik wil bovenal gezond zijn.,"Above all, I want to be healthy.","Definition adapted from Wiktionary contributors, CC BY-SA 4.0: https://en.wiktionary.org/wiki/bovenal#Dutch. Example: Citrine (Dutch, https://tatoeba.org/en/sentences/show/1473625) and CK (English, https://tatoeba.org/en/sentences/show/24814); CC BY 2.0 FR.",B2;production,,,,,,,,,,,false
buitenaf,from outside,B2,adverb,Linking and qualifying ideas,De deur was van buitenaf gesloten.,The door was locked from the outside.,"Definition adapted from Wiktionary contributors, CC BY-SA 4.0: https://en.wiktionary.org/wiki/buitenaf#Dutch. Example: martinod (Dutch, https://tatoeba.org/en/sentences/show/686785) and CK (English, https://tatoeba.org/en/sentences/show/48143); CC BY 2.0 FR.",B2;production,,,,,,,,,,,false
daarentegen,on the other hand,B2,adverb,Linking and qualifying ideas,Tom houdt van bananentaart. Daarentegen houdt Mary van chocoladetaart.,"Tom likes banana cake. On the other hand, Mary likes chocolate cake.","Definition adapted from Wiktionary contributors, CC BY-SA 4.0: https://en.wiktionary.org/wiki/daarentegen#Dutch. Example: MarijnKp (Dutch, https://tatoeba.org/en/sentences/show/8738873) and mervert1 (English, https://tatoeba.org/en/sentences/show/2753554); CC BY 2.0 FR.",B2;production,,,,,,,,,,,false
daarheen,"thither, to there",B2,adverb,Linking and qualifying ideas,"Ik moet daarheen, wat je er nu ook over denkt.",I must go there irrespective of what you think.,"Definition adapted from Wiktionary contributors, CC BY-SA 4.0: https://en.wiktionary.org/wiki/daarheen#Dutch. Example: PaulP (Dutch, https://tatoeba.org/en/sentences/show/4300065) and Zifre (English, https://tatoeba.org/en/sentences/show/17977); CC BY 2.0 FR.",B2;production,,,,,,,,,,,false
daarnet,"just now, a moment ago",B2,adverb,Linking and qualifying ideas,Wat heb je daarnet gemopperd?,What did you grumble a while ago?,"Definition adapted from Wiktionary contributors, CC BY-SA 4.0: https://en.wiktionary.org/wiki/daarnet#Dutch. Example: megamanenm (Dutch, https://tatoeba.org/en/sentences/show/10731621) and jasmaa (English, https://tatoeba.org/en/sentences/show/6485473); CC BY 2.0 FR.",B2;production,,,,,,,,,,,false
desalniettemin,nevertheless,B2,adverb,Linking and qualifying ideas,Desalniettemin is het thema het discussiëren waard.,"Nevertheless, the topic is worth discussing.","Definition adapted from Wiktionary contributors, CC BY-SA 4.0: https://en.wiktionary.org/wiki/desalniettemin#Dutch. Example: megamanenm (Dutch, https://tatoeba.org/en/sentences/show/10622540) and CM (English, https://tatoeba.org/en/sentences/show/42990); CC BY 2.0 FR.",B2;production,,,,,,,,,,,false
desnoods,if need be,B2,adverb,Linking and qualifying ideas,Dat verklaar ik desnoods onder ede.,I will declare that under oath if need be.,"Definition adapted from Wiktionary contributors, CC BY-SA 4.0: https://en.wiktionary.org/wiki/desnoods#Dutch. Example from the same Wiktionary entry (CC BY-SA 4.0).",B2;production,,,,,,,,,,,false
evengoed,just as well,B2,adverb,Linking and qualifying ideas,Je kunt evengoed tot dinsdag wachten.,You might as well wait until Tuesday.,"Definition adapted from Wiktionary contributors, CC BY-SA 4.0: https://en.wiktionary.org/wiki/evengoed#Dutch. Example: Elsofie (Dutch, https://tatoeba.org/en/sentences/show/8499570) and CK (English, https://tatoeba.org/en/sentences/show/23775); CC BY 2.0 FR.",B2;production,,,,,,,,,,,false
evenmin,neither,B2,adverb,Linking and qualifying ideas,Hij was daar niet en zij evenmin.,"He wasn't there, and neither was she.","Definition adapted from Wiktionary contributors, CC BY-SA 4.0: https://en.wiktionary.org/wiki/evenmin#Dutch. Example: Elsofie (Dutch, https://tatoeba.org/en/sentences/show/8521563) and CH (English, https://tatoeba.org/en/sentences/show/8521556); CC BY 2.0 FR.",B2;production,,,,,,,,,,,false
expres,"on purpose, deliberately",B2,adverb,Linking and qualifying ideas,Ik denk dat je het expres hebt gedaan.,I think you did it on purpose.,"Definition adapted from Wiktionary contributors, CC BY-SA 4.0: https://en.wiktionary.org/wiki/expres#Dutch. Example: soridsolid (Dutch, https://tatoeba.org/en/sentences/show/10462590) and CK (English, https://tatoeba.org/en/sentences/show/5851730); CC BY 2.0 FR.",B2;production,,,,,,,,,,,false
gewoonweg,"utterly, downright",B2,adverb,Linking and qualifying ideas,Ze waren gewoonweg kolossaal.,They were downright huge.,"Definition adapted from Wiktionary contributors, CC BY-SA 4.0: https://en.wiktionary.org/wiki/gewoonweg#Dutch. Example from the same Wiktionary entry (CC BY-SA 4.0).",B2;production,,,,,,,,,,,false
hierheen,"hither, towards here",B2,adverb,Linking and qualifying ideas,Hij heeft me beloofd om vijf uur hierheen te komen.,He gave me a promise to come here at five.,"Definition adapted from Wiktionary contributors, CC BY-SA 4.0: https://en.wiktionary.org/wiki/hierheen#Dutch. Example: Elsofie (Dutch, https://tatoeba.org/en/sentences/show/8602213) and Zifre (English, https://tatoeba.org/en/sentences/show/288594); CC BY 2.0 FR.",B2;production,,,,,,,,,,,false
kortom,"in short, summarised, shortly said",B2,adverb,Linking and qualifying ideas,"Kortom, ze hebben me op straat gezet.","In short, I was sacked.","Definition adapted from Wiktionary contributors, CC BY-SA 4.0: https://en.wiktionary.org/wiki/kortom#Dutch. Example: PaulP (Dutch, https://tatoeba.org/en/sentences/show/13934349) and sundown (English, https://tatoeba.org/en/sentences/show/11389656); CC BY 2.0 FR.",B2;production,,,,,,,,,,,false
meermaals,"many times, repeatedly",B2,adverb,Linking and qualifying ideas,"Geloof het of niet, dit is me al meermaals overkomen.","Believe it or not, this has happened to me many times before.","Definition adapted from Wiktionary contributors, CC BY-SA 4.0: https://en.wiktionary.org/wiki/meermaals#Dutch. Example: casperdewith (Dutch, https://tatoeba.org/en/sentences/show/13787792) and CK (English, https://tatoeba.org/en/sentences/show/3135868); CC BY 2.0 FR.",B2;production,,,,,,,,,,,false
moeiteloos,effortlessly,B2,adverb,Linking and qualifying ideas,Wij zullen het moeiteloos doen.,We will do it effortlessly.,"Definition adapted from Wiktionary contributors, CC BY-SA 4.0: https://en.wiktionary.org/wiki/moeiteloos#Dutch. Example: 12882 (Dutch, https://tatoeba.org/en/sentences/show/13975600) and IdiomHunter (English, https://tatoeba.org/en/sentences/show/13961258); CC BY 2.0 FR.",B2;production,,,,,,,,,,,false
naderhand,afterwards,B2,adverb,Linking and qualifying ideas,Kan ik je naderhand nog even spreken?,Can I speak to you afterwards?,"Definition adapted from Wiktionary contributors, CC BY-SA 4.0: https://en.wiktionary.org/wiki/naderhand#Dutch. Example from the same Wiktionary entry (CC BY-SA 4.0).",B2;production,,,,,,,,,,,false
nagenoeg,"almost, virtually, practically",B2,adverb,Linking and qualifying ideas,Zijn Japans is nagenoeg perfect.,His Japanese is almost perfect.,"Definition adapted from Wiktionary contributors, CC BY-SA 4.0: https://en.wiktionary.org/wiki/nagenoeg#Dutch. Example: megamanenm (Dutch, https://tatoeba.org/en/sentences/show/12332932) and DiePain (English, https://tatoeba.org/en/sentences/show/2281527); CC BY 2.0 FR.",B2;production,,,,,,,,,,,false
ogenschijnlijk,apparently,B2,adverb,Linking and qualifying ideas,Een ogenschijnlijk kleine gebeurtenis kan tot een groots resultaat leiden.,An apparently small event may lead to a great result.,"Definition adapted from Wiktionary contributors, CC BY-SA 4.0: https://en.wiktionary.org/wiki/ogenschijnlijk#Dutch. Example: carlosalberto (Dutch, https://tatoeba.org/en/sentences/show/12338092) and canepa (English, https://tatoeba.org/en/sentences/show/27816); CC BY 2.0 FR.",B2;production,,,,,,,,,,,false
omstreeks,"around, circa",B2,adverb,Linking and qualifying ideas,In Spanje serveert men het middagmaal omstreeks 14u.,"In Spain, lunch is served around 2 p.m.","Definition adapted from Wiktionary contributors, CC BY-SA 4.0: https://en.wiktionary.org/wiki/omstreeks#Dutch. Example: slavneui (Dutch, https://tatoeba.org/en/sentences/show/662035) and tatoebashrek (English, https://tatoeba.org/en/sentences/show/12111467); CC BY 2.0 FR.",B2;production,,,,,,,,,,,false
omver,in a way to cause something to be knocked over,B2,adverb,Linking and qualifying ideas,Een windvlaag sloeg de vuilnisbak omver.,A gust of wind knocked over the trash can.,"Definition adapted from Wiktionary contributors, CC BY-SA 4.0: https://en.wiktionary.org/wiki/omver#Dutch. Example: megamanenm (Dutch, https://tatoeba.org/en/sentences/show/11491883) and megamanenm (English, https://tatoeba.org/en/sentences/show/11491882); CC BY 2.0 FR.",B2;production,,,,,,,,,,,false
ondersteboven,upside down,B2,adverb,Linking and qualifying ideas,Hij draaide de tafel ondersteboven.,He turned the table upside down.,"Definition adapted from Wiktionary contributors, CC BY-SA 4.0: https://en.wiktionary.org/wiki/ondersteboven#Dutch. Example: MarijnKp (Dutch, https://tatoeba.org/en/sentences/show/12997965) and CK (English, https://tatoeba.org/en/sentences/show/291815); CC BY 2.0 FR.",B2;production,,,,,,,,,,,false
overboord,overboard,B2,adverb,Linking and qualifying ideas,Tom sprong overboord en zwom naar de oever.,Tom jumped overboard and swam to shore.,"Definition adapted from Wiktionary contributors, CC BY-SA 4.0: https://en.wiktionary.org/wiki/overboord#Dutch. Example: Tom9358 (Dutch, https://tatoeba.org/en/sentences/show/13006260) and CK (English, https://tatoeba.org/en/sentences/show/10153603); CC BY 2.0 FR.",B2;production,,,,,,,,,,,false
overhoop,at odds,B2,adverb,Linking and qualifying ideas,Hij ligt altijd overhoop met zijn baas.,He's always at odds with his boss.,"Definition adapted from Wiktionary contributors, CC BY-SA 4.0: https://en.wiktionary.org/wiki/overhoop#Dutch. Example: megamanenm (Dutch, https://tatoeba.org/en/sentences/show/10783672) and WestofEden (English, https://tatoeba.org/en/sentences/show/2719831); CC BY 2.0 FR.",B2;production,,,,,,,,,,,false
overweg,"get on with, get along with, be friendly with",B2,adverb,Linking and qualifying ideas,Mijn hond en kat kunnen prima met elkaar overweg.,My dog and my cat get along fine.,"Definition adapted from Wiktionary contributors, CC BY-SA 4.0: https://en.wiktionary.org/wiki/overweg#Dutch. Example: rose_d (Dutch, https://tatoeba.org/en/sentences/show/10642389) and CK (English, https://tatoeba.org/en/sentences/show/6822381); CC BY 2.0 FR.",B2;production,,,,,,,,,,,false
prompt,"immediately, promptly",B2,adverb,Linking and qualifying ideas,Tom werd prof op zijn twintigste verjaardag en werd prompt Europees kampioen.,Tom turned pro on his twentieth birthday and promptly became European champion.,"Definition adapted from Wiktionary contributors, CC BY-SA 4.0: https://en.wiktionary.org/wiki/prompt#Dutch. Example: PaulP (Dutch, https://tatoeba.org/en/sentences/show/11935118) and Tom9358 (English, https://tatoeba.org/en/sentences/show/13843565); CC BY 2.0 FR.",B2;production,,,,,,,,,,,false
rechtop,upright,B2,adverb,Linking and qualifying ideas,"Deze flessen moeten rechtop staan, niet liggen.","These bottles should be placed upright, not lying down.","Definition adapted from Wiktionary contributors, CC BY-SA 4.0: https://en.wiktionary.org/wiki/rechtop#Dutch. Example: Nylez (Dutch, https://tatoeba.org/en/sentences/show/9167647) and Nylez (English, https://tatoeba.org/en/sentences/show/9870477); CC BY 2.0 FR.",B2;production,,,,,,,,,,,false
ronduit,"frankly, clearly",B2,adverb,Linking and qualifying ideas,Hij sprak ronduit over zijn ideeën.,He spoke frankly about his ideas.,"Definition adapted from Wiktionary contributors, CC BY-SA 4.0: https://en.wiktionary.org/wiki/ronduit#Dutch. Example from the same Wiktionary entry (CC BY-SA 4.0).",B2;production,,,,,,,,,,,false
telefonisch,by telephone,B2,adverb,Linking and qualifying ideas,Ik verwijs naar ons telefonisch onderhoud van vier december.,I refer to our telephone conversation of December fourth.,"Definition adapted from Wiktionary contributors, CC BY-SA 4.0: https://en.wiktionary.org/wiki/telefonisch#Dutch. Example: martinod (Dutch, https://tatoeba.org/en/sentences/show/3761334) and SunnyMoon (English, https://tatoeba.org/en/sentences/show/11160545); CC BY 2.0 FR.",B2;production,,,,,,,,,,,false
terzijde,aside,B2,adverb,Linking and qualifying ideas,Ze werd terzijde geschoven.,She got brushed aside.,"Definition adapted from Wiktionary contributors, CC BY-SA 4.0: https://en.wiktionary.org/wiki/terzijde#Dutch. Example: Micsmithel (Dutch, https://tatoeba.org/en/sentences/show/7066225) and Scott (English, https://tatoeba.org/en/sentences/show/1111547); CC BY 2.0 FR.",B2;production,,,,,,,,,,,false
tevens,"moreover, also",B2,adverb,Linking and qualifying ideas,2015 was het Internationale Jaar van de Bodem en tevens het Internationale Jaar van het Licht.,2015 was the International Year of Soil and also the International Year of Light.,"Definition adapted from Wiktionary contributors, CC BY-SA 4.0: https://en.wiktionary.org/wiki/tevens#Dutch. Example: Micsmithel (Dutch, https://tatoeba.org/en/sentences/show/10544941) and Hybrid (English, https://tatoeba.org/en/sentences/show/4921559); CC BY 2.0 FR.",B2;production,,,,,,,,,,,false
uiteen,apart,B2,adverb,Linking and qualifying ideas,Het rijk viel uiteen.,The empire fell apart.,"Definition adapted from Wiktionary contributors, CC BY-SA 4.0: https://en.wiktionary.org/wiki/uiteen#Dutch. Example: MarijnKp (Dutch, https://tatoeba.org/en/sentences/show/3159840) and mccarras (English, https://tatoeba.org/en/sentences/show/8979543); CC BY 2.0 FR.",B2;production,,,,,,,,,,,false
uitermate,extremely,B2,adverb,Linking and qualifying ideas,Vandaag ben ik uitermate moe.,Today I am extremely tired.,"Definition adapted from Wiktionary contributors, CC BY-SA 4.0: https://en.wiktionary.org/wiki/uitermate#Dutch. Example: PaulP (Dutch, https://tatoeba.org/en/sentences/show/4714245) and tatoebashrek (English, https://tatoeba.org/en/sentences/show/12430172); CC BY 2.0 FR.",B2;production,,,,,,,,,,,false
vanbinnen,on the inside,B2,adverb,Linking and qualifying ideas,Sami was altijd hol vanbinnen.,Sami was always empty inside.,"Definition adapted from Wiktionary contributors, CC BY-SA 4.0: https://en.wiktionary.org/wiki/vanbinnen#Dutch. Example: Micsmithel (Dutch, https://tatoeba.org/en/sentences/show/6487978) and OsoHombre (English, https://tatoeba.org/en/sentences/show/6476430); CC BY 2.0 FR.",B2;production,,,,,,,,,,,false
vandaar,"hence, therefore",B2,adverb,Linking and qualifying ideas,Vandaar dat ik hier zal moeten blijven.,"Hence, I shall have to stay here.","Definition adapted from Wiktionary contributors, CC BY-SA 4.0: https://en.wiktionary.org/wiki/vandaar#Dutch. Example: doemaar14 (Dutch, https://tatoeba.org/en/sentences/show/10336213) and shekitten (English, https://tatoeba.org/en/sentences/show/42024); CC BY 2.0 FR.",B2;production,,,,,,,,,,,false
veelal,mostly – more often than not,B2,adverb,Linking and qualifying ideas,De straten daar bestaan veelal uit klinkers en zand.,The streets there are mostly made of cobblestones and sand.,"Definition adapted from Wiktionary contributors, CC BY-SA 4.0: https://en.wiktionary.org/wiki/veelal#Dutch. Example: Tom9358 (Dutch, https://tatoeba.org/en/sentences/show/13602374) and Tom9358 (English, https://tatoeba.org/en/sentences/show/13602375); CC BY 2.0 FR.",B2;production,,,,,,,,,,,false
veruit,by far,B2,adverb,Linking and qualifying ideas,Tom is veruit de beste leraar die ik ooit heb gehad.,Tom is by far the best teacher I've ever had.,"Definition adapted from Wiktionary contributors, CC BY-SA 4.0: https://en.wiktionary.org/wiki/veruit#Dutch. Example: megamanenm (Dutch, https://tatoeba.org/en/sentences/show/11548928) and CK (English, https://tatoeba.org/en/sentences/show/8370187); CC BY 2.0 FR.",B2;production,,,,,,,,,,,false
voordien,before this,B2,adverb,Linking and qualifying ideas,Hij vroeg me of ik goed geslapen had de nacht voordien.,He asked me if I had slept well the night before.,"Definition adapted from Wiktionary contributors, CC BY-SA 4.0: https://en.wiktionary.org/wiki/voordien#Dutch. Example: LaraCroft (Dutch, https://tatoeba.org/en/sentences/show/714792) and CK (English, https://tatoeba.org/en/sentences/show/244745); CC BY 2.0 FR.",B2;production,,,,,,,,,,,false
vrijdagavond,Friday evening,B2,adverb,Linking and qualifying ideas,Tom en zijn vrienden spelen bijna iedere vrijdagavond poker.,Tom and his friends play poker almost every Friday night.,"Definition adapted from Wiktionary contributors, CC BY-SA 4.0: https://en.wiktionary.org/wiki/vrijdagavond#Dutch. Example: Nylez (Dutch, https://tatoeba.org/en/sentences/show/9681399) and CK (English, https://tatoeba.org/en/sentences/show/2050700); CC BY 2.0 FR.",B2;production,,,,,,,,,,,false
vrijuit,"frankly, freely",B2,adverb,Linking and qualifying ideas,U kunt hier vrijuit spreken.,You can talk freely here.,"Definition adapted from Wiktionary contributors, CC BY-SA 4.0: https://en.wiktionary.org/wiki/vrijuit#Dutch. Example: doemaar14 (Dutch, https://tatoeba.org/en/sentences/show/11217538) and CK (English, https://tatoeba.org/en/sentences/show/9518629); CC BY 2.0 FR.",B2;production,,,,,,,,,,,false
zoal,Indicates that the speaker expects the listener to give examples,B2,adverb,Linking and qualifying ideas,"Ik ben nog nooit in Stockholm geweest, wat is daar zoal te doen?","I have never been in Stockholm, what kinds of things are there to do there?","Definition adapted from Wiktionary contributors, CC BY-SA 4.0: https://en.wiktionary.org/wiki/zoal#Dutch. Example from the same Wiktionary entry (CC BY-SA 4.0).",B2;production,,,,,,,,,,,false
aard,"nature, character, disposition",B2,noun,Nature and environment,Je vraagt mij naar de aard van de ziel.,You ask me about the nature of the soul.,"Definition adapted from Wiktionary contributors, CC BY-SA 4.0: https://en.wiktionary.org/wiki/aard#Dutch. Example: slavneui (Dutch, https://tatoeba.org/en/sentences/show/656978) and SunnyMoon (English, https://tatoeba.org/en/sentences/show/11171487); CC BY 2.0 FR.",B2;production,de,aarden,aardje,,,,,,,,false
aarde,"earth, soil, ground",B2,noun,Nature and environment,In de middeleeuwen wist men dat de aarde rond was.,People in the Middle Ages knew the earth was round.,"Definition adapted from Wiktionary contributors, CC BY-SA 4.0: https://en.wiktionary.org/wiki/aarde#Dutch. Example: Globetrotter (Dutch, https://tatoeba.org/en/sentences/show/2284381) and megamanenm (English, https://tatoeba.org/en/sentences/show/11516419); CC BY 2.0 FR.",B2;production,de,aardes,aardetje,,,,,,,,false
barsten,"to burst, split completely",B2,verb,Nature and environment,Giet geen heet water in het glas: het zou kunnen barsten.,"Do not pour hot water in the glass, as it may burst.","Definition adapted from Wiktionary contributors, CC BY-SA 4.0: https://en.wiktionary.org/wiki/barsten#Dutch. Example: martinod (Dutch, https://tatoeba.org/en/sentences/show/2151548) and SunnyMoon (English, https://tatoeba.org/en/sentences/show/11177398); CC BY 2.0 FR.",B2;production,,,,regular,false,zijn,gebarsten,,,,false
beer,"bear, any member of the family Ursidae",B2,noun,Nature and environment,De beer heeft een van de scherpste reukzintuigen van het dierenrijk.,A bear has one of the keenest noses in the animal kingdom.,"Definition adapted from Wiktionary contributors, CC BY-SA 4.0: https://en.wiktionary.org/wiki/beer#Dutch. Example: carlosalberto (Dutch, https://tatoeba.org/en/sentences/show/12308614) and OsoHombre (English, https://tatoeba.org/en/sentences/show/6331149); CC BY 2.0 FR.",B2;production,de,beren,beertje,,,,,,,,false
cel,cell; component of a battery,B2,noun,Nature and environment,Het percentage lipiden in een dierlijke cel is ongeveer 8%.,The percentage of lipids in an animal cell is about 8%.,"Definition adapted from Wiktionary contributors, CC BY-SA 4.0: https://en.wiktionary.org/wiki/cel#Dutch. Example: MarijnKp (Dutch, https://tatoeba.org/en/sentences/show/9589707) and aka_aj (English, https://tatoeba.org/en/sentences/show/1691355); CC BY 2.0 FR.",B2;production,de,cellen,celletje,,,,,,,,false
das,"A badger, various species of genera Meles and Taxidea",B2,noun,Nature and environment,De das beet de jongen.,The badger bit the boy.,"Definition adapted from Wiktionary contributors, CC BY-SA 4.0: https://en.wiktionary.org/wiki/das#Dutch. Example: MarijnKp (Dutch, https://tatoeba.org/en/sentences/show/8627780) and muriloricci (English, https://tatoeba.org/en/sentences/show/3807635); CC BY 2.0 FR.",B2;production,de,dassen,dasje,,,,,,,,false
doorzichtig,transparent,B2,adjective,Nature and environment,Water is een doorzichtige vloeistof.,Water is a transparent liquid.,"Definition adapted from Wiktionary contributors, CC BY-SA 4.0: https://en.wiktionary.org/wiki/doorzichtig#Dutch. Example: otterbaskets (Dutch, https://tatoeba.org/en/sentences/show/3600373) and marcelostockle (English, https://tatoeba.org/en/sentences/show/1561909); CC BY 2.0 FR.",B2;production,,,,,,,,doorzichtige,doorzichtiger,doorzichtigst,false
draai,"rotation, spin, turn",B2,noun,Nature and environment,Wat doet de aarde draaien?,What makes the earth turn?,"Definition adapted from Wiktionary contributors, CC BY-SA 4.0: https://en.wiktionary.org/wiki/draai#Dutch. Example: Ronaldonl (Dutch, https://tatoeba.org/en/sentences/show/868927) and rul (English, https://tatoeba.org/en/sentences/show/12820565); CC BY 2.0 FR.",B2;production,de,draaien,draaitje,,,,,,,,false
drinkwater,drinking water,B2,noun,Nature and environment,Dat is geen drinkwater.,That isn't drinking water.,"Definition adapted from Wiktionary contributors, CC BY-SA 4.0: https://en.wiktionary.org/wiki/drinkwater#Dutch. Example: Tom9358 (Dutch, https://tatoeba.org/en/sentences/show/12882432) and Tom9358 (English, https://tatoeba.org/en/sentences/show/12882433); CC BY 2.0 FR.",B2;production,het,drinkwateren / drinkwaters,drinkwatertje,,,,,,,,false
duik,"dive, the act of diving into the water",B2,noun,Nature and environment,"Tijdens het duiken, ontdekte ik het lichaam van een verdronken man.","While diving, I discovered the dead body of a drowned person.","Definition adapted from Wiktionary contributors, CC BY-SA 4.0: https://en.wiktionary.org/wiki/duik#Dutch. Example: Micsmithel (Dutch, https://tatoeba.org/en/sentences/show/10166566) and cromwellt (English, https://tatoeba.org/en/sentences/show/8383985); CC BY 2.0 FR.",B2;production,de,duiken,duikje,,,,,,,,false
energiek,"energetic, lively",B2,adjective,Nature and environment,Ik voel me energiek en gelukkig.,I feel energetic and happy.,"Definition adapted from Wiktionary contributors, CC BY-SA 4.0: https://en.wiktionary.org/wiki/energiek#Dutch. Example: Elsofie (Dutch, https://tatoeba.org/en/sentences/show/8311143) and Hybrid (English, https://tatoeba.org/en/sentences/show/3399595); CC BY 2.0 FR.",B2;production,,,,,,,,energieke,energieker,energiekst,false
fauna,"fauna, the animal life inhabiting an area",B2,noun,Nature and environment,Ons land heeft een prachtige fauna.,Our country has a beautiful fauna.,"Definition adapted from Wiktionary contributors, CC BY-SA 4.0: https://en.wiktionary.org/wiki/fauna#Dutch. Example: carlosalberto (Dutch, https://tatoeba.org/en/sentences/show/11844782) and carlosalberto (English, https://tatoeba.org/en/sentences/show/11844760); CC BY 2.0 FR.",B2;production,de,fauna's,,,,,,,,,false
fraai,"beautiful, pretty, handsome",B2,adjective,Nature and environment,Laten we de fraaie natuur om ons heen beschermen.,Let us protect the beautiful nature that surrounds us.,"Definition adapted from Wiktionary contributors, CC BY-SA 4.0: https://en.wiktionary.org/wiki/fraai#Dutch. Example: MarijnKp (Dutch, https://tatoeba.org/en/sentences/show/10739437) and kuma (English, https://tatoeba.org/en/sentences/show/2393494); CC BY 2.0 FR.",B2;production,,,,,,,,fraaie,fraaier,fraaist,false
kerncentrale,nuclear power plant,B2,noun,Nature and environment,Hij beweerde dat het water in de haven van de kerncentrale van Fukushima niet meer radioactief is.,He claimed that the water in the harbor of the nuclear power plant in Fukushima is no longer radioactive.,"Definition adapted from Wiktionary contributors, CC BY-SA 4.0: https://en.wiktionary.org/wiki/kerncentrale#Dutch. Example: PaulP (Dutch, https://tatoeba.org/en/sentences/show/3164016) and megamanenm (English, https://tatoeba.org/en/sentences/show/10218334); CC BY 2.0 FR.",B2;production,de,kerncentrales,kerncentraletje,,,,,,,,false
kolom,column,B2,noun,Nature and environment,De geiser spuit elke twee uur een kolom heet water omhoog.,The geyser sends up a column of hot water every two hours.,"Definition adapted from Wiktionary contributors, CC BY-SA 4.0: https://en.wiktionary.org/wiki/kolom#Dutch. Example: Micsmithel (Dutch, https://tatoeba.org/en/sentences/show/10751957) and mcq (English, https://tatoeba.org/en/sentences/show/20832); CC BY 2.0 FR.",B2;production,de,kolommen,kolommetje,,,,,,,,false
kool,"cabbage, plant of genus Brassica",B2,noun,Nature and environment,De haas eet de kool op.,The rabbit eats the cabbage.,"Definition adapted from Wiktionary contributors, CC BY-SA 4.0: https://en.wiktionary.org/wiki/kool#Dutch. Example: PaulP (Dutch, https://tatoeba.org/en/sentences/show/13373457) and Taam (English, https://tatoeba.org/en/sentences/show/9513953); CC BY 2.0 FR.",B2;production,de,kolen,kooltje,,,,,,,,false
kunstwerk,"man-made structure built with materials other than earth and sand, such as bridges, culverts, viaducts, tunnels, etc",B2,noun,Nature and environment,De kunstwerken van Picasso zijn vaker gestolen dan die van enig andere kunstenaar.,Picasso's art is stolen more frequently than that of any other artist.,"Definition adapted from Wiktionary contributors, CC BY-SA 4.0: https://en.wiktionary.org/wiki/kunstwerk#Dutch. Example: Raizin (Dutch, https://tatoeba.org/en/sentences/show/6117073) and Hybrid (English, https://tatoeba.org/en/sentences/show/6116746); CC BY 2.0 FR.",B2;production,het,kunstwerken,kunstwerkje,,,,,,,,false
mild,mild,B2,adjective,Nature and environment,Over het algemeen is het klimaat in Japan mild.,"Generally speaking, the climate of Japan is mild.","Definition adapted from Wiktionary contributors, CC BY-SA 4.0: https://en.wiktionary.org/wiki/mild#Dutch. Example: Nylez (Dutch, https://tatoeba.org/en/sentences/show/9562278) and CK (English, https://tatoeba.org/en/sentences/show/21784); CC BY 2.0 FR.",B2;production,,,,,,,,milde,milder,mildst,false
onkruid,weed; weeds,B2,noun,Nature and environment,Wat is een onkruid? Een plant waarvan de deugden niet helemaal ontdekt zijn.,What is a weed? A plant whose virtues have not yet been discovered.,"Definition adapted from Wiktionary contributors, CC BY-SA 4.0: https://en.wiktionary.org/wiki/onkruid#Dutch. Example: SunnyMoon (Dutch, https://tatoeba.org/en/sentences/show/11375189) and Scott (English, https://tatoeba.org/en/sentences/show/868158); CC BY 2.0 FR.",B2;production,het,onkruiden,onkruidje,,,,,,,,false
percentage,percentage,B2,noun,Nature and environment,Het percentage lipiden in een dierlijke cel is ongeveer 8%.,The percentage of lipids in an animal cell is about 8%.,"Definition adapted from Wiktionary contributors, CC BY-SA 4.0: https://en.wiktionary.org/wiki/percentage#Dutch. Example: MarijnKp (Dutch, https://tatoeba.org/en/sentences/show/9589707) and aka_aj (English, https://tatoeba.org/en/sentences/show/1691355); CC BY 2.0 FR.",B2;production,het,percentages,,,,,,,,,false
planten,to plant,B2,verb,Nature and environment,We willen in de tuin drie bomen planten.,We want to plant three trees in the garden.,,B2;production,,,,regular,false,hebben,geplant,,,,false
poot,limb of an animal,B2,noun,Nature and environment,Spinnen hebben acht poten.,Spiders have eight legs.,"Definition adapted from Wiktionary contributors, CC BY-SA 4.0: https://en.wiktionary.org/wiki/poot#Dutch. Example from the same Wiktionary entry (CC BY-SA 4.0).",B2;production,de,poten,pootje,,,,,,,,false
roos,"rose, ornamental plant of the genus Rosa",B2,noun,Nature and environment,Maria ziet er in haar tuin uit als een zeldzame roos.,"Mary, in her garden, looks like a rare rose.","Definition adapted from Wiktionary contributors, CC BY-SA 4.0: https://en.wiktionary.org/wiki/roos#Dutch. Example: carlosalberto (Dutch, https://tatoeba.org/en/sentences/show/12200719) and carlosalberto (English, https://tatoeba.org/en/sentences/show/12200736); CC BY 2.0 FR.",B2;production,de,rozen,roosje,,,,,,,,false
staart,object dangling like an animal's tail,B2,noun,Nature and environment,Een rat is een dier met een lange staart dat lijkt op een grote muis.,A rat is an animal which has a long tail and looks like a large mouse.,"Definition adapted from Wiktionary contributors, CC BY-SA 4.0: https://en.wiktionary.org/wiki/staart#Dutch. Example: Tom9358 (Dutch, https://tatoeba.org/en/sentences/show/13748522) and Adelpa (English, https://tatoeba.org/en/sentences/show/13605582); CC BY 2.0 FR.",B2;production,de,staarten,staartje,,,,,,,,false
tabak,tobacco plant,B2,noun,Nature and environment,Veel tabak wordt geteeld in North Carolina.,A lot of tobacco is grown in North Carolina.,"Definition adapted from Wiktionary contributors, CC BY-SA 4.0: https://en.wiktionary.org/wiki/tabak#Dutch. Example: Elsofie (Dutch, https://tatoeba.org/en/sentences/show/8371134) and orcrist (English, https://tatoeba.org/en/sentences/show/3668485); CC BY 2.0 FR.",B2;production,de,tabakken,tabakje,,,,,,,,false
tijdperk,"age, era",B2,noun,Nature and environment,Geen enkel land op aarde is veilig in dit nucleaire tijdperk.,No country on earth is safe in this nuclear age.,"Definition adapted from Wiktionary contributors, CC BY-SA 4.0: https://en.wiktionary.org/wiki/tijdperk#Dutch. Example: MarijnKp (Dutch, https://tatoeba.org/en/sentences/show/8650124) and Swift (English, https://tatoeba.org/en/sentences/show/453046); CC BY 2.0 FR.",B2;production,het,tijdperken,tijdperkje,,,,,,,,false
toetsenbord,keyboard,B2,noun,Nature and environment,Zorg ervoor dat je geen water op het toetsenbord morst.,Make sure not to spill water onto the keyboard.,"Definition adapted from Wiktionary contributors, CC BY-SA 4.0: https://en.wiktionary.org/wiki/toetsenbord#Dutch. Example: carlosalberto (Dutch, https://tatoeba.org/en/sentences/show/12996184) and glossboss (English, https://tatoeba.org/en/sentences/show/12995908); CC BY 2.0 FR.",B2;production,het,toetsenborden,toetsenbordje,,,,,,,,false
urgent,urgent,B2,adjective,Nature and environment,Een van de meest urgente uitdagingen van onze tijd is klimaatverandering.,One of the most urgent challenges of our time is climate change.,"Definition adapted from Wiktionary contributors, CC BY-SA 4.0: https://en.wiktionary.org/wiki/urgent#Dutch. Example: MarijnKp (Dutch, https://tatoeba.org/en/sentences/show/8803458) and BHO (English, https://tatoeba.org/en/sentences/show/5541469); CC BY 2.0 FR.",B2;production,,,,,,,,urgente,urgenter,urgentst,false
vernietiging,destruction,B2,noun,Nature and environment,De vernietiging van het milieu is groot.,The destruction of the environment is big.,"Definition adapted from Wiktionary contributors, CC BY-SA 4.0: https://en.wiktionary.org/wiki/vernietiging#Dutch. Example: carlosalberto (Dutch, https://tatoeba.org/en/sentences/show/11426763) and carlosalberto (English, https://tatoeba.org/en/sentences/show/11426731); CC BY 2.0 FR.",B2;production,de,vernietigingen,,,,,,,,,false
veronderstelling,"supposition, assumption",B2,noun,Nature and environment,"Deze veronderstelling, dat de aarde onbeweeglijk zou zijn, was volstrekt foutief.","This supposition, that the Earth is immobile, was completely untrue.","Definition adapted from Wiktionary contributors, CC BY-SA 4.0: https://en.wiktionary.org/wiki/veronderstelling#Dutch. Example: simonbr (Dutch, https://tatoeba.org/en/sentences/show/3349972) and pne (English, https://tatoeba.org/en/sentences/show/1809074); CC BY 2.0 FR.",B2;production,de,veronderstellingen,veronderstellinkje,,,,,,,,false
verrijken,to enrich,B2,verb,Nature and environment,De uitwisseling heeft mijn kennis van de cultuur verrijkt.,The exchange enriched my knowledge of the culture.,,B2;production,,,,regular,false,hebben,verrijkt,,,,false
vrijlating,release,B2,noun,Nature and environment,De vrijlating van de dieren in het wild was een belangrijke mijlpaal voor het behoud van de soort.,The release of the animals into the wild was a significant milestone for species conservation.,"Definition adapted from Wiktionary contributors, CC BY-SA 4.0: https://en.wiktionary.org/wiki/vrijlating#Dutch. Example from the same Wiktionary entry (CC BY-SA 4.0).",B2;production,de,vrijlatingen,,,,,,,,,false
wake,vigil,B2,noun,Nature and environment,De buurt hield een wake voor de slachtoffers.,The neighbourhood held a vigil for the victims.,,B2;production,de,waken,,,,,,,,,false
waterdicht,"waterproof, watertight",B2,adjective,Nature and environment,Weet je zeker of het waterdicht is?,Are you sure it's waterproof?,"Definition adapted from Wiktionary contributors, CC BY-SA 4.0: https://en.wiktionary.org/wiki/waterdicht#Dutch. Example: SunnyMoon (Dutch, https://tatoeba.org/en/sentences/show/11271727) and DJ_Saidez (English, https://tatoeba.org/en/sentences/show/9165661); CC BY 2.0 FR.",B2;production,,,,,,,,waterdichte,,,false
zaad,"plant seed, either natural or for agri- or horticultural use",B2,noun,Nature and environment,Eerst moeten we al die zaden planten.,"First of all, we have to plant all these seeds.","Definition adapted from Wiktionary contributors, CC BY-SA 4.0: https://en.wiktionary.org/wiki/zaad#Dutch. Example: lonepawn (Dutch, https://tatoeba.org/en/sentences/show/3958743) and CK (English, https://tatoeba.org/en/sentences/show/3097226); CC BY 2.0 FR.",B2;production,het,zaden,zaadje,,,,,,,,false
zaaien,"to sow, plant seed",B2,verb,Nature and environment,De lijsterbes bloeit. Het is tijd om vlas te zaaien.,The mountain ash is blooming. It's time to sow flax.,"Definition adapted from Wiktionary contributors, CC BY-SA 4.0: https://en.wiktionary.org/wiki/zaaien#Dutch. Example: MarijnKp (Dutch, https://tatoeba.org/en/sentences/show/12970556) and AlanF_US (English, https://tatoeba.org/en/sentences/show/8324188); CC BY 2.0 FR.",B2;production,,,,regular,false,hebben,gezaaid,,,,false
zwaan,"swan, a large waterbird of the genera Cygnus and Coscoroba",B2,noun,Nature and environment,Er is een zwaan in het water daar.,There is a swan in the water there.,"Definition adapted from Wiktionary contributors, CC BY-SA 4.0: https://en.wiktionary.org/wiki/zwaan#Dutch. Example: Arraroak (Dutch, https://tatoeba.org/en/sentences/show/1142564) and Arraroak (English, https://tatoeba.org/en/sentences/show/1142560); CC BY 2.0 FR.",B2;production,de,zwanen,zwaantje,,,,,,,,false
broeikasgas,greenhouse gas,B2,noun,"Nature, health and everyday change",We willen de uitstoot van broeikasgassen verminderen.,We want to reduce greenhouse gas emissions.,,B2;production,het,broeikasgassen,,,,,,,,,false
habitat,habitat,B2,noun,"Nature, health and everyday change",De aanleg van de weg bedreigt hun natuurlijke habitat.,Construction of the road threatens their natural habitat.,,B2;production,de,habitats,habitatje,,,,,,,,false
vegetatie,vegetation,B2,noun,"Nature, health and everyday change",De vegetatie langs de rivier is dicht en groen.,The vegetation along the river is dense and green.,,B2;production,de,vegetaties,,,,,,,,,false
aanbeveling,recommendation,B2,noun,"People, objects and abstract concepts",Dank je wel voor de aanbeveling.,Thank you for your recommendation.,"Definition adapted from Wiktionary contributors, CC BY-SA 4.0: https://en.wiktionary.org/wiki/aanbeveling#Dutch. Example: LinguisticFusion (Dutch, https://tatoeba.org/en/sentences/show/4933617) and robbieheslop (English, https://tatoeba.org/en/sentences/show/4931965); CC BY 2.0 FR.",B2;production,de,aanbevelingen,aanbevelinkje,,,,,,,,false
aandeel,"contribution, part",B2,noun,"People, objects and abstract concepts",Elk teamlid had een belangrijk aandeeltje in het behalen van de overwinning.,Each team member had an important part in achieving the victory.,"Definition adapted from Wiktionary contributors, CC BY-SA 4.0: https://en.wiktionary.org/wiki/aandeel#Dutch. Example from the same Wiktionary entry (CC BY-SA 4.0).",B2;production,het,aandelen,aandeeltje,,,,,,,,false
aangifte,declaration,B2,noun,"People, objects and abstract concepts",Het invullen van de aangifte kan ingewikkeld zijn zonder hulp.,Filling out the declaration can be complex without help.,"Definition adapted from Wiktionary contributors, CC BY-SA 4.0: https://en.wiktionary.org/wiki/aangifte#Dutch. Example from the same Wiktionary entry (CC BY-SA 4.0).",B2;production,de,aangiften / aangiftes,aangiftetje,,,,,,,,false
aanklacht,"indictment, charge against a crime",B2,noun,"People, objects and abstract concepts",De aanklacht was niet waar.,The charge was not true.,"Definition adapted from Wiktionary contributors, CC BY-SA 4.0: https://en.wiktionary.org/wiki/aanklacht#Dutch. Example: PaulP (Dutch, https://tatoeba.org/en/sentences/show/13125709) and Source_VOA (English, https://tatoeba.org/en/sentences/show/806864); CC BY 2.0 FR.",B2;production,de,aanklachten,aanklachtje,,,,,,,,false
aanklager,prosecutor,B2,noun,"People, objects and abstract concepts",Een nieuwe aanklager nam de zaak van de vorige over.,A new prosecutor took over the case from the previous one.,"Definition adapted from Wiktionary contributors, CC BY-SA 4.0: https://en.wiktionary.org/wiki/aanklager#Dutch. Example: megamanenm (Dutch, https://tatoeba.org/en/sentences/show/11028709) and megamanenm (English, https://tatoeba.org/en/sentences/show/11028708); CC BY 2.0 FR.",B2;production,de,aanklagers,aanklagertje,,,,,,,,false
aankondiging,"announcement, notice",B2,noun,"People, objects and abstract concepts",Ik heb de aankondiging net niet goed gehoord.,I couldn't understand the announcement that was just made.,"Definition adapted from Wiktionary contributors, CC BY-SA 4.0: https://en.wiktionary.org/wiki/aankondiging#Dutch. Example: Micsmithel (Dutch, https://tatoeba.org/en/sentences/show/10041576) and CK (English, https://tatoeba.org/en/sentences/show/241721); CC BY 2.0 FR.",B2;production,de,aankondigingen,aankondiginkje,,,,,,,,false
aanloop,run-up,B2,noun,"People, objects and abstract concepts",Zij nam een aanloop en waagde de sprong.,She did a run-up and risked the jump.,"Definition adapted from Wiktionary contributors, CC BY-SA 4.0: https://en.wiktionary.org/wiki/aanloop#Dutch. Example from the same Wiktionary entry (CC BY-SA 4.0).",B2;production,de,aanlopen,aanloopje,,,,,,,,false
aanrader,recommendation,B2,noun,"People, objects and abstract concepts",Een dagtocht naar Delft is zeker een aanrader!,A day trip to Delft is definitely recommended!,"Definition adapted from Wiktionary contributors, CC BY-SA 4.0: https://en.wiktionary.org/wiki/aanrader#Dutch. Example from the same Wiktionary entry (CC BY-SA 4.0).",B2;production,de,aanraders,aanradertje,,,,,,,,false
aanschaf,purchase,B2,noun,"People, objects and abstract concepts",Met het pak aan liep Dima het pashokje uit en verklaarde dat hij de aanschaf wilde doen.,"Keeping the suit on, Dima walked out of the changing room and stated that he wanted to make the purchase.","Definition adapted from Wiktionary contributors, CC BY-SA 4.0: https://en.wiktionary.org/wiki/aanschaf#Dutch. Example: Dorenda (Dutch, https://tatoeba.org/en/sentences/show/504624) and FeuDRenais (English, https://tatoeba.org/en/sentences/show/504068); CC BY 2.0 FR.",B2;production,de,aanschaffen,,,,,,,,,false
aanslag,"attack, assault",B2,noun,"People, objects and abstract concepts","U bent de enige die de aanslag heeft overleefd, nietwaar?","You're the only one to survive the attack, aren't you?","Definition adapted from Wiktionary contributors, CC BY-SA 4.0: https://en.wiktionary.org/wiki/aanslag#Dutch. Example: doemaar14 (Dutch, https://tatoeba.org/en/sentences/show/8434814) and CK (English, https://tatoeba.org/en/sentences/show/6905947); CC BY 2.0 FR.",B2;production,de,aanslagen,aanslagje,,,,,,,,false
aanstelling,appointment,B2,noun,"People, objects and abstract concepts",De ouders van Jane waren blij met haar aanstelling als lerares op de school.,Jane's parents were pleased about her appointment as a teacher at the school.,"Definition adapted from Wiktionary contributors, CC BY-SA 4.0: https://en.wiktionary.org/wiki/aanstelling#Dutch. Example: Elsofie (Dutch, https://tatoeba.org/en/sentences/show/8486497) and CP (English, https://tatoeba.org/en/sentences/show/325696); CC BY 2.0 FR.",B2;production,de,aanstellingen,aanstellinkje,,,,,,,,false
aanvaller,attacker,B2,noun,"People, objects and abstract concepts",Layla is door een onbekende aanvaller doodgeschoten.,Layla was shot by an unidentified attacker.,"Definition adapted from Wiktionary contributors, CC BY-SA 4.0: https://en.wiktionary.org/wiki/aanvaller#Dutch. Example: megamanenm (Dutch, https://tatoeba.org/en/sentences/show/10749150) and OsoHombre (English, https://tatoeba.org/en/sentences/show/6043919); CC BY 2.0 FR.",B2;production,de,aanvallers,aanvallertje,,,,,,,,false
aanvoerder,captain,B2,noun,"People, objects and abstract concepts",We hebben Tom verkozen tot de aanvoerder van het team.,We elected Tom captain of the team.,"Definition adapted from Wiktionary contributors, CC BY-SA 4.0: https://en.wiktionary.org/wiki/aanvoerder#Dutch. Example: Raizin (Dutch, https://tatoeba.org/en/sentences/show/4516545) and CK (English, https://tatoeba.org/en/sentences/show/248241); CC BY 2.0 FR.",B2;production,de,aanvoerders,aanvoerdertje,,,,,,,,false
aanvulling,"supplement, addition, replenishment",B2,noun,"People, objects and abstract concepts",Dit is een waardevolle aanvulling op onze collectie.,This is a valuable addition to our collection.,"Definition adapted from Wiktionary contributors, CC BY-SA 4.0: https://en.wiktionary.org/wiki/aanvulling#Dutch. Example: Elsofie (Dutch, https://tatoeba.org/en/sentences/show/8545135) and al_ex_an_der (English, https://tatoeba.org/en/sentences/show/3436206); CC BY 2.0 FR.",B2;production,de,aanvullingen,aanvullinkje,,,,,,,,false
aanwinst,"acquisition, addition, gain",B2,noun,"People, objects and abstract concepts",Hij is een nieuwe aanwinst voor het onderwijspersoneel.,He is a new addition to the teaching staff.,"Definition adapted from Wiktionary contributors, CC BY-SA 4.0: https://en.wiktionary.org/wiki/aanwinst#Dutch. Example: megamanenm (Dutch, https://tatoeba.org/en/sentences/show/3493035) and CK (English, https://tatoeba.org/en/sentences/show/283881); CC BY 2.0 FR.",B2;production,de,aanwinsten,aanwinstje,,,,,,,,false
aap,"monkey, ape, simian; any member of the infraorder Simiiformes",B2,noun,"People, objects and abstract concepts","Ik praat niet met jou, ik praat met de aap.","I'm not talking to you, I'm talking to the monkey.","Definition adapted from Wiktionary contributors, CC BY-SA 4.0: https://en.wiktionary.org/wiki/aap#Dutch. Example: Tom9358 (Dutch, https://tatoeba.org/en/sentences/show/12820080) and Tom9358 (English, https://tatoeba.org/en/sentences/show/12820082); CC BY 2.0 FR.",B2;production,de,apen,aapje,,,,,,,,false
aardbeving,earthquake,B2,noun,"People, objects and abstract concepts",We moeten solidair zijn met de slachtoffers van de aardbeving.,We must show solidarity with the earthquake victims.,"Definition adapted from Wiktionary contributors, CC BY-SA 4.0: https://en.wiktionary.org/wiki/aardbeving#Dutch. Example: carlosalberto (Dutch, https://tatoeba.org/en/sentences/show/11577888) and carlosalberto (English, https://tatoeba.org/en/sentences/show/11577874); CC BY 2.0 FR.",B2;production,de,aardbevingen,aardbevinkje,,,,,,,,false
abdij,"abbey, monastery under a prelate styled abbot",B2,noun,"People, objects and abstract concepts","Jarenlang werd de abdij omgevormd tot een fort, dat gelukkig samenging met krijgshaftige en godsdienstige architectuur.","For many years, the abbey was turned into a fortress, happily joining in itself martial and religious architecture.","Definition adapted from Wiktionary contributors, CC BY-SA 4.0: https://en.wiktionary.org/wiki/abdij#Dutch. Example: SunnyMoon (Dutch, https://tatoeba.org/en/sentences/show/11341706) and emory989 (English, https://tatoeba.org/en/sentences/show/1513945); CC BY 2.0 FR.",B2;production,de,abdijen,abdijtje,,,,,,,,false
abortus,"abortion, induced abortion",B2,noun,"People, objects and abstract concepts",Kan een abortus invloed hebben op mijn vruchtbaarheid?,Can having an abortion affect my fertility?,"Definition adapted from Wiktionary contributors, CC BY-SA 4.0: https://en.wiktionary.org/wiki/abortus#Dutch. Example: Raizin (Dutch, https://tatoeba.org/en/sentences/show/9806406) and Igider (English, https://tatoeba.org/en/sentences/show/9805511); CC BY 2.0 FR.",B2;production,de,abortussen,abortusje,,,,,,,,false
academie,academy,B2,noun,"People, objects and abstract concepts",Schaken is de academie van de geest.,Chess is the academy of the mind.,"Definition adapted from Wiktionary contributors, CC BY-SA 4.0: https://en.wiktionary.org/wiki/academie#Dutch. Example: carlosalberto (Dutch, https://tatoeba.org/en/sentences/show/12585365) and carlosalberto (English, https://tatoeba.org/en/sentences/show/12585343); CC BY 2.0 FR.",B2;production,de,academiën / academies,academietje,,,,,,,,false
accent,accent,B2,noun,"People, objects and abstract concepts",Ik kan vanwege zijn sterke accent zijn Engels nauwelijks verstaan.,"Because of his strong accent, I hardly understand his English.","Definition adapted from Wiktionary contributors, CC BY-SA 4.0: https://en.wiktionary.org/wiki/accent#Dutch. Example: doemaar14 (Dutch, https://tatoeba.org/en/sentences/show/12307539) and maaster (English, https://tatoeba.org/en/sentences/show/10635637); CC BY 2.0 FR.",B2;production,het,accenten,accentje,,,,,,,,false
accountant,accountant; an account-keeper or auditor,B2,noun,"People, objects and abstract concepts",De accountant en de kassier zijn broers.,The accountant and the cashier are brothers.,"Definition adapted from Wiktionary contributors, CC BY-SA 4.0: https://en.wiktionary.org/wiki/accountant#Dutch. Example: carlosalberto (Dutch, https://tatoeba.org/en/sentences/show/12038460) and carlosalberto (English, https://tatoeba.org/en/sentences/show/12038409); CC BY 2.0 FR.",B2;production,de,accountants,,,,,,,,,false
accu,battery; accumulator,B2,noun,"People, objects and abstract concepts",De accu heeft wat tijd nodig voor het opladen.,The battery takes some time to charge.,"Definition adapted from Wiktionary contributors, CC BY-SA 4.0: https://en.wiktionary.org/wiki/accu#Dutch. Example: martinod (Dutch, https://tatoeba.org/en/sentences/show/4921995) and Nylez (English, https://tatoeba.org/en/sentences/show/8953566); CC BY 2.0 FR.",B2;production,de,accu's,accuutje,,,,,,,,false
achtbaan,rollercoaster,B2,noun,"People, objects and abstract concepts",Sami was op weg naar de achtbaan.,Sami was making his way over to the rollercoaster.,"Definition adapted from Wiktionary contributors, CC BY-SA 4.0: https://en.wiktionary.org/wiki/achtbaan#Dutch. Example: Micsmithel (Dutch, https://tatoeba.org/en/sentences/show/8857307) and OsoHombre (English, https://tatoeba.org/en/sentences/show/7278506); CC BY 2.0 FR.",B2;production,de,achtbanen,achtbaantje,,,,,,,,false
achterhoofd,"back of the head, occiput",B2,noun,"People, objects and abstract concepts",Hij is niet op zijn achterhoofd gevallen.,He has not fallen on his head.,"Definition adapted from Wiktionary contributors, CC BY-SA 4.0: https://en.wiktionary.org/wiki/achterhoofd#Dutch. Example: martinod (Dutch, https://tatoeba.org/en/sentences/show/810818) and SunnyMoon (English, https://tatoeba.org/en/sentences/show/11165006); CC BY 2.0 FR.",B2;production,het,achterhoofden,achterhoofdje,,,,,,,,false
achterkant,"backside, rear-end of an object etc",B2,noun,"People, objects and abstract concepts",De kapers verplaatsten zich naar de achterkant van het vliegtuig.,The hijackers moved to the rear of the plane.,"Definition adapted from Wiktionary contributors, CC BY-SA 4.0: https://en.wiktionary.org/wiki/achterkant#Dutch. Example: doemaar14 (Dutch, https://tatoeba.org/en/sentences/show/13601406) and CK (English, https://tatoeba.org/en/sentences/show/35534); CC BY 2.0 FR.",B2;production,de,achterkanten,achterkantje,,,,,,,,false
achtertuin,backyard,B2,noun,"People, objects and abstract concepts",De vogelverschrikker in de achtertuin viel om tijdens de orkaan.,The scarecrow in the backyard fell over during the hurricane.,"Definition adapted from Wiktionary contributors, CC BY-SA 4.0: https://en.wiktionary.org/wiki/achtertuin#Dutch. Example: MarijnKp (Dutch, https://tatoeba.org/en/sentences/show/7327491) and madhatter5 (English, https://tatoeba.org/en/sentences/show/1540403); CC BY 2.0 FR.",B2;production,de,achtertuinen,achtertuintje,,,,,,,,false
activist,activist,B2,noun,"People, objects and abstract concepts",Al Gore is een activist tegen het opwarmen van de aarde.,Al Gore is a global-warming activist.,"Definition adapted from Wiktionary contributors, CC BY-SA 4.0: https://en.wiktionary.org/wiki/activist#Dutch. Example: Raizin (Dutch, https://tatoeba.org/en/sentences/show/6626570) and Source_VOA (English, https://tatoeba.org/en/sentences/show/680076); CC BY 2.0 FR.",B2;production,de,activisten,,,,,,,,,false
actrice,actress,B2,noun,"People, objects and abstract concepts",De actrice vind het vervelend als onbekenden haar blijven aangapen.,The actress finds it annoying when strangers keep staring at her.,"Definition adapted from Wiktionary contributors, CC BY-SA 4.0: https://en.wiktionary.org/wiki/actrice#Dutch. Example: vvv123 (Dutch, https://tatoeba.org/en/sentences/show/3548667) and SunnyMoon (English, https://tatoeba.org/en/sentences/show/11173848); CC BY 2.0 FR.",B2;production,de,actrices,actricetje,,,,,,,,false
adelaar,eagle,B2,noun,"People, objects and abstract concepts",Een van de vleugels van de adelaar was gebroken.,One of the eagle's wings was broken.,"Definition adapted from Wiktionary contributors, CC BY-SA 4.0: https://en.wiktionary.org/wiki/adelaar#Dutch. Example: Raizin (Dutch, https://tatoeba.org/en/sentences/show/6631436) and CarpeLanam (English, https://tatoeba.org/en/sentences/show/6622799); CC BY 2.0 FR.",B2;production,de,adelaars,adelaartje,,,,,,,,false
adem,breath,B2,noun,"People, objects and abstract concepts",Tom hield zijn adem in en wachtte.,Tom held his breath and waited.,"No usual plural in this sense. Definition adapted from Wiktionary contributors, CC BY-SA 4.0: https://en.wiktionary.org/wiki/adem#Dutch. Example: Vulgaris (Dutch, https://tatoeba.org/en/sentences/show/1372138) and CK (English, https://tatoeba.org/en/sentences/show/1177595); CC BY 2.0 FR.",B2;production,de,,,,,,,,,,false
ademhaling,"breathing, respiration",B2,noun,"People, objects and abstract concepts",De dokter bracht een intubatiebuis in de keel van de patiënt om te helpen met de ademhaling.,The doctor inserted an intubation tube down the patient's throat to help with their breathing.,"Definition adapted from Wiktionary contributors, CC BY-SA 4.0: https://en.wiktionary.org/wiki/ademhaling#Dutch. Example: megamanenm (Dutch, https://tatoeba.org/en/sentences/show/11561996) and megamanenm (English, https://tatoeba.org/en/sentences/show/11561995); CC BY 2.0 FR.",B2;production,de,ademhalingen,ademhalinkje,,,,,,,,false
administratie,"administration, registration, in particular with respect to record keeping",B2,noun,"People, objects and abstract concepts",Ik heb je brief bij de administratie afgegeven.,I have handed your letter over to the administration.,"Definition adapted from Wiktionary contributors, CC BY-SA 4.0: https://en.wiktionary.org/wiki/administratie#Dutch. Example: Tom9358 (Dutch, https://tatoeba.org/en/sentences/show/13875162) and Tom9358 (English, https://tatoeba.org/en/sentences/show/13875173); CC BY 2.0 FR.",B2;production,de,administraties,,,,,,,,,false
affaire,sexual affair,B2,noun,"People, objects and abstract concepts",Hij dacht dat zijn vrouw een affaire had met zijn beste vriend.,He thought that his wife had an affair with his best friend.,"Definition adapted from Wiktionary contributors, CC BY-SA 4.0: https://en.wiktionary.org/wiki/affaire#Dutch. Example: Elsofie (Dutch, https://tatoeba.org/en/sentences/show/8102461) and mccarras (English, https://tatoeba.org/en/sentences/show/8977733); CC BY 2.0 FR.",B2;production,de,affaires,affairtje,,,,,,,,false
afgevaardigde,"representative, delegate",B2,noun,"People, objects and abstract concepts",Wie wordt de afgevaardigde?,Who will be the delegate?,"Definition adapted from Wiktionary contributors, CC BY-SA 4.0: https://en.wiktionary.org/wiki/afgevaardigde#Dutch. Example: megamanenm (Dutch, https://tatoeba.org/en/sentences/show/12370393) and Miktsoanit (English, https://tatoeba.org/en/sentences/show/12331205); CC BY 2.0 FR.",B2;production,de,afgevaardigden,,,,,,,,,false
afgrond,abyss,B2,noun,"People, objects and abstract concepts",Hij staat op de rand van de afgrond.,He is on the edge of the abyss.,"Definition adapted from Wiktionary contributors, CC BY-SA 4.0: https://en.wiktionary.org/wiki/afgrond#Dutch. Example: martinod (Dutch, https://tatoeba.org/en/sentences/show/1470307) and tatoebashrek (English, https://tatoeba.org/en/sentences/show/12329887); CC BY 2.0 FR.",B2;production,de,afgronden,afgrondje,,,,,,,,false
afkorting,abbreviation,B2,noun,"People, objects and abstract concepts",VK is de afkorting van het Verenigd Koninkrijk.,UK is the abbreviation for the United Kingdom.,"Definition adapted from Wiktionary contributors, CC BY-SA 4.0: https://en.wiktionary.org/wiki/afkorting#Dutch. Example: megamanenm (Dutch, https://tatoeba.org/en/sentences/show/1111401) and CM (English, https://tatoeba.org/en/sentences/show/1067763); CC BY 2.0 FR.",B2;production,de,afkortingen,afkortinkje,,,,,,,,false
afname,"decrease, decline, diminution, shrinkage",B2,noun,"People, objects and abstract concepts",Er is een afname in de vraag naar fossiele brandstoffen.,There is a decrease in the demand for fossil fuels.,"Definition adapted from Wiktionary contributors, CC BY-SA 4.0: https://en.wiktionary.org/wiki/afname#Dutch. Example from the same Wiktionary entry (CC BY-SA 4.0).",B2;production,de,afnames,,,,,,,,,false
afscheiding,discharge,B2,noun,"People, objects and abstract concepts",Wanneer is de ongewone afscheiding begonnen?,When did the unusual discharge begin?,"Definition adapted from Wiktionary contributors, CC BY-SA 4.0: https://en.wiktionary.org/wiki/afscheiding#Dutch. Example: Micsmithel (Dutch, https://tatoeba.org/en/sentences/show/9982656) and NurseMeeks (English, https://tatoeba.org/en/sentences/show/9849660); CC BY 2.0 FR.",B2;production,de,afscheidingen,afscheidinkje,,,,,,,,false
afstandsbediening,remote control,B2,noun,"People, objects and abstract concepts",Er ligt een afstandsbediening voor de tv onder de bank.,There is a TV remote control under the couch.,"Definition adapted from Wiktionary contributors, CC BY-SA 4.0: https://en.wiktionary.org/wiki/afstandsbediening#Dutch. Example: Dorenda (Dutch, https://tatoeba.org/en/sentences/show/387168) and Swift (English, https://tatoeba.org/en/sentences/show/39223); CC BY 2.0 FR.",B2;production,de,afstandsbedieningen,afstandsbedieninkje,,,,,,,,false
afvoer,drain,B2,noun,"People, objects and abstract concepts",Ik haat het als haar de afvoer verstopt.,I hate it when hair clogs the drain.,"Definition adapted from Wiktionary contributors, CC BY-SA 4.0: https://en.wiktionary.org/wiki/afvoer#Dutch. Example: Citrine (Dutch, https://tatoeba.org/en/sentences/show/2358392) and orcrist (English, https://tatoeba.org/en/sentences/show/2354312); CC BY 2.0 FR.",B2;production,de,afvoeren,afvoertje,,,,,,,,false
afwezigheid,absence,B2,noun,"People, objects and abstract concepts",Vrede is niet de afwezigheid van geweld maar de aanwezigheid van rechtvaardigheid.,Peace is not the absence of violence but the presence of justice.,"Definition adapted from Wiktionary contributors, CC BY-SA 4.0: https://en.wiktionary.org/wiki/afwezigheid#Dutch. Example: Elsofie (Dutch, https://tatoeba.org/en/sentences/show/8258616) and darinmex (English, https://tatoeba.org/en/sentences/show/478467); CC BY 2.0 FR.",B2;production,de,afwezigheden,afwezigheidje,,,,,,,,false
afwijking,"anomaly, abnormality",B2,noun,"People, objects and abstract concepts",We hebben een afwijking in uw röntgenfoto ontdekt.,We have detected an abnormality on your x-ray.,"Definition adapted from Wiktionary contributors, CC BY-SA 4.0: https://en.wiktionary.org/wiki/afwijking#Dutch. Example: doemaar14 (Dutch, https://tatoeba.org/en/sentences/show/4656390) and CK (English, https://tatoeba.org/en/sentences/show/72151); CC BY 2.0 FR.",B2;production,de,afwijkingen,afwijkinkje,,,,,,,,false
agent,"undercover agent; intelligence officer, secret agent",B2,noun,"People, objects and abstract concepts",Zoek onmiddellijk contact met mijn agent bij een noodgeval.,"In case of an emergency, get in touch with my agent right away.","Definition adapted from Wiktionary contributors, CC BY-SA 4.0: https://en.wiktionary.org/wiki/agent#Dutch. Example: Citrine (Dutch, https://tatoeba.org/en/sentences/show/3039318) and mcq (English, https://tatoeba.org/en/sentences/show/18805); CC BY 2.0 FR.",B2;production,de,agenten,agentje,,,,,,,,false
airco,air conditioning,B2,noun,"People, objects and abstract concepts",De airco in de bibliotheek is te sterk.,The air-conditioning in the library is too strong.,"Definition adapted from Wiktionary contributors, CC BY-SA 4.0: https://en.wiktionary.org/wiki/airco#Dutch. Example: doemaar14 (Dutch, https://tatoeba.org/en/sentences/show/11779530) and pip (English, https://tatoeba.org/en/sentences/show/270697); CC BY 2.0 FR.",B2;production,de,airco's,,,,,,,,,false
alarm,alarm,B2,noun,"People, objects and abstract concepts",Ik word niet wakker zelfs al gaat het alarm af.,I won't wake up even if the alarm rings.,"Definition adapted from Wiktionary contributors, CC BY-SA 4.0: https://en.wiktionary.org/wiki/alarm#Dutch. Example: otterbaskets (Dutch, https://tatoeba.org/en/sentences/show/3600324) and marcelostockle (English, https://tatoeba.org/en/sentences/show/1713905); CC BY 2.0 FR.",B2;production,het,alarmen,alarmpje,,,,,,,,false
alcohol,alcohol,B2,noun,"People, objects and abstract concepts",Ik kan geen alcohol drinken.,I can't drink alcohol.,"Definition adapted from Wiktionary contributors, CC BY-SA 4.0: https://en.wiktionary.org/wiki/alcohol#Dutch. Example: Nylez (Dutch, https://tatoeba.org/en/sentences/show/9118263) and Scott (English, https://tatoeba.org/en/sentences/show/890386); CC BY 2.0 FR.",B2;production,de,alcoholen,,,,,,,,,false
alleenstaande,single,B2,noun,"People, objects and abstract concepts",Ik ben een alleenstaande moeder van vier kinderen.,I am a single mother of four children.,"Definition adapted from Wiktionary contributors, CC BY-SA 4.0: https://en.wiktionary.org/wiki/alleenstaande#Dutch. Example: megamanenm (Dutch, https://tatoeba.org/en/sentences/show/4222662) and enteka (English, https://tatoeba.org/en/sentences/show/1400515); CC BY 2.0 FR.",B2;production,de,alleenstaanden,,,,,,,,,false
alliantie,alliance,B2,noun,"People, objects and abstract concepts",De alliantie tussen de verschillende organisaties zorgde voor een gezamenlijke aanpak.,The alliance between the various organizations led to a collaborative approach.,"Definition adapted from Wiktionary contributors, CC BY-SA 4.0: https://en.wiktionary.org/wiki/alliantie#Dutch. Example from the same Wiktionary entry (CC BY-SA 4.0).",B2;production,de,allianties,alliantietje,,,,,,,,false
altaar,altar,B2,noun,"People, objects and abstract concepts",Een mooi paar voor het altaar.,A beautiful couple before the altar.,"Definition adapted from Wiktionary contributors, CC BY-SA 4.0: https://en.wiktionary.org/wiki/altaar#Dutch. Example: Akradna (Dutch, https://tatoeba.org/en/sentences/show/1622216) and SunnyMoon (English, https://tatoeba.org/en/sentences/show/11176285); CC BY 2.0 FR.",B2;production,het,altaren,altaartje,,,,,,,,false
amateur,amateur,B2,noun,"People, objects and abstract concepts",Ik ben maar een amateur.,I'm just an amateur.,"Definition adapted from Wiktionary contributors, CC BY-SA 4.0: https://en.wiktionary.org/wiki/amateur#Dutch. Example: pcmill (Dutch, https://tatoeba.org/en/sentences/show/13723750) and CK (English, https://tatoeba.org/en/sentences/show/5958496); CC BY 2.0 FR.",B2;production,de,amateurs,amateurtje,,,,,,,,false
ambassade,"embassy, diplomatic legation to permanently represent a foreign state at embassador's level",B2,noun,"People, objects and abstract concepts",De Turkse ambassade in Buenos Aires lijkt op een gevangenis.,The Turkish embassy in Buenos Aires looks like a prison.,"Definition adapted from Wiktionary contributors, CC BY-SA 4.0: https://en.wiktionary.org/wiki/ambassade#Dutch. Example: Mandalay (Dutch, https://tatoeba.org/en/sentences/show/6105429) and mailohilohi (English, https://tatoeba.org/en/sentences/show/6104440); CC BY 2.0 FR.",B2;production,de,ambassades,ambassadetje,,,,,,,,false
ambassadeur,ambassador,B2,noun,"People, objects and abstract concepts",Ik zag net dat de Saudische ambassadeur ontslag heeft genomen.,I've seen just now that the ambassador of Saudi Arabia has resigned.,"Definition adapted from Wiktionary contributors, CC BY-SA 4.0: https://en.wiktionary.org/wiki/ambassadeur#Dutch. Example: Elsofie (Dutch, https://tatoeba.org/en/sentences/show/7980266) and 9h0ost (English, https://tatoeba.org/en/sentences/show/120030); CC BY 2.0 FR.",B2;production,de,ambassadeuren / ambassadeurs,ambassadeurtje,,,,,,,,false
anker,anchor,B2,noun,"People, objects and abstract concepts",Elk schip heeft een anker nodig.,Every ship needs an anchor.,"Definition adapted from Wiktionary contributors, CC BY-SA 4.0: https://en.wiktionary.org/wiki/anker#Dutch. Example: doemaar14 (Dutch, https://tatoeba.org/en/sentences/show/12330181) and Spamster (English, https://tatoeba.org/en/sentences/show/1349176); CC BY 2.0 FR.",B2;production,het,ankers,ankertje,,,,,,,,false
antenne,antenna,B2,noun,"People, objects and abstract concepts",Op de top staat een antenne.,There is an antenna at the top.,"Definition adapted from Wiktionary contributors, CC BY-SA 4.0: https://en.wiktionary.org/wiki/antenne#Dutch. Example: Elsofie (Dutch, https://tatoeba.org/en/sentences/show/8317553) and Nylez (English, https://tatoeba.org/en/sentences/show/8969244); CC BY 2.0 FR.",B2;production,de,antennes / antennen,antennetje,,,,,,,,false
applaus,applause,B2,noun,"People, objects and abstract concepts",Laten we hem een applaus geven!,Let's give him a round of applause!,"No usual plural in this sense. Definition adapted from Wiktionary contributors, CC BY-SA 4.0: https://en.wiktionary.org/wiki/applaus#Dutch. Example: Micsmithel (Dutch, https://tatoeba.org/en/sentences/show/9031755) and doemaar14 (English, https://tatoeba.org/en/sentences/show/11784783); CC BY 2.0 FR.",B2;production,het,,,,,,,,,,false
applicatie,"application, act or process of applying something",B2,noun,"People, objects and abstract concepts",Je moet dubbelklikken op het icoontje van de applicatie om haar te openen.,You need to double-click on the application's icon to open the application.,"Definition adapted from Wiktionary contributors, CC BY-SA 4.0: https://en.wiktionary.org/wiki/applicatie#Dutch. Example: PaulP (Dutch, https://tatoeba.org/en/sentences/show/4782736) and CK (English, https://tatoeba.org/en/sentences/show/2954629); CC BY 2.0 FR.",B2;production,de,applicaties,applicatietje,,,,,,,,false
aquarium,aquarium,B2,noun,"People, objects and abstract concepts",Er leeft slechts één vis in het aquarium.,Only one fish lives in the aquarium.,"Definition adapted from Wiktionary contributors, CC BY-SA 4.0: https://en.wiktionary.org/wiki/aquarium#Dutch. Example: doemaar14 (Dutch, https://tatoeba.org/en/sentences/show/10871813) and ariarin (English, https://tatoeba.org/en/sentences/show/9719664); CC BY 2.0 FR.",B2;production,het,aquaria / aquariums,aquariumpje,,,,,,,,false
arbeider,"worker, labourer",B2,noun,"People, objects and abstract concepts",De jongen wil later een arbeider worden.,The boy wants to become a labourer in the future.,"Definition adapted from Wiktionary contributors, CC BY-SA 4.0: https://en.wiktionary.org/wiki/arbeider#Dutch. Example from the same Wiktionary entry (CC BY-SA 4.0).",B2;production,de,arbeiders,arbeidertje,,,,,,,,false
archeoloog,archaeologist,B2,noun,"People, objects and abstract concepts",De archeoloog vond de ingang naar de tombe.,The archaeologist found the entrance to the tomb.,"Definition adapted from Wiktionary contributors, CC BY-SA 4.0: https://en.wiktionary.org/wiki/archeoloog#Dutch. Example: Elsofie (Dutch, https://tatoeba.org/en/sentences/show/8499663) and shekitten (English, https://tatoeba.org/en/sentences/show/9415275); CC BY 2.0 FR.",B2;production,de,archeologen,archeoloogje,,,,,,,,false
archief,archive,B2,noun,"People, objects and abstract concepts",Bevat de website van ALC een archief van Engelse uitdrukkingen?,Does ALC's web site include an archive of English expressions?,"Definition adapted from Wiktionary contributors, CC BY-SA 4.0: https://en.wiktionary.org/wiki/archief#Dutch. Example: MarijnKp (Dutch, https://tatoeba.org/en/sentences/show/10738125) and Dejo (English, https://tatoeba.org/en/sentences/show/67316); CC BY 2.0 FR.",B2;production,het,archieven,archiefje,,,,,,,,false
architect,architect,B2,noun,"People, objects and abstract concepts",Frank Lloyd Wright is misschien wel de bekendste architect van Amerika.,Frank Lloyd Wright is arguably America’s best known architect.,"Definition adapted from Wiktionary contributors, CC BY-SA 4.0: https://en.wiktionary.org/wiki/architect#Dutch. Example: Nylez (Dutch, https://tatoeba.org/en/sentences/show/10049142) and Hybrid (English, https://tatoeba.org/en/sentences/show/8110419); CC BY 2.0 FR.",B2;production,de,architecten,architectje,,,,,,,,false
arrestatie,arrest,B2,noun,"People, objects and abstract concepts",Met de arrestatie van Sami kwam er een einde aan zijn terreurbewind.,Sami's arrest ended his reign of terror.,"Definition adapted from Wiktionary contributors, CC BY-SA 4.0: https://en.wiktionary.org/wiki/arrestatie#Dutch. Example: megamanenm (Dutch, https://tatoeba.org/en/sentences/show/10737359) and OsoHombre (English, https://tatoeba.org/en/sentences/show/5921239); CC BY 2.0 FR.",B2;production,de,arrestaties,arrestatietje,,,,,,,,false
arrogantie,arrogance,B2,noun,"People, objects and abstract concepts",Zijn arrogantie is niet langer te verdragen.,His arrogance is no longer tolerable.,"Definition adapted from Wiktionary contributors, CC BY-SA 4.0: https://en.wiktionary.org/wiki/arrogantie#Dutch. Example: Vulgaris (Dutch, https://tatoeba.org/en/sentences/show/1033253) and CM (English, https://tatoeba.org/en/sentences/show/285637); CC BY 2.0 FR.",B2;production,de,arroganties,,,,,,,,,false
arts,"physician, doctor",B2,noun,"People, objects and abstract concepts",De arts slaagde er eindelijk in de bloeding te stoppen.,The doctor was finally able to stanch the flow of blood.,"Definition adapted from Wiktionary contributors, CC BY-SA 4.0: https://en.wiktionary.org/wiki/arts#Dutch. Example: Elsofie (Dutch, https://tatoeba.org/en/sentences/show/8094723) and darinmex (English, https://tatoeba.org/en/sentences/show/1979321); CC BY 2.0 FR.",B2;production,de,artsen,artsje,,,,,,,,false
assortiment,assortment,B2,noun,"People, objects and abstract concepts",We hebben ook linzen in ons assortiment.,We also have lentils in our assortment.,"Definition adapted from Wiktionary contributors, CC BY-SA 4.0: https://en.wiktionary.org/wiki/assortiment#Dutch. Example: Dorenda (Dutch, https://tatoeba.org/en/sentences/show/385779) and MUIRIEL (English, https://tatoeba.org/en/sentences/show/379043); CC BY 2.0 FR.",B2;production,het,assortimenten,assortimentje,,,,,,,,false
atlas,atlas,B2,noun,"People, objects and abstract concepts",Een atlas is een verzameling van kaarten.,An atlas is a collection of maps.,"Definition adapted from Wiktionary contributors, CC BY-SA 4.0: https://en.wiktionary.org/wiki/atlas#Dutch. Example: Lingvulo (Dutch, https://tatoeba.org/en/sentences/show/12759783) and eggershead (English, https://tatoeba.org/en/sentences/show/7822728); CC BY 2.0 FR.",B2;production,de,atlassen,,,,,,,,,false
atleet,athlete,B2,noun,"People, objects and abstract concepts",Hij is zonder twijfel de beste atleet van onze school.,He is beyond doubt the best athlete in our school.,"Definition adapted from Wiktionary contributors, CC BY-SA 4.0: https://en.wiktionary.org/wiki/atleet#Dutch. Example: martinod (Dutch, https://tatoeba.org/en/sentences/show/3008601) and jakov (English, https://tatoeba.org/en/sentences/show/295151); CC BY 2.0 FR.",B2;production,de,atleten,atleetje,,,,,,,,false
atmosfeer,atmosphere,B2,noun,"People, objects and abstract concepts","De atmosfeer van Uranus bestaat uit waterstof, helium en methaan.","Uranus' atmosphere is made up of hydrogen, helium, and methane.","Definition adapted from Wiktionary contributors, CC BY-SA 4.0: https://en.wiktionary.org/wiki/atmosfeer#Dutch. Example: Mandalay (Dutch, https://tatoeba.org/en/sentences/show/6059595) and Hybrid (English, https://tatoeba.org/en/sentences/show/3955721); CC BY 2.0 FR.",B2;production,de,atmosferen,atmosfeertje,,,,,,,,false
audio,audio,B2,noun,"People, objects and abstract concepts","Als een zin nog geen audio heeft, is het omdat niemand er één voor ons heeft opgenomen.","If a sentence doesn't yet have audio, it's because nobody has recorded one for us.","Definition adapted from Wiktionary contributors, CC BY-SA 4.0: https://en.wiktionary.org/wiki/audio#Dutch. Example: SunnyMoon (Dutch, https://tatoeba.org/en/sentences/show/11223347) and Ylberi (English, https://tatoeba.org/en/sentences/show/4395357); CC BY 2.0 FR.",B2;production,de,audio's,,,,,,,,,false
autisme,autism,B2,noun,"People, objects and abstract concepts",Vaccins veroorzaken geen autisme.,Vaccines don't cause autism.,"Definition adapted from Wiktionary contributors, CC BY-SA 4.0: https://en.wiktionary.org/wiki/autisme#Dutch. Example: megamanenm (Dutch, https://tatoeba.org/en/sentences/show/12333061) and Hybrid (English, https://tatoeba.org/en/sentences/show/5918815); CC BY 2.0 FR.",B2;production,het,autismen,autismetje,,,,,,,,false
avontuur,adventure,B2,noun,"People, objects and abstract concepts",Yuji vertelde zijn vriend een verhaal over zijn avontuur tijdens de zomervakantie.,Yuji told his friend a story about his adventure during the summer vacation.,"Definition adapted from Wiktionary contributors, CC BY-SA 4.0: https://en.wiktionary.org/wiki/avontuur#Dutch. Example: doemaar14 (Dutch, https://tatoeba.org/en/sentences/show/4653291) and AlanF_US (English, https://tatoeba.org/en/sentences/show/30166); CC BY 2.0 FR.",B2;production,het,avonturen,avontuurtje,,,,,,,,false
baai,bay,B2,noun,"People, objects and abstract concepts",De baai heeft meer jachten dan zeilboten.,The bay has more yachts than sailboats.,"Definition adapted from Wiktionary contributors, CC BY-SA 4.0: https://en.wiktionary.org/wiki/baai#Dutch. Example: MarijnKp (Dutch, https://tatoeba.org/en/sentences/show/7523520) and CK (English, https://tatoeba.org/en/sentences/show/326594); CC BY 2.0 FR.",B2;production,de,baaien,baaitje,,,,,,,,false
baard,beard,B2,noun,"People, objects and abstract concepts",Ik vind dat hij er beter uitziet met een baard.,I think that he looks better with a beard.,"Definition adapted from Wiktionary contributors, CC BY-SA 4.0: https://en.wiktionary.org/wiki/baard#Dutch. Example: Globetrotter (Dutch, https://tatoeba.org/en/sentences/show/3126160) and Hybrid (English, https://tatoeba.org/en/sentences/show/3120967); CC BY 2.0 FR.",B2;production,de,baarden,baardje,,,,,,,,false
bacterie,"bacterium, any member of the domain Bacteria",B2,noun,"People, objects and abstract concepts",Verwar een virus niet met een bacterie.,Do not confuse a virus with a bacterium.,"Definition adapted from Wiktionary contributors, CC BY-SA 4.0: https://en.wiktionary.org/wiki/bacterie#Dutch. Example: MarijnKp (Dutch, https://tatoeba.org/en/sentences/show/8735425) and CarpeLanam (English, https://tatoeba.org/en/sentences/show/6767341); CC BY 2.0 FR.",B2;production,de,bacteriën,bacterietje,,,,,,,,false
bak,"drinking vessel, usually a cup or mug",B2,noun,"People, objects and abstract concepts",Ik gebruik een maatbeker bij het bakken.,I use a measuring cup when baking.,"Definition adapted from Wiktionary contributors, CC BY-SA 4.0: https://en.wiktionary.org/wiki/bak#Dutch. Example: megamanenm (Dutch, https://tatoeba.org/en/sentences/show/11563112) and megamanenm (English, https://tatoeba.org/en/sentences/show/11563111); CC BY 2.0 FR.",B2;production,de,bakken,bakje,,,,,,,,false
bakkerij,bakery,B2,noun,"People, objects and abstract concepts",Deze bakkerij heeft de beste gebakjes van de stad.,This bakery has the best pastries in town.,"Definition adapted from Wiktionary contributors, CC BY-SA 4.0: https://en.wiktionary.org/wiki/bakkerij#Dutch. Example: meshbags (Dutch, https://tatoeba.org/en/sentences/show/8236997) and meshbags (English, https://tatoeba.org/en/sentences/show/8228465); CC BY 2.0 FR.",B2;production,de,bakkerijen,bakkerijtje,,,,,,,,false
balk,"beam, solid support",B2,noun,"People, objects and abstract concepts",Is de balk massief of hol?,Is the beam solid or hollow?,"Definition adapted from Wiktionary contributors, CC BY-SA 4.0: https://en.wiktionary.org/wiki/balk#Dutch. Example: Micsmithel (Dutch, https://tatoeba.org/en/sentences/show/10541173) and sharptoothed (English, https://tatoeba.org/en/sentences/show/3030970); CC BY 2.0 FR.",B2;production,de,balken,balkje,,,,,,,,false
ballon,hot-air balloon,B2,noun,"People, objects and abstract concepts",De ballon daalde geleidelijk naarmate de lucht eruit kwam.,The balloon descended gradually as the air came out.,"Definition adapted from Wiktionary contributors, CC BY-SA 4.0: https://en.wiktionary.org/wiki/ballon#Dutch. Example: McDutchie (Dutch, https://tatoeba.org/en/sentences/show/812441) and Dejo (English, https://tatoeba.org/en/sentences/show/18250); CC BY 2.0 FR.",B2;production,de,ballonnen / ballons,ballonnetje,,,,,,,,false
bar,"bar, counter, drink cabinet",B2,noun,"People, objects and abstract concepts",Hij zat in zijn eentje aan de bar.,He was sitting at the bar by himself.,"Definition adapted from Wiktionary contributors, CC BY-SA 4.0: https://en.wiktionary.org/wiki/bar#Dutch. Example: doemaar14 (Dutch, https://tatoeba.org/en/sentences/show/10358515) and CH (English, https://tatoeba.org/en/sentences/show/8535894); CC BY 2.0 FR.",B2;production,de,bars,barretje,,,,,,,,false
barbecue,barbecue,B2,noun,"People, objects and abstract concepts",We gaan op het strand een barbecue houden.,We'll have a barbecue at the beach.,"Definition adapted from Wiktionary contributors, CC BY-SA 4.0: https://en.wiktionary.org/wiki/barbecue#Dutch. Example: PaulP (Dutch, https://tatoeba.org/en/sentences/show/13863096) and CK (English, https://tatoeba.org/en/sentences/show/22180); CC BY 2.0 FR.",B2;production,de,barbecues,barbecuetje,,,,,,,,false
barst,"crack, rip, tear",B2,noun,"People, objects and abstract concepts",Er ontsnapte gas uit een barst in de leiding.,Gas was escaping from a crack in the pipe.,"Definition adapted from Wiktionary contributors, CC BY-SA 4.0: https://en.wiktionary.org/wiki/barst#Dutch. Example: martinod (Dutch, https://tatoeba.org/en/sentences/show/3768120) and spockofvulcan (English, https://tatoeba.org/en/sentences/show/35520); CC BY 2.0 FR.",B2;production,de,barsten,barstje,,,,,,,,false
base,"base, alkali",B2,noun,"People, objects and abstract concepts",Ammoniak is een base.,Ammonia is a base.,"Definition adapted from Wiktionary contributors, CC BY-SA 4.0: https://en.wiktionary.org/wiki/base#Dutch. Example: MarijnKp (Dutch, https://tatoeba.org/en/sentences/show/10018240) and ConqueRRoR (English, https://tatoeba.org/en/sentences/show/3530818); CC BY 2.0 FR.",B2;production,de,basen,basetje,,,,,,,,false
bediening,"attendance, service",B2,noun,"People, objects and abstract concepts","Het eten is goed, en de bediening hier is goed.","The food is good, and service is good here.","Definition adapted from Wiktionary contributors, CC BY-SA 4.0: https://en.wiktionary.org/wiki/bediening#Dutch. Example: martinod (Dutch, https://tatoeba.org/en/sentences/show/836702) and kroko (English, https://tatoeba.org/en/sentences/show/61632); CC BY 2.0 FR.",B2;production,de,bedieningen,bedieninkje,,,,,,,,false
bedrog,"deception, fraud",B2,noun,"People, objects and abstract concepts",Het was duidelijk dat het om een geval van grootschalig bedrog ging.,It was evident that it was a case of large-scale deception.,"No usual plural in this sense. Definition adapted from Wiktionary contributors, CC BY-SA 4.0: https://en.wiktionary.org/wiki/bedrog#Dutch. Example from the same Wiktionary entry (CC BY-SA 4.0).",B2;production,het,,,,,,,,,,false
beek,"brook, creek",B2,noun,"People, objects and abstract concepts",Hij durfde niet over de beek springen.,He did not dare to jump over the creek.,"Definition adapted from Wiktionary contributors, CC BY-SA 4.0: https://en.wiktionary.org/wiki/beek#Dutch. Example: martinod (Dutch, https://tatoeba.org/en/sentences/show/4450213) and Will (English, https://tatoeba.org/en/sentences/show/4450284); CC BY 2.0 FR.",B2;production,de,beken,beekje,,,,,,,,false
beest,"animal, a beast",B2,noun,"People, objects and abstract concepts",Het eten verdween in de muil van het beest.,The food disappeared into the beast's maw.,"Definition adapted from Wiktionary contributors, CC BY-SA 4.0: https://en.wiktionary.org/wiki/beest#Dutch. Example: MarijnKp (Dutch, https://tatoeba.org/en/sentences/show/13057178) and Teangloir (English, https://tatoeba.org/en/sentences/show/12862517); CC BY 2.0 FR.",B2;production,het,beesten,beestje,,,,,,,,false
beet,bite,B2,noun,"People, objects and abstract concepts",Ik weet niet of ik deze beet van een knut of een mug heb gekregen.,I don't know whether I got this bite from a midge or a mosquito.,"Definition adapted from Wiktionary contributors, CC BY-SA 4.0: https://en.wiktionary.org/wiki/beet#Dutch. Example: Slam4 (Dutch, https://tatoeba.org/en/sentences/show/11836267) and AlanF_US (English, https://tatoeba.org/en/sentences/show/8989377); CC BY 2.0 FR.",B2;production,de,beten,beetje,,,,,,,,false
begeleiding,"accompaniment, guidance",B2,noun,"People, objects and abstract concepts",Tom had onze begeleiding niet nodig.,Tom didn't need our guidance.,"Definition adapted from Wiktionary contributors, CC BY-SA 4.0: https://en.wiktionary.org/wiki/begeleiding#Dutch. Example: Nylez (Dutch, https://tatoeba.org/en/sentences/show/10044687) and CK (English, https://tatoeba.org/en/sentences/show/8918780); CC BY 2.0 FR.",B2;production,de,begeleidingen,,,,,,,,,false
begraafplaats,"cemetery, a ground reserved for graves",B2,noun,"People, objects and abstract concepts",Het paard van de begraafplaats is dood.,The horse from the cemetery is dead.,"Definition adapted from Wiktionary contributors, CC BY-SA 4.0: https://en.wiktionary.org/wiki/begraafplaats#Dutch. Example: MarijnKp (Dutch, https://tatoeba.org/en/sentences/show/7319878) and MarijnKp (English, https://tatoeba.org/en/sentences/show/7319873); CC BY 2.0 FR.",B2;production,de,begraafplaatsen,begraafplaatsje,,,,,,,,false
begrafenis,"burial, funeral",B2,noun,"People, objects and abstract concepts",Het is traditie om zwart te dragen op een begrafenis.,It is traditional to wear black to a funeral.,"Definition adapted from Wiktionary contributors, CC BY-SA 4.0: https://en.wiktionary.org/wiki/begrafenis#Dutch. Example: Slam4 (Dutch, https://tatoeba.org/en/sentences/show/11795069) and CK (English, https://tatoeba.org/en/sentences/show/274283); CC BY 2.0 FR.",B2;production,de,begrafenissen,begrafenisje,,,,,,,,false
beheerder,"manager, warden, administrator, curator, steward",B2,noun,"People, objects and abstract concepts","Een president is als een beheerder van een begraafplaats. Hij heeft een hoop mensen onder zich, maar niemand luistert.","A president is like a cemetery manager. He has a lot of people under him, but no one listens.","Definition adapted from Wiktionary contributors, CC BY-SA 4.0: https://en.wiktionary.org/wiki/beheerder#Dutch. Example: Elsofie (Dutch, https://tatoeba.org/en/sentences/show/8610292) and carlosalberto (English, https://tatoeba.org/en/sentences/show/6173849); CC BY 2.0 FR.",B2;production,de,beheerders,beheerdertje,,,,,,,,false
bekentenis,confession,B2,noun,"People, objects and abstract concepts",Yanni schreef zijn bekentenis in het Berbers.,Yanni wrote his confession in Berber.,"Definition adapted from Wiktionary contributors, CC BY-SA 4.0: https://en.wiktionary.org/wiki/bekentenis#Dutch. Example: megamanenm (Dutch, https://tatoeba.org/en/sentences/show/10734579) and Amastan (English, https://tatoeba.org/en/sentences/show/9602142); CC BY 2.0 FR.",B2;production,de,bekentenissen,bekentenisje,,,,,,,,false
beker,"beaker, cup, chalice",B2,noun,"People, objects and abstract concepts",Ik moet u vragen om in deze beker te plassen.,I need you to urinate in this cup.,"Definition adapted from Wiktionary contributors, CC BY-SA 4.0: https://en.wiktionary.org/wiki/beker#Dutch. Example: Micsmithel (Dutch, https://tatoeba.org/en/sentences/show/9928279) and NurseMeeks (English, https://tatoeba.org/en/sentences/show/9849512); CC BY 2.0 FR.",B2;production,de,bekers,bekertje,,,,,,,,false
belediging,"insult, affront, verbal abuse",B2,noun,"People, objects and abstract concepts",Maria heeft die belediging gewoon weggelachen. Je zou haar moeten nadoen!,"Maria just smiled at this insult, and you should, too.","Definition adapted from Wiktionary contributors, CC BY-SA 4.0: https://en.wiktionary.org/wiki/belediging#Dutch. Example: megamanenm (Dutch, https://tatoeba.org/en/sentences/show/6283962) and carlosalberto (English, https://tatoeba.org/en/sentences/show/6168667); CC BY 2.0 FR.",B2;production,de,beledigingen,beledigingetje,,,,,,,,false
bemanning,crew,B2,noun,"People, objects and abstract concepts",Ik ga je aan de rest van de bemanning voorstellen.,I am going to introduce you to the rest of the crew.,"Definition adapted from Wiktionary contributors, CC BY-SA 4.0: https://en.wiktionary.org/wiki/bemanning#Dutch. Example: Citrine (Dutch, https://tatoeba.org/en/sentences/show/3039215) and ulyssemc1 (English, https://tatoeba.org/en/sentences/show/619901); CC BY 2.0 FR.",B2;production,de,bemanningen,bemanninkje,,,,,,,,false
bende,"gang, squad",B2,noun,"People, objects and abstract concepts",Hij was betrokken bij een schermutseling met een gewelddadige bende.,He was involved in a skirmish with a violent gang.,"Definition adapted from Wiktionary contributors, CC BY-SA 4.0: https://en.wiktionary.org/wiki/bende#Dutch. Example: LinguisticFusion (Dutch, https://tatoeba.org/en/sentences/show/4933625) and Lisandro586 (English, https://tatoeba.org/en/sentences/show/4931764); CC BY 2.0 FR.",B2;production,de,bendes / benden,bendetje,,,,,,,,false
bepaling,provision,B2,noun,"People, objects and abstract concepts",Er was een bepaling in zijn testament voor zijn minnares.,There was a provision in his will for his mistress.,"Definition adapted from Wiktionary contributors, CC BY-SA 4.0: https://en.wiktionary.org/wiki/bepaling#Dutch. Example: Micsmithel (Dutch, https://tatoeba.org/en/sentences/show/10641455) and mhattick (English, https://tatoeba.org/en/sentences/show/2582568); CC BY 2.0 FR.",B2;production,de,bepalingen,bepalinkje,,,,,,,,false
beroemdheid,famous individual,B2,noun,"People, objects and abstract concepts","Iedereen wil u ontmoeten, u bent een beroemdheid!",Everyone wants to meet you. You're famous!,"Definition adapted from Wiktionary contributors, CC BY-SA 4.0: https://en.wiktionary.org/wiki/beroemdheid#Dutch. Example: Dorenda (Dutch, https://tatoeba.org/en/sentences/show/378372) and CK (English, https://tatoeba.org/en/sentences/show/1468); CC BY 2.0 FR.",B2;production,de,beroemdheden,beroemdheidje,,,,,,,,false
beschikbaarheid,availability,B2,noun,"People, objects and abstract concepts",De grootste uitdaging voor het project is de beschikbaarheid aan werknemers die de nodige vaardigheden hebben om het project tot een goed einde te brengen.,The biggest challenge to the project will be the availability of workers with the skills required to bring it to fruition.,"Definition adapted from Wiktionary contributors, CC BY-SA 4.0: https://en.wiktionary.org/wiki/beschikbaarheid#Dutch. Example: Micsmithel (Dutch, https://tatoeba.org/en/sentences/show/9067588) and patgfisher (English, https://tatoeba.org/en/sentences/show/4239235); CC BY 2.0 FR.",B2;production,de,beschikbaarheden,,,,,,,,,false
beschuldiging,accusation,B2,noun,"People, objects and abstract concepts",Dat is een ernstige beschuldiging.,That's a serious accusation.,"Definition adapted from Wiktionary contributors, CC BY-SA 4.0: https://en.wiktionary.org/wiki/beschuldiging#Dutch. Example: Micsmithel (Dutch, https://tatoeba.org/en/sentences/show/6737964) and CK (English, https://tatoeba.org/en/sentences/show/6760658); CC BY 2.0 FR.",B2;production,de,beschuldigingen,beschuldiginkje,,,,,,,,false
besef,"realisation, awareness, sense",B2,noun,"People, objects and abstract concepts",Hij heeft geen besef van goed en kwaad.,He has no sense of right and wrong.,"Definition adapted from Wiktionary contributors, CC BY-SA 4.0: https://en.wiktionary.org/wiki/besef#Dutch. Example: Ag12x (Dutch, https://tatoeba.org/en/sentences/show/8938640) and CM (English, https://tatoeba.org/en/sentences/show/300378); CC BY 2.0 FR.",B2;production,het,beseffen,besefje,,,,,,,,false
beslag,"batter, a relatively fluid dough",B2,noun,"People, objects and abstract concepts",Zijn beslag staat garant voor een geslaagde oliebol.,His batter guarantees a successful Dutch donut.,"Definition adapted from Wiktionary contributors, CC BY-SA 4.0: https://en.wiktionary.org/wiki/beslag#Dutch. Example: Nylez (Dutch, https://tatoeba.org/en/sentences/show/8952046) and Nylez (English, https://tatoeba.org/en/sentences/show/9022827); CC BY 2.0 FR.",B2;production,het,beslagen,beslagje,,,,,,,,false
besmetting,"contagion, contamination, infection",B2,noun,"People, objects and abstract concepts",Er is een groot risico op besmetting met hepatitis.,There is a large risk of being infected with hepatitis.,"Definition adapted from Wiktionary contributors, CC BY-SA 4.0: https://en.wiktionary.org/wiki/besmetting#Dutch. Example from the same Wiktionary entry (CC BY-SA 4.0).",B2;production,de,besmettingen,besmettinkje,,,,,,,,false
besturingssysteem,operating system,B2,noun,"People, objects and abstract concepts",Ik hou niet van de interface van dat besturingssysteem.,I don't like the interface of that operating system.,"Definition adapted from Wiktionary contributors, CC BY-SA 4.0: https://en.wiktionary.org/wiki/besturingssysteem#Dutch. Example: PaulP (Dutch, https://tatoeba.org/en/sentences/show/12142965) and deniko (English, https://tatoeba.org/en/sentences/show/8878831); CC BY 2.0 FR.",B2;production,het,besturingssystemen,besturingssysteempje,,,,,,,,false
bestuurder,driver,B2,noun,"People, objects and abstract concepts",Men heeft de bestuurder de schuld van het ongeluk gegeven.,They blamed the driver for the accident.,"Definition adapted from Wiktionary contributors, CC BY-SA 4.0: https://en.wiktionary.org/wiki/bestuurder#Dutch. Example: Elsofie (Dutch, https://tatoeba.org/en/sentences/show/8437360) and CK (English, https://tatoeba.org/en/sentences/show/270421); CC BY 2.0 FR.",B2;production,de,bestuurders,bestuurdertje,,,,,,,,false
beugel,dental braces,B2,noun,"People, objects and abstract concepts",Mijn dochter heeft een beugel.,My daughter has braces.,"Definition adapted from Wiktionary contributors, CC BY-SA 4.0: https://en.wiktionary.org/wiki/beugel#Dutch. Example: MarijnKp (Dutch, https://tatoeba.org/en/sentences/show/12935268) and CK (English, https://tatoeba.org/en/sentences/show/322885); CC BY 2.0 FR.",B2;production,de,beugels,beugeltje,,,,,,,,false
bevel,"order, command",B2,noun,"People, objects and abstract concepts",Waarom heb je mijn bevel niet opgevolgd?,Why did you disobey my order?,"Definition adapted from Wiktionary contributors, CC BY-SA 4.0: https://en.wiktionary.org/wiki/bevel#Dutch. Example: erikv (Dutch, https://tatoeba.org/en/sentences/show/4197459) and CK (English, https://tatoeba.org/en/sentences/show/2643093); CC BY 2.0 FR.",B2;production,het,bevelen,bevelletje,,,,,,,,false
bevrijding,liberation,B2,noun,"People, objects and abstract concepts",Is de dood de enige bevrijding?,Is death the only liberation?,"Definition adapted from Wiktionary contributors, CC BY-SA 4.0: https://en.wiktionary.org/wiki/bevrijding#Dutch. Example: Raizin (Dutch, https://tatoeba.org/en/sentences/show/10095624) and AlanF_US (English, https://tatoeba.org/en/sentences/show/3425695); CC BY 2.0 FR.",B2;production,de,bevrijdingen,bevrijdinkje,,,,,,,,false
bewaker,guard,B2,noun,"People, objects and abstract concepts",Gouden golems zijn bewakers die worden gebruikt om schatten te bewaken.,Gold golems are guardians used to guard treasure.,"Definition adapted from Wiktionary contributors, CC BY-SA 4.0: https://en.wiktionary.org/wiki/bewaker#Dutch. Example: MarijnKp (Dutch, https://tatoeba.org/en/sentences/show/12947183) and blay_paul (English, https://tatoeba.org/en/sentences/show/457767); CC BY 2.0 FR.",B2;production,de,bewakers,bewakertje,,,,,,,,false
bewering,claim,B2,noun,"People, objects and abstract concepts",Het is een bewering die geen verband houdt met de werkelijkheid.,It's a claim that's got nothing to do with the facts.,"Definition adapted from Wiktionary contributors, CC BY-SA 4.0: https://en.wiktionary.org/wiki/bewering#Dutch. Example: doemaar14 (Dutch, https://tatoeba.org/en/sentences/show/10355307) and sundown (English, https://tatoeba.org/en/sentences/show/10352193); CC BY 2.0 FR.",B2;production,de,beweringen,bewerinkje,,,,,,,,false
bewerking,edit,B2,noun,"People, objects and abstract concepts",Die onzinnige bewerking heb ik ongedaan gemaakt.,I reverted that nonsensical edit.,"Definition adapted from Wiktionary contributors, CC BY-SA 4.0: https://en.wiktionary.org/wiki/bewerking#Dutch. Example from the same Wiktionary entry (CC BY-SA 4.0).",B2;production,de,bewerkingen,bewerkinkje,,,,,,,,false
bijbel,bible,B2,noun,"People, objects and abstract concepts",Jakhalzen worden ongeveer een tiental keer genoemd in de Bijbel.,Jackals are mentioned about a dozen times in the Bible.,"Definition adapted from Wiktionary contributors, CC BY-SA 4.0: https://en.wiktionary.org/wiki/bijbel#Dutch. Example: Raizin (Dutch, https://tatoeba.org/en/sentences/show/8570494) and AlanF_US (English, https://tatoeba.org/en/sentences/show/8455486); CC BY 2.0 FR.",B2;production,de,bijbels,bijbeltje,,,,,,,,false
bijl,axe,B2,noun,"People, objects and abstract concepts",Tot nu toe heb ik nog nooit een bijl gebruikt.,Until now I've never used an axe.,"Definition adapted from Wiktionary contributors, CC BY-SA 4.0: https://en.wiktionary.org/wiki/bijl#Dutch. Example: Citrine (Dutch, https://tatoeba.org/en/sentences/show/1479017) and mattpbooth (English, https://tatoeba.org/en/sentences/show/1435603); CC BY 2.0 FR.",B2;production,de,bijlen,bijltje,,,,,,,,false
bijnaam,nickname,B2,noun,"People, objects and abstract concepts",Tom zei dat ik een bijnaam moet hebben.,Tom said that I needed a nickname.,"Definition adapted from Wiktionary contributors, CC BY-SA 4.0: https://en.wiktionary.org/wiki/bijnaam#Dutch. Example: Raizin (Dutch, https://tatoeba.org/en/sentences/show/9825086) and CK (English, https://tatoeba.org/en/sentences/show/7179864); CC BY 2.0 FR.",B2;production,de,bijnamen,bijnaampje,,,,,,,,false
bikini,bikini,B2,noun,"People, objects and abstract concepts",Dat mooie meisje in de bikini is Toms zus.,That pretty girl in a bikini is Tom's sister.,"Definition adapted from Wiktionary contributors, CC BY-SA 4.0: https://en.wiktionary.org/wiki/bikini#Dutch. Example: rose_d (Dutch, https://tatoeba.org/en/sentences/show/10633155) and CK (English, https://tatoeba.org/en/sentences/show/7963217); CC BY 2.0 FR.",B2;production,de,bikini's,bikinietje,,,,,,,,false
binnenkant,"interior, inside",B2,noun,"People, objects and abstract concepts",Nu zien wij de binnenkant van het kasteel.,Now we see the interior of the castle.,"Definition adapted from Wiktionary contributors, CC BY-SA 4.0: https://en.wiktionary.org/wiki/binnenkant#Dutch. Example: fekundulo (Dutch, https://tatoeba.org/en/sentences/show/2709541) and fekundulo (English, https://tatoeba.org/en/sentences/show/2709539); CC BY 2.0 FR.",B2;production,de,binnenkanten,binnenkantje,,,,,,,,false
binnenplaats,courtyard,B2,noun,"People, objects and abstract concepts",Er is een groot raam dat op de binnenplaats uitkijkt.,There's a large window that looks out onto the courtyard.,"Definition adapted from Wiktionary contributors, CC BY-SA 4.0: https://en.wiktionary.org/wiki/binnenplaats#Dutch. Example: megamanenm (Dutch, https://tatoeba.org/en/sentences/show/10792118) and megamanenm (English, https://tatoeba.org/en/sentences/show/10792117); CC BY 2.0 FR.",B2;production,de,binnenplaatsen,binnenplaatsje,,,,,,,,false
binnenstad,inner city,B2,noun,"People, objects and abstract concepts",'s Avonds hebben we wat door de binnenstad geslenterd.,"In the evenings, we would wander around the city centre.","Definition adapted from Wiktionary contributors, CC BY-SA 4.0: https://en.wiktionary.org/wiki/binnenstad#Dutch. Example: PaulP (Dutch, https://tatoeba.org/en/sentences/show/8314354) and sundown (English, https://tatoeba.org/en/sentences/show/11053822); CC BY 2.0 FR.",B2;production,de,binnensteden,binnenstadje,,,,,,,,false
biologie,biology,B2,noun,"People, objects and abstract concepts",Ik denk niet dat dit een goede benadering is van de biologie.,I don't think this is a good approach to biology.,"No usual plural in this sense. Definition adapted from Wiktionary contributors, CC BY-SA 4.0: https://en.wiktionary.org/wiki/biologie#Dutch. Example: lonepawn (Dutch, https://tatoeba.org/en/sentences/show/3959046) and CM (English, https://tatoeba.org/en/sentences/show/55550); CC BY 2.0 FR.",B2;production,de,,,,,,,,,,false
bisschop,bishop,B2,noun,"People, objects and abstract concepts",De paus is de bisschop van Rome.,The Pope is the bishop of Rome.,"Definition adapted from Wiktionary contributors, CC BY-SA 4.0: https://en.wiktionary.org/wiki/bisschop#Dutch. Example: MarijnKp (Dutch, https://tatoeba.org/en/sentences/show/8470604) and Rawrren (English, https://tatoeba.org/en/sentences/show/10242515); CC BY 2.0 FR.",B2;production,de,bisschoppen,bisschopje,,,,,,,,false
blessure,"injury, sports injury",B2,noun,"People, objects and abstract concepts",Wat is de ergste blessure die je ooit hebt gehad?,What's the worst injury you've ever had?,"Definition adapted from Wiktionary contributors, CC BY-SA 4.0: https://en.wiktionary.org/wiki/blessure#Dutch. Example: rose_d (Dutch, https://tatoeba.org/en/sentences/show/10634240) and CK (English, https://tatoeba.org/en/sentences/show/5592443); CC BY 2.0 FR.",B2;production,de,blessures / blessuren,blessuretje,,,,,,,,false
blik,"can, a tin",B2,noun,"People, objects and abstract concepts",Tom warmde voor het avondeten een blik ravioli op.,Tom heated up a tin of ravioli for dinner.,"Definition adapted from Wiktionary contributors, CC BY-SA 4.0: https://en.wiktionary.org/wiki/blik#Dutch. Example: Elsofie (Dutch, https://tatoeba.org/en/sentences/show/8582919) and sundown (English, https://tatoeba.org/en/sentences/show/10127241); CC BY 2.0 FR.",B2;production,het,blikken,blikje,,,,,,,,false
bliksem,lightning,B2,noun,"People, objects and abstract concepts",Ik zag hoe het huis door de bliksem werd getroffen.,I saw the house struck by lightning.,"Definition adapted from Wiktionary contributors, CC BY-SA 4.0: https://en.wiktionary.org/wiki/bliksem#Dutch. Example: PaulP (Dutch, https://tatoeba.org/en/sentences/show/12175437) and Dejo (English, https://tatoeba.org/en/sentences/show/254247); CC BY 2.0 FR.",B2;production,de,bliksems,bliksempje,,,,,,,,false
blog,blog,B2,noun,"People, objects and abstract concepts",Ik heb een kleine blog over de Nederlandse taal.,I have a small blog about Dutch.,"Definition adapted from Wiktionary contributors, CC BY-SA 4.0: https://en.wiktionary.org/wiki/blog#Dutch. Example: dipdowel (Dutch, https://tatoeba.org/en/sentences/show/2580259) and dipdowel (English, https://tatoeba.org/en/sentences/show/2580265); CC BY 2.0 FR.",B2;production,de,blogs,blogje,,,,,,,,false
blok,block,B2,noun,"People, objects and abstract concepts",Het hele blok wordt gerenoveerd.,The whole block is being renovated.,,B2;production,het,blokken,blokje,,,,,,,,false
blootstelling,exposure,B2,noun,"People, objects and abstract concepts",De voortdurende blootstelling van mensen aan onzichtbare schadelijke straling kan ervoor zorgen dat ze niet 60 jaar oud worden.,People's constant exposure to invisible harmful radiation may prevent them from living to the age of 60.,"Definition adapted from Wiktionary contributors, CC BY-SA 4.0: https://en.wiktionary.org/wiki/blootstelling#Dutch. Example: kiryopi (Dutch, https://tatoeba.org/en/sentences/show/13521632) and kiryopi (English, https://tatoeba.org/en/sentences/show/13521628); CC BY 2.0 FR.",B2;production,de,blootstellingen,blootstellinkje,,,,,,,,false
bocht,"bend, curve, inflection, something not straight",B2,noun,"People, objects and abstract concepts",Is deze lijn recht of zit er een bocht in?,Is this line straight or is there a curve in it?,"Definition adapted from Wiktionary contributors, CC BY-SA 4.0: https://en.wiktionary.org/wiki/bocht#Dutch. Example: Nylez (Dutch, https://tatoeba.org/en/sentences/show/9259913) and tatoebashrek (English, https://tatoeba.org/en/sentences/show/12494340); CC BY 2.0 FR.",B2;production,de,bochten,bochtje,,,,,,,,false
boekhandel,"bookshop, bookstore",B2,noun,"People, objects and abstract concepts",Ik heb in de boekhandel een paar boeken gekocht.,I bought a few books from the bookstore.,"Definition adapted from Wiktionary contributors, CC BY-SA 4.0: https://en.wiktionary.org/wiki/boekhandel#Dutch. Example: PaulP (Dutch, https://tatoeba.org/en/sentences/show/4429873) and HedefTuran (English, https://tatoeba.org/en/sentences/show/4404333); CC BY 2.0 FR.",B2;production,de,boekhandels,boekhandeltje,,,,,,,,false
boekhouder,"bookkeeper, accountant",B2,noun,"People, objects and abstract concepts",Tom is geen boekhouder.,Tom isn't a bookkeeper.,"Definition adapted from Wiktionary contributors, CC BY-SA 4.0: https://en.wiktionary.org/wiki/boekhouder#Dutch. Example: SunnyMoon (Dutch, https://tatoeba.org/en/sentences/show/11149000) and CK (English, https://tatoeba.org/en/sentences/show/6356410); CC BY 2.0 FR.",B2;production,de,boekhouders,boekhoudertje,,,,,,,,false
boer,"farmer, peasant",B2,noun,"People, objects and abstract concepts",Ik weet dat de boer probeert voor iedereen melk te karnen.,I know the farmer is trying to churn milk for everyone.,"Definition adapted from Wiktionary contributors, CC BY-SA 4.0: https://en.wiktionary.org/wiki/boer#Dutch. Example: Tom9358 (Dutch, https://tatoeba.org/en/sentences/show/12523475) and Tom9358 (English, https://tatoeba.org/en/sentences/show/12523472); CC BY 2.0 FR.",B2;production,de,boeren,boertje,,,,,,,,false
bom,bomb,B2,noun,"People, objects and abstract concepts","Toen de bom ontplofte, was ik daar bij toeval.","When the bomb exploded, I happened to be there.","Definition adapted from Wiktionary contributors, CC BY-SA 4.0: https://en.wiktionary.org/wiki/bom#Dutch. Example: PaulP (Dutch, https://tatoeba.org/en/sentences/show/664755) and CM (English, https://tatoeba.org/en/sentences/show/282614); CC BY 2.0 FR.",B2;production,de,bommen,bommetje,,,,,,,,false
bondgenoot,ally,B2,noun,"People, objects and abstract concepts",In moeilijke tijden kunnen we altijd rekenen op onze bondgenoten voor steun.,"In difficult times, we can always rely on our allies for support.","Definition adapted from Wiktionary contributors, CC BY-SA 4.0: https://en.wiktionary.org/wiki/bondgenoot#Dutch. Example from the same Wiktionary entry (CC BY-SA 4.0).",B2;production,de,bondgenoten,bondgenootje,,,,,,,,false
boodschappen,"shopping, groceries",B2,noun,"People, objects and abstract concepts",Wanneer was het de laatste keer dat je boodschappen hebt gedaan?,When was the last time you did shopping?,"Plural-only noun. Definition adapted from Wiktionary contributors, CC BY-SA 4.0: https://en.wiktionary.org/wiki/boodschappen#Dutch. Example: Mandalay (Dutch, https://tatoeba.org/en/sentences/show/6066268) and Amastan (English, https://tatoeba.org/en/sentences/show/1747669); CC BY 2.0 FR.",B2;production,de,,boodschapjes,,,,,,,,false
boog,arch,B2,noun,"People, objects and abstract concepts",Een regenboog is een zevenkleurige boog in de lucht.,A rainbow is a seven-colour arch in the sky.,"Definition adapted from Wiktionary contributors, CC BY-SA 4.0: https://en.wiktionary.org/wiki/boog#Dutch. Example: MarijnKp (Dutch, https://tatoeba.org/en/sentences/show/7488102) and sixtynine (English, https://tatoeba.org/en/sentences/show/1964661); CC BY 2.0 FR.",B2;production,de,bogen,boogje,,,,,,,,false
borrel,shot of an alcoholic drink such as rum or gin; a tot,B2,noun,"People, objects and abstract concepts",Heb je tijd voor een borrel?,Do you have time for a drink?,"Definition adapted from Wiktionary contributors, CC BY-SA 4.0: https://en.wiktionary.org/wiki/borrel#Dutch. Example: megamanenm (Dutch, https://tatoeba.org/en/sentences/show/10740512) and sundown (English, https://tatoeba.org/en/sentences/show/10268732); CC BY 2.0 FR.",B2;production,de,borrels,borreltje,,,,,,,,false
borst,breast,B2,noun,"People, objects and abstract concepts",Vertel haar dat ik mijn baby de borst geef.,Tell her that I am breast-feeding my baby.,"Definition adapted from Wiktionary contributors, CC BY-SA 4.0: https://en.wiktionary.org/wiki/borst#Dutch. Example: simonbr (Dutch, https://tatoeba.org/en/sentences/show/8538030) and Amastan (English, https://tatoeba.org/en/sentences/show/1741578); CC BY 2.0 FR.",B2;production,de,borsten,borstje,,,,,,,,false
botsing,collision,B2,noun,"People, objects and abstract concepts",De auto ontplofte enkele momenten na de botsing.,The car exploded a few moments after the collision.,"Definition adapted from Wiktionary contributors, CC BY-SA 4.0: https://en.wiktionary.org/wiki/botsing#Dutch. Example: lonepawn (Dutch, https://tatoeba.org/en/sentences/show/4573821) and CK (English, https://tatoeba.org/en/sentences/show/1199191); CC BY 2.0 FR.",B2;production,de,botsingen,botsinkje,,,,,,,,false
bovenkant,top,B2,noun,"People, objects and abstract concepts",Het uitzicht vanaf de bovenkant van dat gebouw was geweldig.,The view from the top of that building was magnificent.,"Definition adapted from Wiktionary contributors, CC BY-SA 4.0: https://en.wiktionary.org/wiki/bovenkant#Dutch. Example: doemaar14 (Dutch, https://tatoeba.org/en/sentences/show/12300866) and CM (English, https://tatoeba.org/en/sentences/show/68634); CC BY 2.0 FR.",B2;production,de,bovenkanten,bovenkantje,,,,,,,,false
brand,"destructive, catastrophic fire",B2,noun,"People, objects and abstract concepts",Het is nog niet duidelijk waardoor de brand is ontstaan.,It is not yet clear what caused the fire.,"Definition adapted from Wiktionary contributors, CC BY-SA 4.0: https://en.wiktionary.org/wiki/brand#Dutch. Example: Tom9358 (Dutch, https://tatoeba.org/en/sentences/show/13608527) and Tom9358 (English, https://tatoeba.org/en/sentences/show/13608530); CC BY 2.0 FR.",B2;production,de,branden,brandje,,,,,,,,false
breedte,width,B2,noun,"People, objects and abstract concepts",Wat is de breedte van deze straat?,What is the width of this street?,"Definition adapted from Wiktionary contributors, CC BY-SA 4.0: https://en.wiktionary.org/wiki/breedte#Dutch. Example: megamanenm (Dutch, https://tatoeba.org/en/sentences/show/12343659) and carlosalberto (English, https://tatoeba.org/en/sentences/show/10836271); CC BY 2.0 FR.",B2;production,de,breedtes / breedten,breedtetje,,,,,,,,false
brein,brain,B2,noun,"People, objects and abstract concepts",Dit medicijn beïnvloedt de hoeveelheid serotonine in het brein.,This medication influences the amount of serotonin in the brain.,"Definition adapted from Wiktionary contributors, CC BY-SA 4.0: https://en.wiktionary.org/wiki/brein#Dutch. Example: Nylez (Dutch, https://tatoeba.org/en/sentences/show/8974697) and Nylez (English, https://tatoeba.org/en/sentences/show/8953409); CC BY 2.0 FR.",B2;production,het,breinen,breintje,,,,,,,,false
breuk,"fracture, break",B2,noun,"People, objects and abstract concepts","Meneer, we moeten uw breuk stabiliseren voor we u op de brancard leggen.","Sir, we need to stabilize your fracture before transferring you to the stretcher.","Definition adapted from Wiktionary contributors, CC BY-SA 4.0: https://en.wiktionary.org/wiki/breuk#Dutch. Example: Micsmithel (Dutch, https://tatoeba.org/en/sentences/show/9969104) and NurseMeeks (English, https://tatoeba.org/en/sentences/show/9850801); CC BY 2.0 FR.",B2;production,de,breuken,breukje,,,,,,,,false
brievenbus,"letterbox, mailbox, post box",B2,noun,"People, objects and abstract concepts","Ik loop even naar de brievenbus om een brief te posten, hoor. Tot zo.","I'm just popping out to post a letter in the letter box, all right? Back in a minute.","Definition adapted from Wiktionary contributors, CC BY-SA 4.0: https://en.wiktionary.org/wiki/brievenbus#Dutch. Example: Dorenda (Dutch, https://tatoeba.org/en/sentences/show/643375) and sundown (English, https://tatoeba.org/en/sentences/show/9953280); CC BY 2.0 FR.",B2;production,de,brievenbussen,brievenbusje,,,,,,,,false
brons,bronze,B2,noun,"People, objects and abstract concepts",Wij wonnen de bronzen medaille.,We won the bronze medal.,"Definition adapted from Wiktionary contributors, CC BY-SA 4.0: https://en.wiktionary.org/wiki/brons#Dutch. Example: marcelostockle (Dutch, https://tatoeba.org/en/sentences/show/1926154) and CK (English, https://tatoeba.org/en/sentences/show/1182395); CC BY 2.0 FR.",B2;production,het,bronzen,bronsje,,,,,,,,false
browser,web browser,B2,noun,"People, objects and abstract concepts",Wat is jouw favoriete browser?,Which is your favorite browser?,"Definition adapted from Wiktionary contributors, CC BY-SA 4.0: https://en.wiktionary.org/wiki/browser#Dutch. Example: PaulP (Dutch, https://tatoeba.org/en/sentences/show/11562094) and carlosalberto (English, https://tatoeba.org/en/sentences/show/11558963); CC BY 2.0 FR.",B2;production,de,browsers,,,,,,,,,false
bruid,bride,B2,noun,"People, objects and abstract concepts",Lang leve de bruid en bruidegom!,Long live the bride and groom!,"Definition adapted from Wiktionary contributors, CC BY-SA 4.0: https://en.wiktionary.org/wiki/bruid#Dutch. Example: Micsmithel (Dutch, https://tatoeba.org/en/sentences/show/9728697) and Miktsoanit (English, https://tatoeba.org/en/sentences/show/12233466); CC BY 2.0 FR.",B2;production,de,bruiden,bruidje,,,,,,,,false
bruidegom,bridegroom,B2,noun,"People, objects and abstract concepts",Mijn bruidegom heeft me bedrogen.,My bridegroom cheated on me.,"Definition adapted from Wiktionary contributors, CC BY-SA 4.0: https://en.wiktionary.org/wiki/bruidegom#Dutch. Example: Micsmithel (Dutch, https://tatoeba.org/en/sentences/show/10862901) and maaster (English, https://tatoeba.org/en/sentences/show/8670832); CC BY 2.0 FR.",B2;production,de,bruidegoms,bruidegommetje,,,,,,,,false
buis,"pipe, duct",B2,noun,"People, objects and abstract concepts",Het lijkt erop dat er gas uit de buis ontsnapt.,Gas seems to be escaping from the pipe.,"Definition adapted from Wiktionary contributors, CC BY-SA 4.0: https://en.wiktionary.org/wiki/buis#Dutch. Example: Citrine (Dutch, https://tatoeba.org/en/sentences/show/3039230) and blay_paul (English, https://tatoeba.org/en/sentences/show/63755); CC BY 2.0 FR.",B2;production,de,buizen,buisje,,,,,,,,false
buitenkant,outer side: outside,B2,noun,"People, objects and abstract concepts",De buitenkant van het gebouw is blauw geschilderd.,The outside of the building is painted blue.,"Definition adapted from Wiktionary contributors, CC BY-SA 4.0: https://en.wiktionary.org/wiki/buitenkant#Dutch. Example from the same Wiktionary entry (CC BY-SA 4.0).",B2;production,de,buitenkanten,buitenkantje,,,,,,,,false
buitenwereld,outside world,B2,noun,"People, objects and abstract concepts",Hij was geobsedeerd met het beschermen van zijn kinderen tegen de boze buitenwereld.,He was obsessed about protecting his children from the harsh outside world.,"Definition adapted from Wiktionary contributors, CC BY-SA 4.0: https://en.wiktionary.org/wiki/buitenwereld#Dutch. Example from the same Wiktionary entry (CC BY-SA 4.0).",B2;production,de,buitenwerelden,buitenwereldje,,,,,,,,false
bundel,bundle,B2,noun,"People, objects and abstract concepts",Hans deed de verboden tijdschriften in een bundel en gooide hen in het vuur.,Hans put the illegal magazines together in a bundle and threw them into the fire.,"Definition adapted from Wiktionary contributors, CC BY-SA 4.0: https://en.wiktionary.org/wiki/bundel#Dutch. Example from the same Wiktionary entry (CC BY-SA 4.0).",B2;production,de,bundels,bundeltje,,,,,,,,false
burgeroorlog,civil war,B2,noun,"People, objects and abstract concepts",In 1992 brak in Bosnië-Herzegovina een burgeroorlog uit.,A civil war began in Bosnia-Herzegovina in 1992.,"Definition adapted from Wiktionary contributors, CC BY-SA 4.0: https://en.wiktionary.org/wiki/burgeroorlog#Dutch. Example: MarijnKp (Dutch, https://tatoeba.org/en/sentences/show/9266709) and Source_VOA (English, https://tatoeba.org/en/sentences/show/804238); CC BY 2.0 FR.",B2;production,de,burgeroorlogen,burgeroorlogje,,,,,,,,false
bushalte,bus stop,B2,noun,"People, objects and abstract concepts",Tom wacht me elke ochtend op bij de bushalte.,Tom waits for me at the bus stop every morning.,"Definition adapted from Wiktionary contributors, CC BY-SA 4.0: https://en.wiktionary.org/wiki/bushalte#Dutch. Example: doemaar14 (Dutch, https://tatoeba.org/en/sentences/show/8438772) and CK (English, https://tatoeba.org/en/sentences/show/8438176); CC BY 2.0 FR.",B2;production,de,bushaltes / bushalten,bushaltje,,,,,,,,false
cake,pound cake,B2,noun,"People, objects and abstract concepts",Ik hoop dat Tom een plakje cake voor me overlaat.,I hope Tom leaves a piece of cake for me.,"Definition adapted from Wiktionary contributors, CC BY-SA 4.0: https://en.wiktionary.org/wiki/cake#Dutch. Example: Elsofie (Dutch, https://tatoeba.org/en/sentences/show/8503352) and CK (English, https://tatoeba.org/en/sentences/show/7222549); CC BY 2.0 FR.",B2;production,de,cakes,cakeje,,,,,,,,false
campus,campus,B2,noun,"People, objects and abstract concepts",Ik ben op dit moment op de campus.,I'm on campus at the moment.,"Definition adapted from Wiktionary contributors, CC BY-SA 4.0: https://en.wiktionary.org/wiki/campus#Dutch. Example: marcelostockle (Dutch, https://tatoeba.org/en/sentences/show/555026) and CM (English, https://tatoeba.org/en/sentences/show/555020); CC BY 2.0 FR.",B2;production,de,campussen,campusje,,,,,,,,false
capaciteit,capacity,B2,noun,"People, objects and abstract concepts",Hij heeft de capaciteit niet om president te zijn.,He doesn't have the capacity to be president.,"Definition adapted from Wiktionary contributors, CC BY-SA 4.0: https://en.wiktionary.org/wiki/capaciteit#Dutch. Example: Nylez (Dutch, https://tatoeba.org/en/sentences/show/9406378) and CM (English, https://tatoeba.org/en/sentences/show/284836); CC BY 2.0 FR.",B2;production,de,capaciteiten,capaciteitje,,,,,,,,false
cape,cape,B2,noun,"People, objects and abstract concepts",Waarom draagt Tom een cape?,Why's Tom wearing a cape?,"Definition adapted from Wiktionary contributors, CC BY-SA 4.0: https://en.wiktionary.org/wiki/cape#Dutch. Example: SunnyMoon (Dutch, https://tatoeba.org/en/sentences/show/11330671) and shekitten (English, https://tatoeba.org/en/sentences/show/9511459); CC BY 2.0 FR.",B2;production,de,capes,capeje,,,,,,,,false
carnaval,"carnival, last festive occasion before Lent, notably on Shrove Tuesday",B2,noun,"People, objects and abstract concepts",Het leven is een carnaval.,Life is a carnival.,"Definition adapted from Wiktionary contributors, CC BY-SA 4.0: https://en.wiktionary.org/wiki/carnaval#Dutch. Example: MarijnKp (Dutch, https://tatoeba.org/en/sentences/show/13008127) and kaiperkins271 (English, https://tatoeba.org/en/sentences/show/6909426); CC BY 2.0 FR.",B2;production,het,carnavals,carnavalletje,,,,,,,,false
cent,"cent, a subunit of currency equal to one-hundredth of the main unit of the Dutch guilder",B2,noun,"People, objects and abstract concepts","Ik heb geen cent, laat staan een dollar.","I don't have a cent, let alone a dollar.","Definition adapted from Wiktionary contributors, CC BY-SA 4.0: https://en.wiktionary.org/wiki/cent#Dutch. Example: PaulP (Dutch, https://tatoeba.org/en/sentences/show/13111112) and Auride (English, https://tatoeba.org/en/sentences/show/73215); CC BY 2.0 FR.",B2;production,de,centen,centje,,,,,,,,false
ceremonie,"ceremony, a formal ritual",B2,noun,"People, objects and abstract concepts",De ceremonie zal plaatsvinden op het gemeentehuis.,The ceremony will take place in the town hall.,"Definition adapted from Wiktionary contributors, CC BY-SA 4.0: https://en.wiktionary.org/wiki/ceremonie#Dutch. Example: Nylez (Dutch, https://tatoeba.org/en/sentences/show/10049006) and bpeel (English, https://tatoeba.org/en/sentences/show/8191852); CC BY 2.0 FR.",B2;production,de,ceremoniën / ceremonies,ceremonietje,,,,,,,,false
champagne,sparkling wine champagne from the French region Champagne,B2,noun,"People, objects and abstract concepts",De champagne bubbelde in het glas.,The champagne bubbled in the glass.,"Definition adapted from Wiktionary contributors, CC BY-SA 4.0: https://en.wiktionary.org/wiki/champagne#Dutch. Example: doemaar14 (Dutch, https://tatoeba.org/en/sentences/show/9086998) and orcrist (English, https://tatoeba.org/en/sentences/show/53042); CC BY 2.0 FR.",B2;production,de,champagnes,champagnetje,,,,,,,,false
chat,chat,B2,noun,"People, objects and abstract concepts",Stop met de chat te spammen met memes.,Stop spamming the chat with memes.,"Definition adapted from Wiktionary contributors, CC BY-SA 4.0: https://en.wiktionary.org/wiki/chat#Dutch. Example: megamanenm (Dutch, https://tatoeba.org/en/sentences/show/10783559) and DJ_Saidez (English, https://tatoeba.org/en/sentences/show/9445683); CC BY 2.0 FR.",B2;production,de,chats,chatje,,,,,,,,false
chef,"boss, chief, head, leader",B2,noun,"People, objects and abstract concepts",Hij haalde diep adem voordat hij het kantoor van zijn chef binnenging.,He breathed deeply before entering his boss's office.,"Definition adapted from Wiktionary contributors, CC BY-SA 4.0: https://en.wiktionary.org/wiki/chef#Dutch. Example: Micsmithel (Dutch, https://tatoeba.org/en/sentences/show/7694803) and CK (English, https://tatoeba.org/en/sentences/show/299679); CC BY 2.0 FR.",B2;production,de,chefs,chefje,,,,,,,,false
chili,chili pepper,B2,noun,"People, objects and abstract concepts",Ik heb kidneybonen aan de chili toegevoegd.,I added kidney beans to the chili.,"Definition adapted from Wiktionary contributors, CC BY-SA 4.0: https://en.wiktionary.org/wiki/chili#Dutch. Example: Tom9358 (Dutch, https://tatoeba.org/en/sentences/show/13762285) and Amastan (English, https://tatoeba.org/en/sentences/show/12106253); CC BY 2.0 FR.",B2;production,de,chilis,,,,,,,,,false
chip,chip,B2,noun,"People, objects and abstract concepts",Er ligt een chip op de tafel.,There's a computer chip on the table.,"Definition adapted from Wiktionary contributors, CC BY-SA 4.0: https://en.wiktionary.org/wiki/chip#Dutch. Example: PaulP (Dutch, https://tatoeba.org/en/sentences/show/12794170) and rul (English, https://tatoeba.org/en/sentences/show/12792377); CC BY 2.0 FR.",B2;production,de,chips,chipje,,,,,,,,false
chirurg,surgeon,B2,noun,"People, objects and abstract concepts",De chirurg overtuigde hem om een ​​orgaantransplantatie te ondergaan.,The surgeon persuaded him to undergo an organ transplant.,"Definition adapted from Wiktionary contributors, CC BY-SA 4.0: https://en.wiktionary.org/wiki/chirurg#Dutch. Example: MarijnKp (Dutch, https://tatoeba.org/en/sentences/show/9033741) and Swift (English, https://tatoeba.org/en/sentences/show/21984); CC BY 2.0 FR.",B2;production,de,chirurgen,chirurgje,,,,,,,,false
christendom,Christianity,B2,noun,"People, objects and abstract concepts",Het jodendom is niet echt het tegenovergestelde van het christendom.,Judaism isn't really the opposite of Christianity.,"No usual plural in this sense. Definition adapted from Wiktionary contributors, CC BY-SA 4.0: https://en.wiktionary.org/wiki/christendom#Dutch. Example: LinguisticFusion (Dutch, https://tatoeba.org/en/sentences/show/4975833) and nonong (English, https://tatoeba.org/en/sentences/show/4974744); CC BY 2.0 FR.",B2;production,het,,,,,,,,,,false
cirkel,circle,B2,noun,"People, objects and abstract concepts",Zij zaten in een halve cirkel rond het vuur.,They sat in a half-circle around the fire.,"Definition adapted from Wiktionary contributors, CC BY-SA 4.0: https://en.wiktionary.org/wiki/cirkel#Dutch. Example: Micsmithel (Dutch, https://tatoeba.org/en/sentences/show/6542502) and mccarras (English, https://tatoeba.org/en/sentences/show/9022930); CC BY 2.0 FR.",B2;production,de,cirkels,cirkeltje,,,,,,,,false
clown,clown,B2,noun,"People, objects and abstract concepts",De clown trok een grappig gezicht.,The clown made a funny face.,"Definition adapted from Wiktionary contributors, CC BY-SA 4.0: https://en.wiktionary.org/wiki/clown#Dutch. Example: pimmhogeling (Dutch, https://tatoeba.org/en/sentences/show/1474848) and CK (English, https://tatoeba.org/en/sentences/show/280440); CC BY 2.0 FR.",B2;production,de,clowns,clowntje,,,,,,,,false
coma,coma,B2,noun,"People, objects and abstract concepts",Tom is net uit zijn coma geraakt.,Tom just came out of his coma.,"Definition adapted from Wiktionary contributors, CC BY-SA 4.0: https://en.wiktionary.org/wiki/coma#Dutch. Example: megamanenm (Dutch, https://tatoeba.org/en/sentences/show/9729260) and CK (English, https://tatoeba.org/en/sentences/show/3431183); CC BY 2.0 FR.",B2;production,het,coma's,,,,,,,,,false
comité,committee,B2,noun,"People, objects and abstract concepts",Hij speelde een belangrijke rol in het comité.,He played an important role on the committee.,"Definition adapted from Wiktionary contributors, CC BY-SA 4.0: https://en.wiktionary.org/wiki/comit%C3%A9#Dutch. Example: martinod (Dutch, https://tatoeba.org/en/sentences/show/872029) and CM (English, https://tatoeba.org/en/sentences/show/293571); CC BY 2.0 FR.",B2;production,het,comités,comiteetje,,,,,,,,false
commandant,commander,B2,noun,"People, objects and abstract concepts",De commandant van de eenheid heeft het bevel gegeven om de wapens neer te leggen.,The commander of the unit has given the order to lay down the weapons.,"Definition adapted from Wiktionary contributors, CC BY-SA 4.0: https://en.wiktionary.org/wiki/commandant#Dutch. Example: Micsmithel (Dutch, https://tatoeba.org/en/sentences/show/11073527) and SunnyMoon (English, https://tatoeba.org/en/sentences/show/11174145); CC BY 2.0 FR.",B2;production,de,commandanten,commandantje,,,,,,,,false
communisme,communism,B2,noun,"People, objects and abstract concepts",Een spook waart door Europa – het spook van het communisme.,A specter is haunting Europe — the specter of communism.,"Definition adapted from Wiktionary contributors, CC BY-SA 4.0: https://en.wiktionary.org/wiki/communisme#Dutch. Example: MarijnKp (Dutch, https://tatoeba.org/en/sentences/show/7800991) and shekitten (English, https://tatoeba.org/en/sentences/show/7799796); CC BY 2.0 FR.",B2;production,het,communismen,communismetje,,,,,,,,false
competitie,competition,B2,noun,"People, objects and abstract concepts",Hij won goud in de competitie.,He won gold in the competition.,"Definition adapted from Wiktionary contributors, CC BY-SA 4.0: https://en.wiktionary.org/wiki/competitie#Dutch. Example: MarijnKp (Dutch, https://tatoeba.org/en/sentences/show/7523697) and mailohilohi (English, https://tatoeba.org/en/sentences/show/5425025); CC BY 2.0 FR.",B2;production,de,competities,competitietje,,,,,,,,false
compilatie,compilation; the act or process of compiling or gathering together from various sources,B2,noun,"People, objects and abstract concepts",Is dit een compilatie?,Is this a compilation?,"Definition adapted from Wiktionary contributors, CC BY-SA 4.0: https://en.wiktionary.org/wiki/compilatie#Dutch. Example: MarijnKp (Dutch, https://tatoeba.org/en/sentences/show/9426471) and CM (English, https://tatoeba.org/en/sentences/show/1211797); CC BY 2.0 FR.",B2;production,de,compilaties,compilatietje,,,,,,,,false
compliment,compliment,B2,noun,"People, objects and abstract concepts",Ik beschouw dat als een compliment.,I will take that as a compliment.,"Definition adapted from Wiktionary contributors, CC BY-SA 4.0: https://en.wiktionary.org/wiki/compliment#Dutch. Example: Elsofie (Dutch, https://tatoeba.org/en/sentences/show/8630055) and Ricardo14 (English, https://tatoeba.org/en/sentences/show/5979445); CC BY 2.0 FR.",B2;production,het,complimenten,complimentje,,,,,,,,false
complot,conspiracy,B2,noun,"People, objects and abstract concepts",Het is allemaal een complot.,It's all a conspiracy.,"Definition adapted from Wiktionary contributors, CC BY-SA 4.0: https://en.wiktionary.org/wiki/complot#Dutch. Example: doemaar14 (Dutch, https://tatoeba.org/en/sentences/show/12307644) and CK (English, https://tatoeba.org/en/sentences/show/3825582); CC BY 2.0 FR.",B2;production,het,complotten,complotje,,,,,,,,false
componist,composer,B2,noun,"People, objects and abstract concepts",Tom zei dat Mozart zijn favoriete componist was.,Tom said Mozart was his favorite composer.,"Definition adapted from Wiktionary contributors, CC BY-SA 4.0: https://en.wiktionary.org/wiki/componist#Dutch. Example: doemaar14 (Dutch, https://tatoeba.org/en/sentences/show/6138508) and CK (English, https://tatoeba.org/en/sentences/show/6138334); CC BY 2.0 FR.",B2;production,de,componisten,componistje,,,,,,,,false
compositie,"composition makeup of something, notably in terms of components such as ingredients; especially a alloy",B2,noun,"People, objects and abstract concepts",Er zitten een paar fouten in uw compositie.,There are few mistakes in your composition.,"Definition adapted from Wiktionary contributors, CC BY-SA 4.0: https://en.wiktionary.org/wiki/compositie#Dutch. Example: phiz (Dutch, https://tatoeba.org/en/sentences/show/413578) and Zifre (English, https://tatoeba.org/en/sentences/show/17143); CC BY 2.0 FR.",B2;production,de,composities,compositietje,,,,,,,,false
compromis,compromise,B2,noun,"People, objects and abstract concepts",Tom schijnt niet bereid te zijn tot een compromis.,Tom seems to be unwilling to compromise.,"Definition adapted from Wiktionary contributors, CC BY-SA 4.0: https://en.wiktionary.org/wiki/compromis#Dutch. Example: martinod (Dutch, https://tatoeba.org/en/sentences/show/2120257) and CK (English, https://tatoeba.org/en/sentences/show/1092964); CC BY 2.0 FR.",B2;production,het,compromis / compromissen,compromistje,,,,,,,,false
congres,"congress, large consultative and/or legislative body",B2,noun,"People, objects and abstract concepts",Ze reizen door Europa om naar het congres te gaan.,They're traveling across Europe to go to Congress.,"Definition adapted from Wiktionary contributors, CC BY-SA 4.0: https://en.wiktionary.org/wiki/congres#Dutch. Example: martinod (Dutch, https://tatoeba.org/en/sentences/show/10463524) and megamanenm (English, https://tatoeba.org/en/sentences/show/12169625); CC BY 2.0 FR.",B2;production,het,congressen,congresje,,,,,,,,false
connectie,connection,B2,noun,"People, objects and abstract concepts",Hij heeft daar een aantal connecties.,He has there some connections.,"Definition adapted from Wiktionary contributors, CC BY-SA 4.0: https://en.wiktionary.org/wiki/connectie#Dutch. Example from the same Wiktionary entry (CC BY-SA 4.0).",B2;production,de,connecties,connectietje,,,,,,,,false
conservatorium,conservatory,B2,noun,"People, objects and abstract concepts",Grieg studeerde aan het conservatorium van Leipzig.,Grieg studied at the Leipzig Conservatory.,"Definition adapted from Wiktionary contributors, CC BY-SA 4.0: https://en.wiktionary.org/wiki/conservatorium#Dutch. Example: PaulP (Dutch, https://tatoeba.org/en/sentences/show/12509620) and Kayray (English, https://tatoeba.org/en/sentences/show/12115133); CC BY 2.0 FR.",B2;production,het,conservatoriums / conservatoria,conservatoriumpje,,,,,,,,false
consument,"consumer, who buys and/or uses goods or services",B2,noun,"People, objects and abstract concepts",De rechten van de consument worden beschermd door de wet.,The rights of the consumer are protected by the law.,"Definition adapted from Wiktionary contributors, CC BY-SA 4.0: https://en.wiktionary.org/wiki/consument#Dutch. Example from the same Wiktionary entry (CC BY-SA 4.0).",B2;production,de,consumenten,consumentje,,,,,,,,false
consumptie,"consumption, act of eating or drinking",B2,noun,"People, objects and abstract concepts",De consumptie van de ene man wordt de wens van zijn buurman.,One man's consumption becomes his neighbor's wish.,"Definition adapted from Wiktionary contributors, CC BY-SA 4.0: https://en.wiktionary.org/wiki/consumptie#Dutch. Example: Micsmithel (Dutch, https://tatoeba.org/en/sentences/show/8271647) and Hybrid (English, https://tatoeba.org/en/sentences/show/6287128); CC BY 2.0 FR.",B2;production,de,consumpties,consumptietje,,,,,,,,false
container,"shipping container, cargo container",B2,noun,"People, objects and abstract concepts",Van wie is deze container?,Whose container is this?,"Definition adapted from Wiktionary contributors, CC BY-SA 4.0: https://en.wiktionary.org/wiki/container#Dutch. Example: kredability (Dutch, https://tatoeba.org/en/sentences/show/3615829) and Theocracy (English, https://tatoeba.org/en/sentences/show/3615693); CC BY 2.0 FR.",B2;production,de,containers,containertje,,,,,,,,false
conversatie,conversation,B2,noun,"People, objects and abstract concepts",Ik heb niets toe te voegen aan de conversatie.,I have nothing to add to the conversation.,"Definition adapted from Wiktionary contributors, CC BY-SA 4.0: https://en.wiktionary.org/wiki/conversatie#Dutch. Example: Rubrick (Dutch, https://tatoeba.org/en/sentences/show/7771024) and VirtuOZ (English, https://tatoeba.org/en/sentences/show/2573355); CC BY 2.0 FR.",B2;production,de,conversaties,conversatietje,,,,,,,,false
correctie,"correction, rectification",B2,noun,"People, objects and abstract concepts",Na twee weken zonder antwoord heb ik de voorgestelde correctie uitgevoerd.,"After two weeks without response, I have made the suggested correction.","Definition adapted from Wiktionary contributors, CC BY-SA 4.0: https://en.wiktionary.org/wiki/correctie#Dutch. Example: PaulP (Dutch, https://tatoeba.org/en/sentences/show/3346442) and SunnyMoon (English, https://tatoeba.org/en/sentences/show/11160563); CC BY 2.0 FR.",B2;production,de,correcties,correctietje,,,,,,,,false
coördinator,coordinator,B2,noun,"People, objects and abstract concepts",Tom was de coördinator.,Tom was the coordinator.,"Definition adapted from Wiktionary contributors, CC BY-SA 4.0: https://en.wiktionary.org/wiki/co%C3%B6rdinator#Dutch. Example: megamanenm (Dutch, https://tatoeba.org/en/sentences/show/12343630) and CK (English, https://tatoeba.org/en/sentences/show/4666542); CC BY 2.0 FR.",B2;production,de,coördinatoren / coördinators,,,,,,,,,false
crash,"crash, collision, esp. when involving aircraft",B2,noun,"People, objects and abstract concepts",De enige overlevende van de crash was een baby.,The sole survivor of the crash was a baby.,"Definition adapted from Wiktionary contributors, CC BY-SA 4.0: https://en.wiktionary.org/wiki/crash#Dutch. Example: phiz (Dutch, https://tatoeba.org/en/sentences/show/423544) and CM (English, https://tatoeba.org/en/sentences/show/44999); CC BY 2.0 FR.",B2;production,de,crashes,crashje,,,,,,,,false
creditcard,credit card,B2,noun,"People, objects and abstract concepts",Ik heb nog nooit een creditcard gehad.,I have never had a credit card.,"Definition adapted from Wiktionary contributors, CC BY-SA 4.0: https://en.wiktionary.org/wiki/creditcard#Dutch. Example: doemaar14 (Dutch, https://tatoeba.org/en/sentences/show/12326229) and mailohilohi (English, https://tatoeba.org/en/sentences/show/5924010); CC BY 2.0 FR.",B2;production,de,creditcards,,,,,,,,,false
daad,"deed, act, action",B2,noun,"People, objects and abstract concepts",Een goede daad verlicht een donkere wereld.,A good deed lightens a dark world.,"Definition adapted from Wiktionary contributors, CC BY-SA 4.0: https://en.wiktionary.org/wiki/daad#Dutch. Example: Citrine (Dutch, https://tatoeba.org/en/sentences/show/1480615) and bart (English, https://tatoeba.org/en/sentences/show/1398502); CC BY 2.0 FR.",B2;production,de,daden,daadje,,,,,,,,false
dader,"doer, perpetrator",B2,noun,"People, objects and abstract concepts",De dader kon helaas ontkomen.,"Unfortunately, the perpetrator managed to escape.","Definition adapted from Wiktionary contributors, CC BY-SA 4.0: https://en.wiktionary.org/wiki/dader#Dutch. Example from the same Wiktionary entry (CC BY-SA 4.0).",B2;production,de,daders,dadertje,,,,,,,,false
dagboek,diary,B2,noun,"People, objects and abstract concepts",Het is leuk om mijn oude dagboek terug te lezen.,It's fun to read my old diary.,"Definition adapted from Wiktionary contributors, CC BY-SA 4.0: https://en.wiktionary.org/wiki/dagboek#Dutch. Example: Raizin (Dutch, https://tatoeba.org/en/sentences/show/9773633) and CK (English, https://tatoeba.org/en/sentences/show/1318655); CC BY 2.0 FR.",B2;production,het,dagboeken,dagboekje,,,,,,,,false
dakloze,homeless person,B2,noun,"People, objects and abstract concepts",Veel dakloze mensen kunnen zich geen gezond voedsel veroorloven.,Many homeless people can't afford healthy food.,"Definition adapted from Wiktionary contributors, CC BY-SA 4.0: https://en.wiktionary.org/wiki/dakloze#Dutch. Example: Raizin (Dutch, https://tatoeba.org/en/sentences/show/5929930) and CK (English, https://tatoeba.org/en/sentences/show/4529106); CC BY 2.0 FR.",B2;production,de,daklozen,,,,,,,,,false
dame,queen,B2,noun,"People, objects and abstract concepts","De dame mag naar keuze horizontaal, verticaal of diagonaal bewegen.","The queen may either move horizontally, vertically or diagonally.","Definition adapted from Wiktionary contributors, CC BY-SA 4.0: https://en.wiktionary.org/wiki/dame#Dutch. Example: megamanenm (Dutch, https://tatoeba.org/en/sentences/show/11535486) and megamanenm (English, https://tatoeba.org/en/sentences/show/11535487); CC BY 2.0 FR.",B2;production,de,dames,dametje,,,,,,,,false
dans,dance,B2,noun,"People, objects and abstract concepts",Denkt Tom echt dat Mary met hem naar de dans gaat?,Does Tom really think Mary will go to the dance with him?,"Definition adapted from Wiktionary contributors, CC BY-SA 4.0: https://en.wiktionary.org/wiki/dans#Dutch. Example: purple_ice (Dutch, https://tatoeba.org/en/sentences/show/11899745) and CK (English, https://tatoeba.org/en/sentences/show/6062350); CC BY 2.0 FR.",B2;production,de,dansen,dansje,,,,,,,,false
danseres,female dancer,B2,noun,"People, objects and abstract concepts",Ik vind dat ze een goede danseres is.,I think she is a good dancer.,"Definition adapted from Wiktionary contributors, CC BY-SA 4.0: https://en.wiktionary.org/wiki/danseres#Dutch. Example: Dorenda (Dutch, https://tatoeba.org/en/sentences/show/535083) and sacredceltic (English, https://tatoeba.org/en/sentences/show/261325); CC BY 2.0 FR.",B2;production,de,danseressen,danseresje,,,,,,,,false
darm,intestine,B2,noun,"People, objects and abstract concepts",De twaalfvingerige darm is een deel van de dunne darm.,The duodenum is a section of the small intestine.,"Definition adapted from Wiktionary contributors, CC BY-SA 4.0: https://en.wiktionary.org/wiki/darm#Dutch. Example: MarijnKp (Dutch, https://tatoeba.org/en/sentences/show/9394063) and Lepotdeterre (English, https://tatoeba.org/en/sentences/show/4091048); CC BY 2.0 FR.",B2;production,de,darmen,darmpje,,,,,,,,false
database,database,B2,noun,"People, objects and abstract concepts","Dat het in de database van Tatoeba.org staat, betekent niet dat het een zin is.","Just because it's in Tatoeba.org's database, doesn't mean it's a sentence.","Definition adapted from Wiktionary contributors, CC BY-SA 4.0: https://en.wiktionary.org/wiki/database#Dutch. Example: SunnyMoon (Dutch, https://tatoeba.org/en/sentences/show/11242177) and saeb (English, https://tatoeba.org/en/sentences/show/625903); CC BY 2.0 FR.",B2;production,de,databases,databaseje,,,,,,,,false
date,date,B2,noun,"People, objects and abstract concepts","Het spijt me, maar ik heb al een date.","I'm sorry, but I already have a date.","Definition adapted from Wiktionary contributors, CC BY-SA 4.0: https://en.wiktionary.org/wiki/date#Dutch. Example: Micsmithel (Dutch, https://tatoeba.org/en/sentences/show/7285692) and Hybrid (English, https://tatoeba.org/en/sentences/show/7285566); CC BY 2.0 FR.",B2;production,de,dates,,,,,,,,,false
datum,date,B2,noun,"People, objects and abstract concepts",Tom heeft per ongeluk een kaartje voor de verkeerde datum gekocht.,Tom accidentally bought a ticket for the wrong date.,"Definition adapted from Wiktionary contributors, CC BY-SA 4.0: https://en.wiktionary.org/wiki/datum#Dutch. Example: rose_d (Dutch, https://tatoeba.org/en/sentences/show/10643091) and Hybrid (English, https://tatoeba.org/en/sentences/show/7813707); CC BY 2.0 FR.",B2;production,de,datums / data,datumpje,,,,,,,,false
deadline,deadline,B2,noun,"People, objects and abstract concepts",Er is geen haast. De deadline is over drie weken.,There's no rush. The deadline is three weeks from today.,"Definition adapted from Wiktionary contributors, CC BY-SA 4.0: https://en.wiktionary.org/wiki/deadline#Dutch. Example: Raizin (Dutch, https://tatoeba.org/en/sentences/show/9819013) and CK (English, https://tatoeba.org/en/sentences/show/9818976); CC BY 2.0 FR.",B2;production,de,deadlines,deadlinetje,,,,,,,,false
dealer,dealer,B2,noun,"People, objects and abstract concepts",De dealer schudde het kaartspel voor elke ronde.,The dealer shuffled the deck before each round.,"Definition adapted from Wiktionary contributors, CC BY-SA 4.0: https://en.wiktionary.org/wiki/dealer#Dutch. Example: megamanenm (Dutch, https://tatoeba.org/en/sentences/show/12351254) and megamanenm (English, https://tatoeba.org/en/sentences/show/12351253); CC BY 2.0 FR.",B2;production,de,dealers,dealertje,,,,,,,,false
decennium,"decade, a period of ten years",B2,noun,"People, objects and abstract concepts",Er zitten tien jaar in een decennium.,There are ten years in a decade.,"Definition adapted from Wiktionary contributors, CC BY-SA 4.0: https://en.wiktionary.org/wiki/decennium#Dutch. Example: MarijnKp (Dutch, https://tatoeba.org/en/sentences/show/9934471) and Muelisto (English, https://tatoeba.org/en/sentences/show/4872555); CC BY 2.0 FR.",B2;production,het,decennia / decenniën,decenniumpje,,,,,,,,false
deelstaat,state – a member state or constituent state of a federation or confederation,B2,noun,"People, objects and abstract concepts",Bombay is de hoofdstad van de Indiase deelstaat Maharashtra.,Mumbai is the capital of the Indian state of Maharashtra.,"Definition adapted from Wiktionary contributors, CC BY-SA 4.0: https://en.wiktionary.org/wiki/deelstaat#Dutch. Example: MarijnKp (Dutch, https://tatoeba.org/en/sentences/show/7463278) and minshirui (English, https://tatoeba.org/en/sentences/show/487594); CC BY 2.0 FR.",B2;production,de,deelstaten,deelstaatje,,,,,,,,false
dek,deck,B2,noun,"People, objects and abstract concepts",De matrozen dansten op het dek.,The sailors were dancing on deck.,"Definition adapted from Wiktionary contributors, CC BY-SA 4.0: https://en.wiktionary.org/wiki/dek#Dutch. Example: PaulP (Dutch, https://tatoeba.org/en/sentences/show/13276375) and Hybrid (English, https://tatoeba.org/en/sentences/show/2672403); CC BY 2.0 FR.",B2;production,het,dekken,dekje,,,,,,,,false
deksel,lid,B2,noun,"People, objects and abstract concepts",Help me alsjeblieft met dit deksel eraf te krijgen.,Please help me take this lid off.,"Definition adapted from Wiktionary contributors, CC BY-SA 4.0: https://en.wiktionary.org/wiki/deksel#Dutch. Example: Vulgaris (Dutch, https://tatoeba.org/en/sentences/show/862683) and Dejo (English, https://tatoeba.org/en/sentences/show/60581); CC BY 2.0 FR.",B2;production,het,deksels,dekseltje,,,,,,,,false
delegatie,delegation,B2,noun,"People, objects and abstract concepts",Het was de eerste delegatie die het nieuwe land ooit had ontvangen.,It was the first delegation that the new country had ever received.,"Definition adapted from Wiktionary contributors, CC BY-SA 4.0: https://en.wiktionary.org/wiki/delegatie#Dutch. Example: GinaAxella (Dutch, https://tatoeba.org/en/sentences/show/4641444) and AlanF_US (English, https://tatoeba.org/en/sentences/show/2366860); CC BY 2.0 FR.",B2;production,de,delegaties,,,,,,,,,false
demonstratie,"demonstration, demo",B2,noun,"People, objects and abstract concepts",Bijna duizend mensen deden mee aan de demonstratie.,Nearly a thousand people participated in the demonstration.,"Definition adapted from Wiktionary contributors, CC BY-SA 4.0: https://en.wiktionary.org/wiki/demonstratie#Dutch. Example: Citrine (Dutch, https://tatoeba.org/en/sentences/show/1478766) and CM (English, https://tatoeba.org/en/sentences/show/50230); CC BY 2.0 FR.",B2;production,de,demonstraties,demonstratietje,,,,,,,,false
dessert,dessert,B2,noun,"People, objects and abstract concepts",Een huwelijk is een feestmaal dat begint met het dessert.,Marriage is a banquet that begins with dessert.,"Definition adapted from Wiktionary contributors, CC BY-SA 4.0: https://en.wiktionary.org/wiki/dessert#Dutch. Example: carlosalberto (Dutch, https://tatoeba.org/en/sentences/show/13304055) and rul (English, https://tatoeba.org/en/sentences/show/13302058); CC BY 2.0 FR.",B2;production,het,desserten / desserts,dessertje,,,,,,,,false
dia,slide,B2,noun,"People, objects and abstract concepts",De volgende dia graag.,"Next slide, please.","Definition adapted from Wiktionary contributors, CC BY-SA 4.0: https://en.wiktionary.org/wiki/dia#Dutch. Example: Micsmithel (Dutch, https://tatoeba.org/en/sentences/show/10830204) and sundown (English, https://tatoeba.org/en/sentences/show/10636953); CC BY 2.0 FR.",B2;production,de,dia's,diaatje,,,,,,,,false
diagnose,diagnosis,B2,noun,"People, objects and abstract concepts",De arts heeft de juiste diagnose gemaakt.,The doctor made the correct diagnosis.,"Definition adapted from Wiktionary contributors, CC BY-SA 4.0: https://en.wiktionary.org/wiki/diagnose#Dutch. Example: PaulP (Dutch, https://tatoeba.org/en/sentences/show/9004019) and Hybrid (English, https://tatoeba.org/en/sentences/show/7857521); CC BY 2.0 FR.",B2;production,de,diagnoses / diagnosen,diagnosetje,,,,,,,,false
diamant,diamond; gemstone,B2,noun,"People, objects and abstract concepts",De ring bevat een kleine diamant.,The ring contains a small diamond.,No usual plural in this sense.,B2;production,de,diamanten,diamantje,,,,,,,,false
diameter,diameter,B2,noun,"People, objects and abstract concepts",Venulen en arteriolen zijn bloedvaten met een kleine diameter die haarvaten verbinden met aders en slagaders.,Venules and arterioles are small diameter blood vessels that connect capillaries to veins and arteries.,"Definition adapted from Wiktionary contributors, CC BY-SA 4.0: https://en.wiktionary.org/wiki/diameter#Dutch. Example: MarijnKp (Dutch, https://tatoeba.org/en/sentences/show/9554672) and Vanilla (English, https://tatoeba.org/en/sentences/show/3326193); CC BY 2.0 FR.",B2;production,de,diameters,diametertje,,,,,,,,false
dictatuur,dictatorship,B2,noun,"People, objects and abstract concepts",Tatoeba: Bewijzen elke dag dat een dictatuur beter is.,Tatoeba: Proving that a dictatorship is better every day.,"Definition adapted from Wiktionary contributors, CC BY-SA 4.0: https://en.wiktionary.org/wiki/dictatuur#Dutch. Example: SunnyMoon (Dutch, https://tatoeba.org/en/sentences/show/11225017) and saeb (English, https://tatoeba.org/en/sentences/show/1117306); CC BY 2.0 FR.",B2;production,de,dictaturen,dictatuurtje,,,,,,,,false
dief,"thief, one who steals",B2,noun,"People, objects and abstract concepts","Ik ben echt wel arm, maar ik ben geen dief.","I am quite poor, but I am not a thief.","Definition adapted from Wiktionary contributors, CC BY-SA 4.0: https://en.wiktionary.org/wiki/dief#Dutch. Example: martinod (Dutch, https://tatoeba.org/en/sentences/show/8180417) and megamanenm (English, https://tatoeba.org/en/sentences/show/10218120); CC BY 2.0 FR.",B2;production,de,dieven,diefje,,,,,,,,false
diepte,depth,B2,noun,"People, objects and abstract concepts",De diepte van het meer is onbekend.,The depth of the lake is unknown.,"Definition adapted from Wiktionary contributors, CC BY-SA 4.0: https://en.wiktionary.org/wiki/diepte#Dutch. Example from the same Wiktionary entry (CC BY-SA 4.0).",B2;production,de,diepten / dieptes,,,,,,,,,false
dieptepunt,"low point, nadir",B2,noun,"People, objects and abstract concepts",Het dieptepuntje van de film was het slechte acteerwerk.,The minor low point of the movie was the poor acting.,"Definition adapted from Wiktionary contributors, CC BY-SA 4.0: https://en.wiktionary.org/wiki/dieptepunt#Dutch. Example from the same Wiktionary entry (CC BY-SA 4.0).",B2;production,het,dieptepunten,dieptepuntje,,,,,,,,false
dierenarts,veterinarian; mostly used for one treating pets,B2,noun,"People, objects and abstract concepts",Ik ben een erkende dierenarts.,I'm a licensed veterinarian.,"Definition adapted from Wiktionary contributors, CC BY-SA 4.0: https://en.wiktionary.org/wiki/dierenarts#Dutch. Example: Micsmithel (Dutch, https://tatoeba.org/en/sentences/show/6875456) and CK (English, https://tatoeba.org/en/sentences/show/6873122); CC BY 2.0 FR.",B2;production,de,dierenartsen,dierenartsje,,,,,,,,false
dijk,"dike, levee",B2,noun,"People, objects and abstract concepts",Ik woon in de buurt van de dijk.,I live near the dike.,"Definition adapted from Wiktionary contributors, CC BY-SA 4.0: https://en.wiktionary.org/wiki/dijk#Dutch. Example: Tom9358 (Dutch, https://tatoeba.org/en/sentences/show/14045844) and Amastan (English, https://tatoeba.org/en/sentences/show/1823559); CC BY 2.0 FR.",B2;production,de,dijken,dijkje,,,,,,,,false
dilemma,dilemma,B2,noun,"People, objects and abstract concepts",Tom staat voor een dilemma.,Tom faces a dilemma.,"Definition adapted from Wiktionary contributors, CC BY-SA 4.0: https://en.wiktionary.org/wiki/dilemma#Dutch. Example: Citrine (Dutch, https://tatoeba.org/en/sentences/show/8324856) and CK (English, https://tatoeba.org/en/sentences/show/1094146); CC BY 2.0 FR.",B2;production,het,dilemma's,dilemmaatje,,,,,,,,false
dimensie,dimension,B2,noun,"People, objects and abstract concepts",Tom komt uit een andere dimensie.,Tom comes from another dimension.,"Definition adapted from Wiktionary contributors, CC BY-SA 4.0: https://en.wiktionary.org/wiki/dimensie#Dutch. Example: Nylez (Dutch, https://tatoeba.org/en/sentences/show/9693176) and Hybrid (English, https://tatoeba.org/en/sentences/show/2908803); CC BY 2.0 FR.",B2;production,de,dimensies,dimensietje,,,,,,,,false
diner,"dinner, supper",B2,noun,"People, objects and abstract concepts",Het officiële diner vond plaats in het Witte Huis.,The official dinner took place at the White House.,"Definition adapted from Wiktionary contributors, CC BY-SA 4.0: https://en.wiktionary.org/wiki/diner#Dutch. Example: JNQ (Dutch, https://tatoeba.org/en/sentences/show/4356662) and Source_VOA (English, https://tatoeba.org/en/sentences/show/2163162); CC BY 2.0 FR.",B2;production,het,diners,dinertje,,,,,,,,false
divisie,"division; a large military unit, usually with over 15,000 soldiers and divided into brigades",B2,noun,"People, objects and abstract concepts",We promoveerden naar de eerste divisie.,We were promoted to Division 1.,"Definition adapted from Wiktionary contributors, CC BY-SA 4.0: https://en.wiktionary.org/wiki/divisie#Dutch. Example: doemaar14 (Dutch, https://tatoeba.org/en/sentences/show/11160873) and DJ_Saidez (English, https://tatoeba.org/en/sentences/show/9176635); CC BY 2.0 FR.",B2;production,de,divisies,,,,,,,,,false
doelman,"male goalie, male goal keeper",B2,noun,"People, objects and abstract concepts",Het doelpunt was het gevolg van slecht uitverdedigen van de doelman van de tegenstander.,The goal came from a bad clearance by the opposing goalkeeper.,"Definition adapted from Wiktionary contributors, CC BY-SA 4.0: https://en.wiktionary.org/wiki/doelman#Dutch. Example: doemaar14 (Dutch, https://tatoeba.org/en/sentences/show/10873567) and DJ_Saidez (English, https://tatoeba.org/en/sentences/show/10372101); CC BY 2.0 FR.",B2;production,de,doelmannen,doelmannetje,,,,,,,,false
doelwit,"target, prey",B2,noun,"People, objects and abstract concepts",Richt het pistool op het doelwit en haal dan de trekker over.,Aim the gun at the target and then pull the trigger.,"Definition adapted from Wiktionary contributors, CC BY-SA 4.0: https://en.wiktionary.org/wiki/doelwit#Dutch. Example: doemaar14 (Dutch, https://tatoeba.org/en/sentences/show/10844276) and CK (English, https://tatoeba.org/en/sentences/show/9345004); CC BY 2.0 FR.",B2;production,het,doelwitten,doelwitje,,,,,,,,false
dolfijn,"dolphin, sea mammal of the family Delphinidae",B2,noun,"People, objects and abstract concepts",Een dolfijn is een soort zoogdier.,A dolphin is a kind of mammal.,"Definition adapted from Wiktionary contributors, CC BY-SA 4.0: https://en.wiktionary.org/wiki/dolfijn#Dutch. Example: Vulgaris (Dutch, https://tatoeba.org/en/sentences/show/1033105) and CK (English, https://tatoeba.org/en/sentences/show/65811); CC BY 2.0 FR.",B2;production,de,dolfijnen,dolfijntje,,,,,,,,false
dominee,"minister, pastor in several Protestant denominations",B2,noun,"People, objects and abstract concepts",De dominee weet nog niet wie er morgen kunnen meewerken.,The pastor does not yet know who can cooperate tomorrow.,"Definition adapted from Wiktionary contributors, CC BY-SA 4.0: https://en.wiktionary.org/wiki/dominee#Dutch. Example: Tom9358 (Dutch, https://tatoeba.org/en/sentences/show/12898664) and Tom9358 (English, https://tatoeba.org/en/sentences/show/12898673); CC BY 2.0 FR.",B2;production,de,dominees,domineetje,,,,,,,,false
donder,thunder,B2,noun,"People, objects and abstract concepts",Mijn hond is bang voor de donder.,My dog is scared of the thunder.,"No usual plural in this sense. Definition adapted from Wiktionary contributors, CC BY-SA 4.0: https://en.wiktionary.org/wiki/donder#Dutch. Example: Nylez (Dutch, https://tatoeba.org/en/sentences/show/9593185) and Lumi (English, https://tatoeba.org/en/sentences/show/13247245); CC BY 2.0 FR.",B2;production,de,,,,,,,,,,false
doodstraf,"death sentence, capital punishment",B2,noun,"People, objects and abstract concepts",In veel landen is de doodstraf de zwaarste straf.,"In many countries, the death penalty is the most severe punishment.","Definition adapted from Wiktionary contributors, CC BY-SA 4.0: https://en.wiktionary.org/wiki/doodstraf#Dutch. Example: Elsofie (Dutch, https://tatoeba.org/en/sentences/show/8514675) and AlanF_US (English, https://tatoeba.org/en/sentences/show/4919815); CC BY 2.0 FR.",B2;production,de,doodstraffen,,,,,,,,,false
doop,baptism,B2,noun,"People, objects and abstract concepts",Er zijn vele verschillende dopen in de Bijbel en maar een paar zijn met water.,There are many different baptisms in the Bible and only a few are with water.,"Definition adapted from Wiktionary contributors, CC BY-SA 4.0: https://en.wiktionary.org/wiki/doop#Dutch. Example from the same Wiktionary entry (CC BY-SA 4.0).",B2;production,de,dopen,doopje,,,,,,,,false
doorbraak,breakthrough,B2,noun,"People, objects and abstract concepts",Dat was een grote doorbraak.,That was a huge breakthrough.,"Definition adapted from Wiktionary contributors, CC BY-SA 4.0: https://en.wiktionary.org/wiki/doorbraak#Dutch. Example: kroeckx (Dutch, https://tatoeba.org/en/sentences/show/13780073) and CK (English, https://tatoeba.org/en/sentences/show/5098200); CC BY 2.0 FR.",B2;production,de,doorbraken,doorbraakje,,,,,,,,false
doorgang,"passage, thoroughfare",B2,noun,"People, objects and abstract concepts",Wist je dat er een geheime doorgang achter het boekenrek schuilde?,Did you know there was a secret passage hidden behind the bookcase?,"Definition adapted from Wiktionary contributors, CC BY-SA 4.0: https://en.wiktionary.org/wiki/doorgang#Dutch. Example: Micsmithel (Dutch, https://tatoeba.org/en/sentences/show/7794067) and Hybrid (English, https://tatoeba.org/en/sentences/show/5885804); CC BY 2.0 FR.",B2;production,de,doorgangen,doorgangetje,,,,,,,,false
dorst,"thirst, physical need/desire to drink",B2,noun,"People, objects and abstract concepts",De giraffen hebben hun dorst gelest.,The giraffes have quenched their thirst.,"No usual plural in this sense. Definition adapted from Wiktionary contributors, CC BY-SA 4.0: https://en.wiktionary.org/wiki/dorst#Dutch. Example: megamanenm (Dutch, https://tatoeba.org/en/sentences/show/10734379) and Amastan (English, https://tatoeba.org/en/sentences/show/8546818); CC BY 2.0 FR.",B2;production,de,,,,,,,,,,false
download,download,B2,noun,"People, objects and abstract concepts",De download is compleet.,The download is complete.,"Definition adapted from Wiktionary contributors, CC BY-SA 4.0: https://en.wiktionary.org/wiki/download#Dutch. Example: MarijnKp (Dutch, https://tatoeba.org/en/sentences/show/7459477) and CK (English, https://tatoeba.org/en/sentences/show/4496778); CC BY 2.0 FR.",B2;production,de,downloads,downloadje,,,,,,,,false
draad,thread,B2,noun,"People, objects and abstract concepts",Ik raakte de draad van 't verhaal kwijt.,I lost the thread of the story.,"Definition adapted from Wiktionary contributors, CC BY-SA 4.0: https://en.wiktionary.org/wiki/draad#Dutch. Example: vvv123 (Dutch, https://tatoeba.org/en/sentences/show/3542774) and vvv123 (English, https://tatoeba.org/en/sentences/show/3542773); CC BY 2.0 FR.",B2;production,de,draden,draadje,,,,,,,,false
draak,dragon,B2,noun,"People, objects and abstract concepts",Nooit met een draak omgaan en nooit een elf vertrouwen!,Never deal with a dragon and never trust an elf!,"Definition adapted from Wiktionary contributors, CC BY-SA 4.0: https://en.wiktionary.org/wiki/draak#Dutch. Example: megamanenm (Dutch, https://tatoeba.org/en/sentences/show/9818738) and moskbnea (English, https://tatoeba.org/en/sentences/show/2832475); CC BY 2.0 FR.",B2;production,de,draken,draakje,,,,,,,,false
drama,drama,B2,noun,"People, objects and abstract concepts",De tweede helft van het drama was een beetje saai.,The latter half of the drama was a little dull.,"Definition adapted from Wiktionary contributors, CC BY-SA 4.0: https://en.wiktionary.org/wiki/drama#Dutch. Example: Micsmithel (Dutch, https://tatoeba.org/en/sentences/show/7027131) and sacredceltic (English, https://tatoeba.org/en/sentences/show/46889); CC BY 2.0 FR.",B2;production,het,drama's,dramaatje,,,,,,,,false
drang,"urge, longing",B2,noun,"People, objects and abstract concepts",Hij voelde plots de drang om een roman te schrijven.,He felt a sudden urge to write a novel.,"Definition adapted from Wiktionary contributors, CC BY-SA 4.0: https://en.wiktionary.org/wiki/drang#Dutch. Example: javyoze (Dutch, https://tatoeba.org/en/sentences/show/461065) and CK (English, https://tatoeba.org/en/sentences/show/295224); CC BY 2.0 FR.",B2;production,de,drangen,drangetje,,,,,,,,false
drank,"alcoholic drinks, taken collectively",B2,noun,"People, objects and abstract concepts",We verkopen geen alcoholische dranken noch sigaretten aan personen onder de achttien jaar.,We do not sell alcoholic drinks or cigarettes to people under the age of eighteen.,"Definition adapted from Wiktionary contributors, CC BY-SA 4.0: https://en.wiktionary.org/wiki/drank#Dutch. Example: PaulP (Dutch, https://tatoeba.org/en/sentences/show/4108375) and EmperorCharlesII (English, https://tatoeba.org/en/sentences/show/4344045); CC BY 2.0 FR.",B2;production,de,dranken,drankje,,,,,,,,false
dreiging,threat,B2,noun,"People, objects and abstract concepts",Ik heb de dreiging niet serieus genomen.,I didn't take the threat seriously.,"Definition adapted from Wiktionary contributors, CC BY-SA 4.0: https://en.wiktionary.org/wiki/dreiging#Dutch. Example: GewoonLeonYT (Dutch, https://tatoeba.org/en/sentences/show/11515478) and CM (English, https://tatoeba.org/en/sentences/show/7116841); CC BY 2.0 FR.",B2;production,de,dreigingen,dreiginkje,,,,,,,,false
driehoek,triangle,B2,noun,"People, objects and abstract concepts",De som van de hoeken van een driehoek is 180 graden.,The sum of the angles of a triangle is 180 degrees.,"Definition adapted from Wiktionary contributors, CC BY-SA 4.0: https://en.wiktionary.org/wiki/driehoek#Dutch. Example: Tom9358 (Dutch, https://tatoeba.org/en/sentences/show/13745700) and Tom9358 (English, https://tatoeba.org/en/sentences/show/13745702); CC BY 2.0 FR.",B2;production,de,driehoeken,driehoekje,,,,,,,,false
drone,drone,B2,noun,"People, objects and abstract concepts",Tom kocht een drone.,Tom bought a drone.,"Definition adapted from Wiktionary contributors, CC BY-SA 4.0: https://en.wiktionary.org/wiki/drone#Dutch. Example: MarijnKp (Dutch, https://tatoeba.org/en/sentences/show/7562509) and bill (English, https://tatoeba.org/en/sentences/show/4880021); CC BY 2.0 FR.",B2;production,de,drones,droontje,,,,,,,,false
droom,dream,B2,noun,"People, objects and abstract concepts",Er gebeurt niets tenzij het wordt voorafgegaan door een droom.,Nothing happens unless it is preceded by a dream.,"Definition adapted from Wiktionary contributors, CC BY-SA 4.0: https://en.wiktionary.org/wiki/droom#Dutch. Example: Micsmithel (Dutch, https://tatoeba.org/en/sentences/show/10714891) and gauravjiii (English, https://tatoeba.org/en/sentences/show/2655639); CC BY 2.0 FR.",B2;production,de,dromen,droompje,,,,,,,,false
druppel,"drop, dribble, droplet",B2,noun,"People, objects and abstract concepts","Het was zwaar, maar het was elke druppel zweet waard.","It was tough, but worth every drop of sweat.","Definition adapted from Wiktionary contributors, CC BY-SA 4.0: https://en.wiktionary.org/wiki/druppel#Dutch. Example: marcelostockle (Dutch, https://tatoeba.org/en/sentences/show/3496648) and marcelostockle (English, https://tatoeba.org/en/sentences/show/3496649); CC BY 2.0 FR.",B2;production,de,druppels,druppeltje,,,,,,,,false
duel,duel,B2,noun,"People, objects and abstract concepts",Ik daagde Tom uit voor een duel.,I challenged Tom to a duel.,"Definition adapted from Wiktionary contributors, CC BY-SA 4.0: https://en.wiktionary.org/wiki/duel#Dutch. Example: MarijnKp (Dutch, https://tatoeba.org/en/sentences/show/7481830) and CK (English, https://tatoeba.org/en/sentences/show/7480486); CC BY 2.0 FR.",B2;production,het,duels,duelletje,,,,,,,,false
duif,"pigeon, dove, bird of the family Columbidae",B2,noun,"People, objects and abstract concepts","Een roos is een bloem, en een duif is een vogel.",A rose is a flower and a dove is a bird.,"Definition adapted from Wiktionary contributors, CC BY-SA 4.0: https://en.wiktionary.org/wiki/duif#Dutch. Example: martinod (Dutch, https://tatoeba.org/en/sentences/show/864993) and shekitten (English, https://tatoeba.org/en/sentences/show/9483136); CC BY 2.0 FR.",B2;production,de,duiven,duifje,,,,,,,,false
duisternis,darkness,B2,noun,"People, objects and abstract concepts",In de duisternis kon ze hem en zijn gasten horen praten en lachen.,"In the darkness, she could hear him and his guests chatting and laughing.","Definition adapted from Wiktionary contributors, CC BY-SA 4.0: https://en.wiktionary.org/wiki/duisternis#Dutch. Example: megamanenm (Dutch, https://tatoeba.org/en/sentences/show/3493690) and eastasiastudent (English, https://tatoeba.org/en/sentences/show/1577330); CC BY 2.0 FR.",B2;production,de,duisternissen,,,,,,,,,false
dvd,DVD,B2,noun,"People, objects and abstract concepts",Ik wou dat ik kon uitvinden hoe ik een dvd moet branden.,I wish I could figure out how to burn a DVD.,"Definition adapted from Wiktionary contributors, CC BY-SA 4.0: https://en.wiktionary.org/wiki/dvd#Dutch. Example: Raizin (Dutch, https://tatoeba.org/en/sentences/show/4516628) and CK (English, https://tatoeba.org/en/sentences/show/953725); CC BY 2.0 FR.",B2;production,de,dvd's,dvd'tje,,,,,,,,false
dwang,"coercion, compulsion",B2,noun,"People, objects and abstract concepts",Onder invloed van dwang gaf hij toe aan de eisen van zijn ontvoerders.,"Under the influence of compulsion, he yielded to the demands of his kidnappers.","No usual plural in this sense. Definition adapted from Wiktionary contributors, CC BY-SA 4.0: https://en.wiktionary.org/wiki/dwang#Dutch. Example from the same Wiktionary entry (CC BY-SA 4.0).",B2;production,de,,,,,,,,,,false
dynastie,dynasty,B2,noun,"People, objects and abstract concepts",Cleopatra was de laatste heerser van de Ptolemeïsche dynastie.,Cleopatra was the last ruler of the Ptolemaic dynasty.,"Definition adapted from Wiktionary contributors, CC BY-SA 4.0: https://en.wiktionary.org/wiki/dynastie#Dutch. Example: MarijnKp (Dutch, https://tatoeba.org/en/sentences/show/9211668) and Amastan (English, https://tatoeba.org/en/sentences/show/8246498); CC BY 2.0 FR.",B2;production,de,dynastieën,dynastietje,,,,,,,,false
echtpaar,married couple,B2,noun,"People, objects and abstract concepts",Waar is het jonge echtpaar?,Where is that young married couple?,"Definition adapted from Wiktionary contributors, CC BY-SA 4.0: https://en.wiktionary.org/wiki/echtpaar#Dutch. Example: GrizaLeono (Dutch, https://tatoeba.org/en/sentences/show/1553930) and sundown (English, https://tatoeba.org/en/sentences/show/11917687); CC BY 2.0 FR.",B2;production,het,echtparen,echtpaartje,,,,,,,,false
echtscheiding,divorce,B2,noun,"People, objects and abstract concepts",Hij wil een echtscheiding.,He wants to get a divorce.,"Definition adapted from Wiktionary contributors, CC BY-SA 4.0: https://en.wiktionary.org/wiki/echtscheiding#Dutch. Example: Micsmithel (Dutch, https://tatoeba.org/en/sentences/show/9022134) and AlanF_US (English, https://tatoeba.org/en/sentences/show/7800164); CC BY 2.0 FR.",B2;production,de,echtscheidingen,echtscheidinkje,,,,,,,,false
econoom,economist,B2,noun,"People, objects and abstract concepts",De econoom voorzag een langdurige depressie.,The economist anticipated a prolonged depression.,"Definition adapted from Wiktionary contributors, CC BY-SA 4.0: https://en.wiktionary.org/wiki/econoom#Dutch. Example: megamanenm (Dutch, https://tatoeba.org/en/sentences/show/11522398) and CK (English, https://tatoeba.org/en/sentences/show/48569); CC BY 2.0 FR.",B2;production,de,economen,econoompje,,,,,,,,false
eeuwigheid,eternity,B2,noun,"People, objects and abstract concepts",Alsof je de tijd kunt doden zonder de eeuwigheid te verwonden.,As if you could kill time without injuring eternity.,"Definition adapted from Wiktionary contributors, CC BY-SA 4.0: https://en.wiktionary.org/wiki/eeuwigheid#Dutch. Example: anders (Dutch, https://tatoeba.org/en/sentences/show/2797084) and shanghainese (English, https://tatoeba.org/en/sentences/show/71755); CC BY 2.0 FR.",B2;production,de,eeuwigheden,eeuwigheidje,,,,,,,,false
elektriciteit,electricity,B2,noun,"People, objects and abstract concepts","Oh, de elektriciteit is uitgevallen.","Oh, the electricity has gone off.","No usual plural in this sense. Definition adapted from Wiktionary contributors, CC BY-SA 4.0: https://en.wiktionary.org/wiki/elektriciteit#Dutch. Example: megamanenm (Dutch, https://tatoeba.org/en/sentences/show/11508018) and CK (English, https://tatoeba.org/en/sentences/show/2762787); CC BY 2.0 FR.",B2;production,de,,,,,,,,,,false
element,element,B2,noun,"People, objects and abstract concepts",Het element fosfor is aanwezig in ons DNA.,The element phosphorus is present in our DNA.,"Definition adapted from Wiktionary contributors, CC BY-SA 4.0: https://en.wiktionary.org/wiki/element#Dutch. Example: MarijnKp (Dutch, https://tatoeba.org/en/sentences/show/8364071) and mervert1 (English, https://tatoeba.org/en/sentences/show/2844706); CC BY 2.0 FR.",B2;production,het,elementen,elementje,,,,,,,,false
ellende,misery,B2,noun,"People, objects and abstract concepts",Dit is meer ellende dan ik kan verdragen.,This misery is more than I can bear.,"Definition adapted from Wiktionary contributors, CC BY-SA 4.0: https://en.wiktionary.org/wiki/ellende#Dutch. Example: Micsmithel (Dutch, https://tatoeba.org/en/sentences/show/6977707) and Hybrid (English, https://tatoeba.org/en/sentences/show/6976438); CC BY 2.0 FR.",B2;production,de,ellenden / ellendes,ellendetje,,,,,,,,false
els,alder,B2,noun,"People, objects and abstract concepts","Hij stond midden op de weg, vlakbij een grote els.","He was standing in the middle of the road, near a large alder.","Definition adapted from Wiktionary contributors, CC BY-SA 4.0: https://en.wiktionary.org/wiki/els#Dutch. Example: MarijnKp (Dutch, https://tatoeba.org/en/sentences/show/12967449) and jezykiija (English, https://tatoeba.org/en/sentences/show/11318675); CC BY 2.0 FR.",B2;production,de,elzen,elsje,,,,,,,,false
empathie,empathy,B2,noun,"People, objects and abstract concepts",Tom heeft geen empathie.,Tom lacks empathy.,"No usual plural in this sense. Definition adapted from Wiktionary contributors, CC BY-SA 4.0: https://en.wiktionary.org/wiki/empathie#Dutch. Example: Micsmithel (Dutch, https://tatoeba.org/en/sentences/show/9482001) and Spamster (English, https://tatoeba.org/en/sentences/show/1520741); CC BY 2.0 FR.",B2;production,de,,,,,,,,,,false
engel,angel,B2,noun,"People, objects and abstract concepts",Ik heb liever een eerlijke duivel dan een schijnheilige engel.,I prefer an honest devil to a hypocritical angel.,"Definition adapted from Wiktionary contributors, CC BY-SA 4.0: https://en.wiktionary.org/wiki/engel#Dutch. Example: Elsofie (Dutch, https://tatoeba.org/en/sentences/show/8316294) and Miktsoanit (English, https://tatoeba.org/en/sentences/show/12312770); CC BY 2.0 FR.",B2;production,de,engelen,engeltje,,,,,,,,false
enquête,survey,B2,noun,"People, objects and abstract concepts",Het duurt niet lang om deze enquête in te vullen.,This survey doesn't take a long time to complete.,"Definition adapted from Wiktionary contributors, CC BY-SA 4.0: https://en.wiktionary.org/wiki/enqu%C3%AAte#Dutch. Example: megamanenm (Dutch, https://tatoeba.org/en/sentences/show/9325683) and megamanenm (English, https://tatoeba.org/en/sentences/show/9325674); CC BY 2.0 FR.",B2;production,de,enquêtes,enquêtetje,,,,,,,,false
epidemie,epidemic,B2,noun,"People, objects and abstract concepts",We hebben een epidemie.,We have an epidemic.,"Definition adapted from Wiktionary contributors, CC BY-SA 4.0: https://en.wiktionary.org/wiki/epidemie#Dutch. Example: MarijnKp (Dutch, https://tatoeba.org/en/sentences/show/8963048) and CK (English, https://tatoeba.org/en/sentences/show/2548036); CC BY 2.0 FR.",B2;production,de,epidemieën / epidemies,epidemietje,,,,,,,,false
erfenis,"estate, inheritance",B2,noun,"People, objects and abstract concepts",Sami gaat dit huis als onderdeel van zijn erfenis opeisen.,Sami is going to claim this house as part of his inheritance.,"Definition adapted from Wiktionary contributors, CC BY-SA 4.0: https://en.wiktionary.org/wiki/erfenis#Dutch. Example: MarijnKp (Dutch, https://tatoeba.org/en/sentences/show/10021149) and OsoHombre (English, https://tatoeba.org/en/sentences/show/6327984); CC BY 2.0 FR.",B2;production,de,erfenissen,erfenisje,,,,,,,,false
erfgenaam,heir,B2,noun,"People, objects and abstract concepts",Turkije is de hedendaagse erfgenaam van het Ottomaanse Rijk.,Turkey is the contemporary heir of the Ottoman Empire.,"Definition adapted from Wiktionary contributors, CC BY-SA 4.0: https://en.wiktionary.org/wiki/erfgenaam#Dutch. Example: Adelpa (Dutch, https://tatoeba.org/en/sentences/show/12195596) and Miktsoanit (English, https://tatoeba.org/en/sentences/show/12196323); CC BY 2.0 FR.",B2;production,de,erfgenamen,erfgenaampje,,,,,,,,false
erfgoed,heritage,B2,noun,"People, objects and abstract concepts",Laten we allen samen ons Vlaamse erfgoed koesteren.,Let's all cherish our Flemish heritage together.,"Definition adapted from Wiktionary contributors, CC BY-SA 4.0: https://en.wiktionary.org/wiki/erfgoed#Dutch. Example: PaulP (Dutch, https://tatoeba.org/en/sentences/show/5853683) and Miktsoanit (English, https://tatoeba.org/en/sentences/show/12302440); CC BY 2.0 FR.",B2;production,het,erfgoederen,,,,,,,,,false
escort,escort,B2,noun,"People, objects and abstract concepts","Nee, ik ben geen escort.","No, I am not an escort.","Definition adapted from Wiktionary contributors, CC BY-SA 4.0: https://en.wiktionary.org/wiki/escort#Dutch. Example: Slam4 (Dutch, https://tatoeba.org/en/sentences/show/11758704) and shekitten (English, https://tatoeba.org/en/sentences/show/5268344); CC BY 2.0 FR.",B2;production,de,escorts,,,,,,,,,false
essentie,essence,B2,noun,"People, objects and abstract concepts",Een samenvatting bevat de essentie van een tekst.,A summary contains the essence of a text.,"Definition adapted from Wiktionary contributors, CC BY-SA 4.0: https://en.wiktionary.org/wiki/essentie#Dutch. Example: megamanenm (Dutch, https://tatoeba.org/en/sentences/show/10892037) and megamanenm (English, https://tatoeba.org/en/sentences/show/10892040); CC BY 2.0 FR.",B2;production,de,essenties,,,,,,,,,false
etage,"floor, storey",B2,noun,"People, objects and abstract concepts",De bibliotheek bevindt zich op de eerste etage.,The library is on the first floor.,"Definition adapted from Wiktionary contributors, CC BY-SA 4.0: https://en.wiktionary.org/wiki/etage#Dutch. Example: doemaar14 (Dutch, https://tatoeba.org/en/sentences/show/11779532) and sundown (English, https://tatoeba.org/en/sentences/show/9939732); CC BY 2.0 FR.",B2;production,de,etages,etagetje,,,,,,,,false
etappe,"stage, leg, lap",B2,noun,"People, objects and abstract concepts",Hij liep de eerste etappe in recordtijd.,He ran the first lap in record time.,"Definition adapted from Wiktionary contributors, CC BY-SA 4.0: https://en.wiktionary.org/wiki/etappe#Dutch. Example from the same Wiktionary entry (CC BY-SA 4.0).",B2;production,de,etappes,etappetje,,,,,,,,false
etiket,"label, tag",B2,noun,"People, objects and abstract concepts",Het etiket is met de tijd vervaagd.,The label has faded with time.,"Definition adapted from Wiktionary contributors, CC BY-SA 4.0: https://en.wiktionary.org/wiki/etiket#Dutch. Example: megamanenm (Dutch, https://tatoeba.org/en/sentences/show/10744122) and megamanenm (English, https://tatoeba.org/en/sentences/show/10744120); CC BY 2.0 FR.",B2;production,het,etiketten,etiketje,,,,,,,,false
evolutie,evolution,B2,noun,"People, objects and abstract concepts",Er is geen verklaring voor de evolutie van altruïsme zonder verwantschap.,There's no explanation for the evolution of altruism that doesn't involve kinship.,"Definition adapted from Wiktionary contributors, CC BY-SA 4.0: https://en.wiktionary.org/wiki/evolutie#Dutch. Example: MarijnKp (Dutch, https://tatoeba.org/en/sentences/show/10739432) and nipbud (English, https://tatoeba.org/en/sentences/show/10713619); CC BY 2.0 FR.",B2;production,de,evoluties,evolutietje,,,,,,,,false
expeditie,expedition,B2,noun,"People, objects and abstract concepts",We hebben het over wie de expeditie zou moeten leiden.,We're talking about who should lead the expedition.,"Definition adapted from Wiktionary contributors, CC BY-SA 4.0: https://en.wiktionary.org/wiki/expeditie#Dutch. Example: doemaar14 (Dutch, https://tatoeba.org/en/sentences/show/10323486) and CK (English, https://tatoeba.org/en/sentences/show/1893610); CC BY 2.0 FR.",B2;production,de,expedities,expeditietje,,,,,,,,false
experiment,experiment,B2,noun,"People, objects and abstract concepts",Drie maanden waren niet genoeg om het experiment te beëindigen.,Three months were not enough to finish the experiment.,"Definition adapted from Wiktionary contributors, CC BY-SA 4.0: https://en.wiktionary.org/wiki/experiment#Dutch. Example: PaulP (Dutch, https://tatoeba.org/en/sentences/show/4988685) and AlanF_US (English, https://tatoeba.org/en/sentences/show/4974556); CC BY 2.0 FR.",B2;production,het,experimenten,experimentje,,,,,,,,false
explosie,explosion,B2,noun,"People, objects and abstract concepts",Bij de explosie zijn drie mensen om het leven gekomen.,Three people were killed in the explosion.,"Definition adapted from Wiktionary contributors, CC BY-SA 4.0: https://en.wiktionary.org/wiki/explosie#Dutch. Example: casperdewith (Dutch, https://tatoeba.org/en/sentences/show/13883384) and CK (English, https://tatoeba.org/en/sentences/show/8462543); CC BY 2.0 FR.",B2;production,de,explosies,explosietje,,,,,,,,false
expressie,expression,B2,noun,"People, objects and abstract concepts","Haar techniek is uitstekend, maar ze moet met meer expressie spelen.","Her technique is superb, but she needs to play with more expression.","Definition adapted from Wiktionary contributors, CC BY-SA 4.0: https://en.wiktionary.org/wiki/expressie#Dutch. Example: Citrine (Dutch, https://tatoeba.org/en/sentences/show/3039440) and CM (English, https://tatoeba.org/en/sentences/show/309020); CC BY 2.0 FR.",B2;production,de,expressies,expressietje,,,,,,,,false
ezel,"donkey, ass",B2,noun,"People, objects and abstract concepts",De ezel hield van de sla die je hem gaf.,The donkey loved the lettuces you gave him.,"Definition adapted from Wiktionary contributors, CC BY-SA 4.0: https://en.wiktionary.org/wiki/ezel#Dutch. Example: carlosalberto (Dutch, https://tatoeba.org/en/sentences/show/12200564) and carlosalberto (English, https://tatoeba.org/en/sentences/show/12200543); CC BY 2.0 FR.",B2;production,de,ezels,ezeltje,,,,,,,,false
factor,"factor, element",B2,noun,"People, objects and abstract concepts",Een belangrijke factor voor succes is hard werken.,A key factor for success is hard work.,"Definition adapted from Wiktionary contributors, CC BY-SA 4.0: https://en.wiktionary.org/wiki/factor#Dutch. Example from the same Wiktionary entry (CC BY-SA 4.0).",B2;production,de,factoren,factortje,,,,,,,,false
factuur,invoice,B2,noun,"People, objects and abstract concepts",Sami heeft dertig dagen om de factuur te betalen.,Sami has thirty days to pay the invoice.,"Definition adapted from Wiktionary contributors, CC BY-SA 4.0: https://en.wiktionary.org/wiki/factuur#Dutch. Example: doemaar14 (Dutch, https://tatoeba.org/en/sentences/show/10321479) and OsoHombre (English, https://tatoeba.org/en/sentences/show/6384268); CC BY 2.0 FR.",B2;production,de,facturen,factuurtje,,,,,,,,false
fan,fan,B2,noun,"People, objects and abstract concepts",Ik ben geen fan van films met veel speciale effecten.,I'm not a fan of movies with a lot of special effects.,"Definition adapted from Wiktionary contributors, CC BY-SA 4.0: https://en.wiktionary.org/wiki/fan#Dutch. Example: Elsofie (Dutch, https://tatoeba.org/en/sentences/show/8091465) and Eccles17 (English, https://tatoeba.org/en/sentences/show/7371396); CC BY 2.0 FR.",B2;production,de,fans,fannetje,,,,,,,,false
fantasie,"fantasy, imagination",B2,noun,"People, objects and abstract concepts",De fantasie heeft invloed op alle facetten van ons leven.,Imagination affects every aspect of our lives.,"Definition adapted from Wiktionary contributors, CC BY-SA 4.0: https://en.wiktionary.org/wiki/fantasie#Dutch. Example: Micsmithel (Dutch, https://tatoeba.org/en/sentences/show/7432021) and CK (English, https://tatoeba.org/en/sentences/show/1601); CC BY 2.0 FR.",B2;production,de,fantasieën,fantasietje,,,,,,,,false
fatsoen,"decency, propriety",B2,noun,"People, objects and abstract concepts",We hopen maar dat het fatsoen uiteindelijk zal zegevieren.,Let's hope decency will prevail.,"Definition adapted from Wiktionary contributors, CC BY-SA 4.0: https://en.wiktionary.org/wiki/fatsoen#Dutch. Example: megamanenm (Dutch, https://tatoeba.org/en/sentences/show/11553534) and CK (English, https://tatoeba.org/en/sentences/show/7222612); CC BY 2.0 FR.",B2;production,het,fatsoenen,fatsoentje,,,,,,,,false
fee,fairy,B2,noun,"People, objects and abstract concepts",Je bent een echte fee.,You are a real fairy.,"Definition adapted from Wiktionary contributors, CC BY-SA 4.0: https://en.wiktionary.org/wiki/fee#Dutch. Example: carlosalberto (Dutch, https://tatoeba.org/en/sentences/show/12104078) and carlosalberto (English, https://tatoeba.org/en/sentences/show/12104061); CC BY 2.0 FR.",B2;production,de,feeën,feetje,,,,,,,,false
feestdag,"holiday, day off",B2,noun,"People, objects and abstract concepts",Ze hebben vuurwerk afgestoken om de feestdag te vieren.,They set off fireworks to celebrate the holiday.,"Definition adapted from Wiktionary contributors, CC BY-SA 4.0: https://en.wiktionary.org/wiki/feestdag#Dutch. Example: megamanenm (Dutch, https://tatoeba.org/en/sentences/show/10818040) and megamanenm (English, https://tatoeba.org/en/sentences/show/10818039); CC BY 2.0 FR.",B2;production,de,feestdagen,feestdagje,,,,,,,,false
fenomeen,phenomenon,B2,noun,"People, objects and abstract concepts",Het noorderlicht is een fenomeen dat kenmerkend is voor poolgebieden.,The aurora is a phenomenon characteristic of the polar regions.,"Definition adapted from Wiktionary contributors, CC BY-SA 4.0: https://en.wiktionary.org/wiki/fenomeen#Dutch. Example: martinod (Dutch, https://tatoeba.org/en/sentences/show/1515729) and patgfisher (English, https://tatoeba.org/en/sentences/show/65116); CC BY 2.0 FR.",B2;production,het,fenomenen,fenomeentje,,,,,,,,false
fictie,fiction,B2,noun,"People, objects and abstract concepts",Ik lees geen fictie.,I don't read fiction.,"Definition adapted from Wiktionary contributors, CC BY-SA 4.0: https://en.wiktionary.org/wiki/fictie#Dutch. Example: MarijnKp (Dutch, https://tatoeba.org/en/sentences/show/9712022) and CK (English, https://tatoeba.org/en/sentences/show/8224253); CC BY 2.0 FR.",B2;production,de,ficties,,,,,,,,,false
filmmaker,filmmaker,B2,noun,"People, objects and abstract concepts",Tom is een onafhankelijke filmmaker.,Tom is an independent filmmaker.,"Definition adapted from Wiktionary contributors, CC BY-SA 4.0: https://en.wiktionary.org/wiki/filmmaker#Dutch. Example: lonepawn (Dutch, https://tatoeba.org/en/sentences/show/4570331) and Hybrid (English, https://tatoeba.org/en/sentences/show/3716220); CC BY 2.0 FR.",B2;production,de,filmmakers,filmmakertje,,,,,,,,false
filosofie,philosophy,B2,noun,"People, objects and abstract concepts",Dit is het eerste deel van een serie over de moderne filosofie.,This is the first volume of a series on modern philosophy.,"Definition adapted from Wiktionary contributors, CC BY-SA 4.0: https://en.wiktionary.org/wiki/filosofie#Dutch. Example: Citrine (Dutch, https://tatoeba.org/en/sentences/show/3037182) and sharptoothed (English, https://tatoeba.org/en/sentences/show/3022325); CC BY 2.0 FR.",B2;production,de,filosofieën,filosofietje,,,,,,,,false
filosoof,philosopher,B2,noun,"People, objects and abstract concepts",Wie was de grootste filosoof die ooit geleefd heeft?,Who was the greatest philosopher that ever lived?,"Definition adapted from Wiktionary contributors, CC BY-SA 4.0: https://en.wiktionary.org/wiki/filosoof#Dutch. Example: PaulP (Dutch, https://tatoeba.org/en/sentences/show/5856879) and CK (English, https://tatoeba.org/en/sentences/show/55349); CC BY 2.0 FR.",B2;production,de,filosofen,filosoofje,,,,,,,,false
filter,filter,B2,noun,"People, objects and abstract concepts",Ik heb een filter aangebracht.,I have placed a filter.,"Definition adapted from Wiktionary contributors, CC BY-SA 4.0: https://en.wiktionary.org/wiki/filter#Dutch. Example: Tom9358 (Dutch, https://tatoeba.org/en/sentences/show/14019077) and Tom9358 (English, https://tatoeba.org/en/sentences/show/14019080); CC BY 2.0 FR.",B2;production,de,filters,filtertje,,,,,,,,false
financiering,"financing, funding",B2,noun,"People, objects and abstract concepts",Dank aan Mozilla voor de financiering van Tatoeba.,Thanks to Mozilla for financing Tatoeba.,"Definition adapted from Wiktionary contributors, CC BY-SA 4.0: https://en.wiktionary.org/wiki/financiering#Dutch. Example: SunnyMoon (Dutch, https://tatoeba.org/en/sentences/show/11223113) and Hybrid (English, https://tatoeba.org/en/sentences/show/8618448); CC BY 2.0 FR.",B2;production,de,financieringen,financierinkje,,,,,,,,false
forum,forum,B2,noun,"People, objects and abstract concepts",Ongeveer honderdvijftig patiënten en dertig specialisten participeerden in het forum.,Approximately one hundred and fifty patients and thirty specialists participated in the forum.,"Definition adapted from Wiktionary contributors, CC BY-SA 4.0: https://en.wiktionary.org/wiki/forum#Dutch. Example: CaspieChi (Dutch, https://tatoeba.org/en/sentences/show/14027010) and carlosalberto (English, https://tatoeba.org/en/sentences/show/14026714); CC BY 2.0 FR.",B2;production,het,fora / forums,forumpje,,,,,,,,false
fotograaf,photographer,B2,noun,"People, objects and abstract concepts",De fotograaf is een soort schilder.,The photographer is a kind of painter.,"Definition adapted from Wiktionary contributors, CC BY-SA 4.0: https://en.wiktionary.org/wiki/fotograaf#Dutch. Example: carlosalberto (Dutch, https://tatoeba.org/en/sentences/show/11745015) and carlosalberto (English, https://tatoeba.org/en/sentences/show/11744994); CC BY 2.0 FR.",B2;production,de,fotografen,fotograafje,,,,,,,,false
fractie,fraction,B2,noun,"People, objects and abstract concepts",Hij aarzelde een fractie van een seconde te lang.,He hesitated for a fraction of a second too long.,"Definition adapted from Wiktionary contributors, CC BY-SA 4.0: https://en.wiktionary.org/wiki/fractie#Dutch. Example: Elsofie (Dutch, https://tatoeba.org/en/sentences/show/7971802) and sundown (English, https://tatoeba.org/en/sentences/show/10022031); CC BY 2.0 FR.",B2;production,de,fracties,fractietje,,,,,,,,false
fraude,fraud,B2,noun,"People, objects and abstract concepts",Fraude in verkiezingen ondermijnt de democratie.,Fraud in elections undermines democracy.,"Definition adapted from Wiktionary contributors, CC BY-SA 4.0: https://en.wiktionary.org/wiki/fraude#Dutch. Example from the same Wiktionary entry (CC BY-SA 4.0).",B2;production,de,fraudes,fraudetje,,,,,,,,false
frequentie,"frequency, measure of pulsation as in waves",B2,noun,"People, objects and abstract concepts",Voor onze doeleinden is de amplitude van de golven minder belangrijk dan hun frequentie.,"For our purposes, the amplitude of the waves is less important than their frequency.","Definition adapted from Wiktionary contributors, CC BY-SA 4.0: https://en.wiktionary.org/wiki/frequentie#Dutch. Example: MarijnKp (Dutch, https://tatoeba.org/en/sentences/show/9577466) and AlanF_US (English, https://tatoeba.org/en/sentences/show/9034303); CC BY 2.0 FR.",B2;production,de,frequenties,frequentietje,,,,,,,,false
frustratie,frustration,B2,noun,"People, objects and abstract concepts",Ik begrijp uw frustratie.,I understand your frustration.,"Definition adapted from Wiktionary contributors, CC BY-SA 4.0: https://en.wiktionary.org/wiki/frustratie#Dutch. Example: doemaar14 (Dutch, https://tatoeba.org/en/sentences/show/11747587) and CK (English, https://tatoeba.org/en/sentences/show/1839513); CC BY 2.0 FR.",B2;production,de,frustraties,frustratietje,,,,,,,,false
fundament,"foundation, basis",B2,noun,"People, objects and abstract concepts",Het fundament van dit huis begint te verzwakken.,The foundation of this house is beginning to weaken.,"Definition adapted from Wiktionary contributors, CC BY-SA 4.0: https://en.wiktionary.org/wiki/fundament#Dutch. Example: MarijnKp (Dutch, https://tatoeba.org/en/sentences/show/10019858) and _undertoad (English, https://tatoeba.org/en/sentences/show/2253231); CC BY 2.0 FR.",B2;production,het,fundamenten,fundamentje,,,,,,,,false
fusie,"fusion, mixture, combination",B2,noun,"People, objects and abstract concepts",De voortplanting is aseksueel als er geen fusie van gameten is.,Reproduction is asexual when there is no fusion of gametes.,"Definition adapted from Wiktionary contributors, CC BY-SA 4.0: https://en.wiktionary.org/wiki/fusie#Dutch. Example: MarijnKp (Dutch, https://tatoeba.org/en/sentences/show/12959799) and AlanF_US (English, https://tatoeba.org/en/sentences/show/10489858); CC BY 2.0 FR.",B2;production,de,fusies,fusietje,,,,,,,,false
galerij,gallery,B2,noun,"People, objects and abstract concepts",Tom heeft een galerij in Boston.,Tom owns a gallery in Boston.,"Definition adapted from Wiktionary contributors, CC BY-SA 4.0: https://en.wiktionary.org/wiki/galerij#Dutch. Example: purple_ice (Dutch, https://tatoeba.org/en/sentences/show/12093494) and CK (English, https://tatoeba.org/en/sentences/show/12090714); CC BY 2.0 FR.",B2;production,de,galerijen,galerijtje,,,,,,,,false
game,"video game, an electronic game",B2,noun,"People, objects and abstract concepts","Het opslagbestand is beschadigd en kan niet worden gebruikt. Beëindig de game, verwijder de opslagdata en start de game opnieuw op.",The saved game appears to be damaged and cannot be used. Please quit the game and then restart after removing the save data.,"Definition adapted from Wiktionary contributors, CC BY-SA 4.0: https://en.wiktionary.org/wiki/game#Dutch. Example: qdii (Dutch, https://tatoeba.org/en/sentences/show/668052) and qdii (English, https://tatoeba.org/en/sentences/show/668046); CC BY 2.0 FR.",B2;production,de,games,gamepje,,,,,,,,false
gans,"goose, a waterfowl of the family Anatidae",B2,noun,"People, objects and abstract concepts",Een vos heeft de gans vermoord.,A fox killed the goose.,"Definition adapted from Wiktionary contributors, CC BY-SA 4.0: https://en.wiktionary.org/wiki/gans#Dutch. Example: andie621 (Dutch, https://tatoeba.org/en/sentences/show/12311144) and CK (English, https://tatoeba.org/en/sentences/show/10361260); CC BY 2.0 FR.",B2;production,de,ganzen,gansje,,,,,,,,false
garantie,warranty,B2,noun,"People, objects and abstract concepts",Dit product wordt geleverd met een garantie van vijf jaar.,This product comes with a five-year warranty.,"Definition adapted from Wiktionary contributors, CC BY-SA 4.0: https://en.wiktionary.org/wiki/garantie#Dutch. Example: Micsmithel (Dutch, https://tatoeba.org/en/sentences/show/7064134) and Hybrid (English, https://tatoeba.org/en/sentences/show/5416670); CC BY 2.0 FR.",B2;production,de,garanties,garantietje,,,,,,,,false
gas,gas,B2,noun,"People, objects and abstract concepts",Vergeet het gas niet uit te doen voordat jullie naar buiten gaan.,Don't forget to turn off the gas before going out.,"Definition adapted from Wiktionary contributors, CC BY-SA 4.0: https://en.wiktionary.org/wiki/gas#Dutch. Example: Dorenda (Dutch, https://tatoeba.org/en/sentences/show/378762) and CK (English, https://tatoeba.org/en/sentences/show/266773); CC BY 2.0 FR.",B2;production,het,gassen,gasje,,,,,,,,false
gastheer,host,B2,noun,"People, objects and abstract concepts",De gastheer sneed de kalkoen aan voor de gasten.,The host carved the turkey for the guests.,"Definition adapted from Wiktionary contributors, CC BY-SA 4.0: https://en.wiktionary.org/wiki/gastheer#Dutch. Example: anders (Dutch, https://tatoeba.org/en/sentences/show/2795882) and wwkudu (English, https://tatoeba.org/en/sentences/show/1769499); CC BY 2.0 FR.",B2;production,de,gastheren,gastheertje,,,,,,,,false
gat,"gap, hole",B2,noun,"People, objects and abstract concepts",Een walgelijke geur walmde uit het gat in de grond.,A putrid smell came up out of the hole in the ground.,"Definition adapted from Wiktionary contributors, CC BY-SA 4.0: https://en.wiktionary.org/wiki/gat#Dutch. Example: megamanenm (Dutch, https://tatoeba.org/en/sentences/show/11556599) and darinmex (English, https://tatoeba.org/en/sentences/show/710077); CC BY 2.0 FR.",B2;production,het,gaten,gaatje,,,,,,,,false
geaardheid,orientation,B2,noun,"People, objects and abstract concepts",Ik heb mijn seksuele geaardheid nooit aan de grote klok gehangen.,I have never made my sexual orientation public.,"Definition adapted from Wiktionary contributors, CC BY-SA 4.0: https://en.wiktionary.org/wiki/geaardheid#Dutch. Example: PaulP (Dutch, https://tatoeba.org/en/sentences/show/12473958) and tatoebashrek (English, https://tatoeba.org/en/sentences/show/12502331); CC BY 2.0 FR.",B2;production,de,geaardheden,,,,,,,,,false
gebak,"sweet pastry, cake",B2,noun,"People, objects and abstract concepts","Hou een stukje gebak voor me apart, ik moet weg.",Put a piece of cake aside for me. I have to go.,"No usual plural in this sense. Definition adapted from Wiktionary contributors, CC BY-SA 4.0: https://en.wiktionary.org/wiki/gebak#Dutch. Example: Dorenda (Dutch, https://tatoeba.org/en/sentences/show/618151) and masya (English, https://tatoeba.org/en/sentences/show/628818); CC BY 2.0 FR.",B2;production,het,,gebakje,,,,,,,,false
gebergte,mountain range,B2,noun,"People, objects and abstract concepts","De Pyreneeën zijn een gebergte, gelegen op de grens van Spanje en Frankrijk.","The Pyrenees are a mountain range, lying on the border between Spain and France.","Definition adapted from Wiktionary contributors, CC BY-SA 4.0: https://en.wiktionary.org/wiki/gebergte#Dutch. Example from the same Wiktionary entry (CC BY-SA 4.0).",B2;production,het,gebergten / gebergtes,,,,,,,,,false
geboortestad,hometown,B2,noun,"People, objects and abstract concepts",Mijn geboortestad is Amsterdam.,My hometown is Amsterdam.,"Definition adapted from Wiktionary contributors, CC BY-SA 4.0: https://en.wiktionary.org/wiki/geboortestad#Dutch. Example from the same Wiktionary entry (CC BY-SA 4.0).",B2;production,de,geboortesteden,geboortestadje,,,,,,,,false
gedicht,poem,B2,noun,"People, objects and abstract concepts",De leraar vergeleek mijn gedicht met dat van een medestudent.,The teacher compared my poem with a fellow student's.,"Definition adapted from Wiktionary contributors, CC BY-SA 4.0: https://en.wiktionary.org/wiki/gedicht#Dutch. Example: doemaar14 (Dutch, https://tatoeba.org/en/sentences/show/5810917) and Jesse (English, https://tatoeba.org/en/sentences/show/4811685); CC BY 2.0 FR.",B2;production,het,gedichten,gedichtje,,,,,,,,false
geest,"ghost, spirit, immaterial being",B2,noun,"People, objects and abstract concepts",Ik denk dat er een geest is op onze zolder.,I think that there's a ghost in our attic.,"Definition adapted from Wiktionary contributors, CC BY-SA 4.0: https://en.wiktionary.org/wiki/geest#Dutch. Example: Julieded (Dutch, https://tatoeba.org/en/sentences/show/10494877) and CK (English, https://tatoeba.org/en/sentences/show/8589039); CC BY 2.0 FR.",B2;production,de,geesten,geestje,,,,,,,,false
geit,"goat, any member of the genus Capra",B2,noun,"People, objects and abstract concepts",Ze hebben een geit geofferd ter ere van de goden.,They killed a goat as a sacrifice to the gods.,"Definition adapted from Wiktionary contributors, CC BY-SA 4.0: https://en.wiktionary.org/wiki/geit#Dutch. Example: marcelostockle (Dutch, https://tatoeba.org/en/sentences/show/2777928) and Scott (English, https://tatoeba.org/en/sentences/show/1078658); CC BY 2.0 FR.",B2;production,de,geiten,geitje,,,,,,,,false
gelijkspel,draw,B2,noun,"People, objects and abstract concepts",De wedstrijd eindigde in een gelijkspel.,The game ended in a draw.,"Definition adapted from Wiktionary contributors, CC BY-SA 4.0: https://en.wiktionary.org/wiki/gelijkspel#Dutch. Example: Vulgaris (Dutch, https://tatoeba.org/en/sentences/show/848920) and sundown (English, https://tatoeba.org/en/sentences/show/10455342); CC BY 2.0 FR.",B2;production,het,gelijkspelen / gelijkspellen,gelijkspelletje,,,,,,,,false
gemak,"ease, comfort",B2,noun,"People, objects and abstract concepts",Sami genoot van het gemak van zijn nieuwe huis.,Sami was enjoying the comfort of his new home.,"Definition adapted from Wiktionary contributors, CC BY-SA 4.0: https://en.wiktionary.org/wiki/gemak#Dutch. Example: Elsofie (Dutch, https://tatoeba.org/en/sentences/show/8313786) and OsoHombre (English, https://tatoeba.org/en/sentences/show/6713704); CC BY 2.0 FR.",B2;production,het,gemakken,gemakje,,,,,,,,false
genade,mercy,B2,noun,"People, objects and abstract concepts","Mensen die kinderen pijn doen, verdienen geen genade.",People who hurt children do not deserve mercy.,"Definition adapted from Wiktionary contributors, CC BY-SA 4.0: https://en.wiktionary.org/wiki/genade#Dutch. Example: Citrine (Dutch, https://tatoeba.org/en/sentences/show/1484116) and bmaynard87 (English, https://tatoeba.org/en/sentences/show/1321464); CC BY 2.0 FR.",B2;production,de,genaden / genades,genadetje,,,,,,,,false
geneeskunde,medicine,B2,noun,"People, objects and abstract concepts",De recente vooruitgang in de geneeskunde is opmerkelijk.,The recent advances in medicine are remarkable.,"No usual plural in this sense. Definition adapted from Wiktionary contributors, CC BY-SA 4.0: https://en.wiktionary.org/wiki/geneeskunde#Dutch. Example: DjWLaan (Dutch, https://tatoeba.org/en/sentences/show/1510524) and CK (English, https://tatoeba.org/en/sentences/show/1396442); CC BY 2.0 FR.",B2;production,de,,,,,,,,,,false
genoegen,"pleasure, delight",B2,noun,"People, objects and abstract concepts",Het was me een genoegen met jullie te kunnen praten.,It's been a pleasure chatting with you.,"Definition adapted from Wiktionary contributors, CC BY-SA 4.0: https://en.wiktionary.org/wiki/genoegen#Dutch. Example: PaulP (Dutch, https://tatoeba.org/en/sentences/show/3461175) and Olya (English, https://tatoeba.org/en/sentences/show/2632101); CC BY 2.0 FR.",B2;production,het,genoegens,genoegentje,,,,,,,,false
gerecht,"meal, or a dish served alone or part of a meal as a course",B2,noun,"People, objects and abstract concepts",Wraak is een gerecht dat het best koud geserveerd kan worden.,Revenge is a dish best served cold.,"Definition adapted from Wiktionary contributors, CC BY-SA 4.0: https://en.wiktionary.org/wiki/gerecht#Dutch. Example: Dorenda (Dutch, https://tatoeba.org/en/sentences/show/419469) and Clavain (English, https://tatoeba.org/en/sentences/show/417475); CC BY 2.0 FR.",B2;production,het,gerechten,gerechtje,,,,,,,,false
gerechtigheid,"justice, righteousness",B2,noun,"People, objects and abstract concepts",Tom wilde geen gerechtigheid. Hij wilde wraak.,Tom didn't want justice. He wanted revenge.,"Definition adapted from Wiktionary contributors, CC BY-SA 4.0: https://en.wiktionary.org/wiki/gerechtigheid#Dutch. Example: doemaar14 (Dutch, https://tatoeba.org/en/sentences/show/13650128) and Hybrid (English, https://tatoeba.org/en/sentences/show/3281868); CC BY 2.0 FR.",B2;production,de,gerechtigheden,gerechtigheidje,,,,,,,,false
gereedschap,tools,B2,noun,"People, objects and abstract concepts",Ga eens even na of er geen gereedschappen ontbreken.,Check the tools and see if anything is missing.,"Definition adapted from Wiktionary contributors, CC BY-SA 4.0: https://en.wiktionary.org/wiki/gereedschap#Dutch. Example: megamanenm (Dutch, https://tatoeba.org/en/sentences/show/9306579) and megamanenm (English, https://tatoeba.org/en/sentences/show/9306532); CC BY 2.0 FR.",B2;production,het,gereedschappen,gereedschapje,,,,,,,,false
gerucht,rumor,B2,noun,"People, objects and abstract concepts",Er gaat een gerucht rond dat Tom je leuk vindt.,There's a rumor that Tom likes you.,"Definition adapted from Wiktionary contributors, CC BY-SA 4.0: https://en.wiktionary.org/wiki/gerucht#Dutch. Example: doemaar14 (Dutch, https://tatoeba.org/en/sentences/show/11102262) and Hybrid (English, https://tatoeba.org/en/sentences/show/9088514); CC BY 2.0 FR.",B2;production,het,geruchten,geruchtje,,,,,,,,false
geschenk,"gift, present",B2,noun,"People, objects and abstract concepts","Het geschenk dat ze het leukst vond, was een chocoladetaart.",The gift she liked most was a chocolate cake.,"Definition adapted from Wiktionary contributors, CC BY-SA 4.0: https://en.wiktionary.org/wiki/geschenk#Dutch. Example: carlosalberto (Dutch, https://tatoeba.org/en/sentences/show/12207862) and carlosalberto (English, https://tatoeba.org/en/sentences/show/12207830); CC BY 2.0 FR.",B2;production,het,geschenken,geschenkje,,,,,,,,false
geslacht,grammatical gender,B2,noun,"People, objects and abstract concepts",Fins heeft geen lidwoorden en geen grammaticale geslachten.,Finnish has no articles and no grammatical gender.,"Definition adapted from Wiktionary contributors, CC BY-SA 4.0: https://en.wiktionary.org/wiki/geslacht#Dutch. Example: SunnyMoon (Dutch, https://tatoeba.org/en/sentences/show/11307860) and Adelpa (English, https://tatoeba.org/en/sentences/show/8730884); CC BY 2.0 FR.",B2;production,het,geslachten,,,,,,,,,false
getal,expressed number,B2,noun,"People, objects and abstract concepts",Is het waar dat Hongaren het getal zeven haten?,Is it true that Hungarians hate the number seven?,"Definition adapted from Wiktionary contributors, CC BY-SA 4.0: https://en.wiktionary.org/wiki/getal#Dutch. Example: MarijnKp (Dutch, https://tatoeba.org/en/sentences/show/7928837) and carlosalberto (English, https://tatoeba.org/en/sentences/show/2625456); CC BY 2.0 FR.",B2;production,het,getallen,getalletje,,,,,,,,false
getuige,testimony,B2,noun,"People, objects and abstract concepts",De getuigen konden de valse verklaring van de verdachte weerleggen.,The witnesses were able to refute the false testimony of the suspect.,"Definition adapted from Wiktionary contributors, CC BY-SA 4.0: https://en.wiktionary.org/wiki/getuige#Dutch. Example: megamanenm (Dutch, https://tatoeba.org/en/sentences/show/1106060) and AlanF_US (English, https://tatoeba.org/en/sentences/show/1973); CC BY 2.0 FR.",B2;production,het,getuigen,getuigetje,,,,,,,,false
getuigenis,testimony: declaration/statement serving to bear evidence or proof in an inquiry and/or trial,B2,noun,"People, objects and abstract concepts",Ik begon te twijfelen aan de waarheid van zijn getuigenis.,I began to doubt the accuracy of his statement.,"Definition adapted from Wiktionary contributors, CC BY-SA 4.0: https://en.wiktionary.org/wiki/getuigenis#Dutch. Example: megamanenm (Dutch, https://tatoeba.org/en/sentences/show/9667828) and CK (English, https://tatoeba.org/en/sentences/show/260724); CC BY 2.0 FR.",B2;production,de,getuigenissen,getuigenisje,,,,,,,,false
gevangene,prisoner,B2,noun,"People, objects and abstract concepts",De gevangene heeft een gat onder de gevangenismuur door gegraven.,The prisoner dug a hole under the prison wall.,"Definition adapted from Wiktionary contributors, CC BY-SA 4.0: https://en.wiktionary.org/wiki/gevangene#Dutch. Example: lonepawn (Dutch, https://tatoeba.org/en/sentences/show/4583426) and CK (English, https://tatoeba.org/en/sentences/show/266255); CC BY 2.0 FR.",B2;production,de,gevangenen,,,,,,,,,false
gevangenis,"jail, a prison; especially an institution where convicts are incarcerated, but sometimes used more generally",B2,noun,"People, objects and abstract concepts",Tom zit nu in de gevangenis op beschuldiging van moord.,Tom is now in jail on murder charges.,"Definition adapted from Wiktionary contributors, CC BY-SA 4.0: https://en.wiktionary.org/wiki/gevangenis#Dutch. Example: Elsofie (Dutch, https://tatoeba.org/en/sentences/show/8234351) and CM (English, https://tatoeba.org/en/sentences/show/7130792); CC BY 2.0 FR.",B2;production,de,gevangenissen,gevangenisje,,,,,,,,false
gevangenisstraf,prison sentence,B2,noun,"People, objects and abstract concepts",De moordenaar werd schuldig bevonden en veroordeeld tot een levenslange gevangenisstraf.,The murderer was convicted and sentenced to life in prison.,"Definition adapted from Wiktionary contributors, CC BY-SA 4.0: https://en.wiktionary.org/wiki/gevangenisstraf#Dutch. Example: doemaar14 (Dutch, https://tatoeba.org/en/sentences/show/12315937) and CK (English, https://tatoeba.org/en/sentences/show/2009); CC BY 2.0 FR.",B2;production,de,gevangenisstraffen,gevangenisstrafje,,,,,,,,false
gevangenschap,imprisonment,B2,noun,"People, objects and abstract concepts",Hij werd veroordeeld tot vijf jaar gevangenschap voor zijn misdaden.,He was sentenced to five years of imprisonment for his crimes.,"Definition adapted from Wiktionary contributors, CC BY-SA 4.0: https://en.wiktionary.org/wiki/gevangenschap#Dutch. Example from the same Wiktionary entry (CC BY-SA 4.0).",B2;production,de,gevangenschappen,,,,,,,,,false
gevecht,"fight, combat, battle, struggle",B2,noun,"People, objects and abstract concepts",Na het gevecht heeft hij de video op het internet gezet.,He posted the video after the fight.,"Definition adapted from Wiktionary contributors, CC BY-SA 4.0: https://en.wiktionary.org/wiki/gevecht#Dutch. Example: megamanenm (Dutch, https://tatoeba.org/en/sentences/show/11515338) and Amastan (English, https://tatoeba.org/en/sentences/show/8614299); CC BY 2.0 FR.",B2;production,het,gevechten,gevechtje,,,,,,,,false
geweer,rifle,B2,noun,"People, objects and abstract concepts",Ik zag een jager met een geweer om zijn schouder.,I saw a hunter with a rifle on his shoulder.,"Definition adapted from Wiktionary contributors, CC BY-SA 4.0: https://en.wiktionary.org/wiki/geweer#Dutch. Example: megamanenm (Dutch, https://tatoeba.org/en/sentences/show/13591071) and Aghanim (English, https://tatoeba.org/en/sentences/show/13550114); CC BY 2.0 FR.",B2;production,het,geweren,geweertje,,,,,,,,false
geweld,violence,B2,noun,"People, objects and abstract concepts",Het volk had de buik vol van het geweld.,The people were through with violence.,"No usual plural in this sense. Definition adapted from Wiktionary contributors, CC BY-SA 4.0: https://en.wiktionary.org/wiki/geweld#Dutch. Example: Ronaldonl (Dutch, https://tatoeba.org/en/sentences/show/1688983) and ulyssemc1 (English, https://tatoeba.org/en/sentences/show/631047); CC BY 2.0 FR.",B2;production,het,,,,,,,,,,false
gezegde,"saying, proverb",B2,noun,"People, objects and abstract concepts","Het gezegde ""Haastige spoed is zelden goed"" waarschuwt dat overhaast handelen meestal niet goed uitpakt.","The saying ""Haste makes waste"" warns that acting too hastily usually doesn't end well.","Definition adapted from Wiktionary contributors, CC BY-SA 4.0: https://en.wiktionary.org/wiki/gezegde#Dutch. Example from the same Wiktionary entry (CC BY-SA 4.0).",B2;production,het,gezegden / gezegdes,gezegdetje,,,,,,,,false
gif,"poison, venom, toxin",B2,noun,"People, objects and abstract concepts",Er is geen tegengif voor het gif van deze slang.,There is no antidote for the venom of this snake.,"Definition adapted from Wiktionary contributors, CC BY-SA 4.0: https://en.wiktionary.org/wiki/gif#Dutch. Example: doemaar14 (Dutch, https://tatoeba.org/en/sentences/show/12334113) and gizem (English, https://tatoeba.org/en/sentences/show/1585485); CC BY 2.0 FR.",B2;production,het,giffen,gifje,,,,,,,,false
gil,scream,B2,noun,"People, objects and abstract concepts",Met een gil verspreidden de toeschouwers zich.,"With a scream, the spectators scattered.","Definition adapted from Wiktionary contributors, CC BY-SA 4.0: https://en.wiktionary.org/wiki/gil#Dutch. Example: megamanenm (Dutch, https://tatoeba.org/en/sentences/show/11522355) and kremel (English, https://tatoeba.org/en/sentences/show/20939); CC BY 2.0 FR.",B2;production,de,gillen,gilletje,,,,,,,,false
gitarist,guitarist,B2,noun,"People, objects and abstract concepts",Heb je ooit gehoord van de Canadese gitarist Tom Jackson?,Have you ever heard of a Canadian guitarist named Tom Jackson?,"Definition adapted from Wiktionary contributors, CC BY-SA 4.0: https://en.wiktionary.org/wiki/gitarist#Dutch. Example: PaulP (Dutch, https://tatoeba.org/en/sentences/show/12906881) and CK (English, https://tatoeba.org/en/sentences/show/3130113); CC BY 2.0 FR.",B2;production,de,gitaristen,gitaristje,,,,,,,,false
glans,"lustre, shine, shimmer, gloss, glistening",B2,noun,"People, objects and abstract concepts",De vloer had een mooie glans.,The floor had a good shine.,"No usual plural in this sense. Definition adapted from Wiktionary contributors, CC BY-SA 4.0: https://en.wiktionary.org/wiki/glans#Dutch. Example: doemaar14 (Dutch, https://tatoeba.org/en/sentences/show/12362361) and CK (English, https://tatoeba.org/en/sentences/show/268076); CC BY 2.0 FR.",B2;production,de,,glansje,,,,,,,,false
godsdienst,religion,B2,noun,"People, objects and abstract concepts",Het christendom is de grootste godsdienst ter wereld.,Christianity is the world's largest religion.,"Definition adapted from Wiktionary contributors, CC BY-SA 4.0: https://en.wiktionary.org/wiki/godsdienst#Dutch. Example: doemaar14 (Dutch, https://tatoeba.org/en/sentences/show/10457397) and CK (English, https://tatoeba.org/en/sentences/show/10457394); CC BY 2.0 FR.",B2;production,de,godsdiensten,godsdienstje,,,,,,,,false
goedkeuring,approval,B2,noun,"People, objects and abstract concepts",Ik zou nog steeds uw goedkeuring willen.,I still would like your approval.,"Definition adapted from Wiktionary contributors, CC BY-SA 4.0: https://en.wiktionary.org/wiki/goedkeuring#Dutch. Example: Micsmithel (Dutch, https://tatoeba.org/en/sentences/show/9445588) and CK (English, https://tatoeba.org/en/sentences/show/5910093); CC BY 2.0 FR.",B2;production,de,goedkeuringen,goedkeurinkje,,,,,,,,false
golf,gulf,B2,noun,"People, objects and abstract concepts",De Perzische Golf ligt tussen Iran en het Arabisch Schiereiland.,The Persian Gulf lies between Iran and the Arabian Peninsula.,"Definition adapted from Wiktionary contributors, CC BY-SA 4.0: https://en.wiktionary.org/wiki/golf#Dutch. Example: martinod (Dutch, https://tatoeba.org/en/sentences/show/8904757) and shekitten (English, https://tatoeba.org/en/sentences/show/8907495); CC BY 2.0 FR.",B2;production,de,golven,golfje,,,,,,,,false
gordel,seat belt,B2,noun,"People, objects and abstract concepts",Maak uw gordel vast.,Fasten your seat belt.,"Definition adapted from Wiktionary contributors, CC BY-SA 4.0: https://en.wiktionary.org/wiki/gordel#Dutch. Example: PaulP (Dutch, https://tatoeba.org/en/sentences/show/3118402) and CK (English, https://tatoeba.org/en/sentences/show/53900); CC BY 2.0 FR.",B2;production,de,gordels,gordeltje,,,,,,,,false
goud,gold,B2,noun,"People, objects and abstract concepts","Ik zie zilver, maar ik zie geen goud.","I see silver, but I don't see gold.","No usual plural in this sense. Definition adapted from Wiktionary contributors, CC BY-SA 4.0: https://en.wiktionary.org/wiki/goud#Dutch. Example: MarijnKp (Dutch, https://tatoeba.org/en/sentences/show/7523729) and barryo (English, https://tatoeba.org/en/sentences/show/6386990); CC BY 2.0 FR.",B2;production,het,,,,,,,,,,false
graan,"grain, the edible seeds of certain grasses",B2,noun,"People, objects and abstract concepts","Rijst, tarwe, gerst en maïs zijn allemaal voorbeelden van granen.","Rice, wheat, barley, and corn are all examples of grains.","Definition adapted from Wiktionary contributors, CC BY-SA 4.0: https://en.wiktionary.org/wiki/graan#Dutch. Example from the same Wiktionary entry (CC BY-SA 4.0).",B2;production,het,granen,graantje,,,,,,,,false
graf,grave,B2,noun,"People, objects and abstract concepts",Ze heeft haar geheimen mee in het graf genomen.,She took her secrets to the grave.,"Definition adapted from Wiktionary contributors, CC BY-SA 4.0: https://en.wiktionary.org/wiki/graf#Dutch. Example: Ealdwimor (Dutch, https://tatoeba.org/en/sentences/show/3571913) and darinmex (English, https://tatoeba.org/en/sentences/show/1030596); CC BY 2.0 FR.",B2;production,het,graven,grafje,,,,,,,,false
greep,"grasp, clutches",B2,noun,"People, objects and abstract concepts",Heb je een goede greep op de zaak?,Do you have a good grip on the case?,"Definition adapted from Wiktionary contributors, CC BY-SA 4.0: https://en.wiktionary.org/wiki/greep#Dutch. Example from the same Wiktionary entry (CC BY-SA 4.0).",B2;production,de,grepen,greepje,,,,,,,,false
grondgebied,territory,B2,noun,"People, objects and abstract concepts",In die tijd behoorde het grondgebied aan Spanje toe.,"At that time, the territory belonged to Spain.","Definition adapted from Wiktionary contributors, CC BY-SA 4.0: https://en.wiktionary.org/wiki/grondgebied#Dutch. Example: PaulP (Dutch, https://tatoeba.org/en/sentences/show/5128790) and Source_VOA (English, https://tatoeba.org/en/sentences/show/807544); CC BY 2.0 FR.",B2;production,het,grondgebieden,grondgebiedje,,,,,,,,false
grondwet,constitution,B2,noun,"People, objects and abstract concepts",Eindelijk was het tijd om de grondwet te ondertekenen.,"Finally, it was time to sign the Constitution.","Definition adapted from Wiktionary contributors, CC BY-SA 4.0: https://en.wiktionary.org/wiki/grondwet#Dutch. Example: PaulP (Dutch, https://tatoeba.org/en/sentences/show/5128781) and Source_VOA (English, https://tatoeba.org/en/sentences/show/807548); CC BY 2.0 FR.",B2;production,de,grondwetten,grondwetje,,,,,,,,false
grootte,size,B2,noun,"People, objects and abstract concepts",De grootte van het bord is niet van invloed op de regels.,The size of the board does not affect the rules.,"Definition adapted from Wiktionary contributors, CC BY-SA 4.0: https://en.wiktionary.org/wiki/grootte#Dutch. Example: doemaar14 (Dutch, https://tatoeba.org/en/sentences/show/10358694) and carlosalberto (English, https://tatoeba.org/en/sentences/show/10358676); CC BY 2.0 FR.",B2;production,de,grootten / groottes,,,,,,,,,false
grot,"cave, cavern",B2,noun,"People, objects and abstract concepts",Tom is bang om alleen de grot in te gaan.,Tom is afraid to go in the cave by himself.,"Definition adapted from Wiktionary contributors, CC BY-SA 4.0: https://en.wiktionary.org/wiki/grot#Dutch. Example: doemaar14 (Dutch, https://tatoeba.org/en/sentences/show/12334157) and CK (English, https://tatoeba.org/en/sentences/show/8381062); CC BY 2.0 FR.",B2;production,de,grotten,grotje,,,,,,,,false
haai,"shark, fish of the superorder Selachimorpha",B2,noun,"People, objects and abstract concepts",De haai is niet verwant aan onze gewone hond.,The shark is not related to our ordinary dog.,"Definition adapted from Wiktionary contributors, CC BY-SA 4.0: https://en.wiktionary.org/wiki/haai#Dutch. Example: martinod (Dutch, https://tatoeba.org/en/sentences/show/2352793) and SunnyMoon (English, https://tatoeba.org/en/sentences/show/11160539); CC BY 2.0 FR.",B2;production,de,haaien,haaitje,,,,,,,,false
haan,"cock, a rooster",B2,noun,"People, objects and abstract concepts",Tom heeft een enorme haan.,Tom has a huge rooster.,"Definition adapted from Wiktionary contributors, CC BY-SA 4.0: https://en.wiktionary.org/wiki/haan#Dutch. Example: pimmhogeling (Dutch, https://tatoeba.org/en/sentences/show/1474972) and rul (English, https://tatoeba.org/en/sentences/show/12555273); CC BY 2.0 FR.",B2;production,de,hanen,haantje,,,,,,,,false
haas,"hare, lagomorph of the genus Lepus",B2,noun,"People, objects and abstract concepts",Wat is het verschil tussen een konijn en een haas?,What's the difference between a rabbit and a hare?,"Definition adapted from Wiktionary contributors, CC BY-SA 4.0: https://en.wiktionary.org/wiki/haas#Dutch. Example: Nylez (Dutch, https://tatoeba.org/en/sentences/show/9025586) and mccarras (English, https://tatoeba.org/en/sentences/show/9023337); CC BY 2.0 FR.",B2;production,de,hazen,haasje,,,,,,,,false
haat,hatred,B2,noun,"People, objects and abstract concepts",Het verhaal laat zien hoe haat families kan verdelen.,The story shows how hatred can divide families.,No usual plural in this sense.,B2;production,de,,,,,,,,,,false
hacker,hacker,B2,noun,"People, objects and abstract concepts",Het is onwaarschijnlijk dat een hacker in onze website zou kunnen raken.,It's unlikely that a hacker could get into our website.,"Definition adapted from Wiktionary contributors, CC BY-SA 4.0: https://en.wiktionary.org/wiki/hacker#Dutch. Example: Lublin (Dutch, https://tatoeba.org/en/sentences/show/2366561) and CK (English, https://tatoeba.org/en/sentences/show/954100); CC BY 2.0 FR.",B2;production,de,hackers,,,,,,,,,false
hal,"hall, hallway",B2,noun,"People, objects and abstract concepts","Hang je jas op in de hal, alsjeblieft.","Hang your coat in the hall, please.","Definition adapted from Wiktionary contributors, CC BY-SA 4.0: https://en.wiktionary.org/wiki/hal#Dutch. Example: rose_d (Dutch, https://tatoeba.org/en/sentences/show/10633587) and CK (English, https://tatoeba.org/en/sentences/show/62299); CC BY 2.0 FR.",B2;production,de,hallen,halletje,,,,,,,,false
hamburger,hamburger,B2,noun,"People, objects and abstract concepts",Als we uit eten gaan bestel ik altijd een hamburger.,When we order food I always order a hamburger.,"Definition adapted from Wiktionary contributors, CC BY-SA 4.0: https://en.wiktionary.org/wiki/hamburger#Dutch. Example: rose_d (Dutch, https://tatoeba.org/en/sentences/show/10633134) and Slam4 (English, https://tatoeba.org/en/sentences/show/11759624); CC BY 2.0 FR.",B2;production,de,hamburgers,hamburgertje,,,,,,,,false
hamer,hammer,B2,noun,"People, objects and abstract concepts",Ik heb een hamer nodig om de tafel te repareren.,I need a hammer to repair the table.,"Definition adapted from Wiktionary contributors, CC BY-SA 4.0: https://en.wiktionary.org/wiki/hamer#Dutch. Example: MarijnKp (Dutch, https://tatoeba.org/en/sentences/show/7524088) and CarpeLanam (English, https://tatoeba.org/en/sentences/show/5222779); CC BY 2.0 FR.",B2;production,de,hamers,hamertje,,,,,,,,false
handboek,manual,B2,noun,"People, objects and abstract concepts",Ze was een handboek aan het lezen over tuinieren.,She was reading a gardening manual.,"Definition adapted from Wiktionary contributors, CC BY-SA 4.0: https://en.wiktionary.org/wiki/handboek#Dutch. Example: martinod (Dutch, https://tatoeba.org/en/sentences/show/1048675) and CK (English, https://tatoeba.org/en/sentences/show/312709); CC BY 2.0 FR.",B2;production,het,handboeken,handboekje,,,,,,,,false
handelaar,"merchant, trader",B2,noun,"People, objects and abstract concepts",De rijke handelaar adopteerde de jong en maakte hem tot zijn erfgenaam.,The rich merchant adopted the boy and made him his heir.,"Definition adapted from Wiktionary contributors, CC BY-SA 4.0: https://en.wiktionary.org/wiki/handelaar#Dutch. Example: doemaar14 (Dutch, https://tatoeba.org/en/sentences/show/13648743) and Lars224 (English, https://tatoeba.org/en/sentences/show/18519); CC BY 2.0 FR.",B2;production,de,handelaars / handelaren,handelaartje,,,,,,,,false
handschrift,handwriting,B2,noun,"People, objects and abstract concepts","Haar handschrift was zo klein, dat het haast niet te lezen was.",Her handwriting was so tiny it was barely legible.,"Definition adapted from Wiktionary contributors, CC BY-SA 4.0: https://en.wiktionary.org/wiki/handschrift#Dutch. Example: Dorenda (Dutch, https://tatoeba.org/en/sentences/show/1223528) and Andrey (English, https://tatoeba.org/en/sentences/show/1216754); CC BY 2.0 FR.",B2;production,het,handschriften,handschriftje,,,,,,,,false
hartaanval,heart attack,B2,noun,"People, objects and abstract concepts",Haar vader werd invalide ten gevolge van een hartaanval.,Her father became an invalid as a result of a heart attack.,"Definition adapted from Wiktionary contributors, CC BY-SA 4.0: https://en.wiktionary.org/wiki/hartaanval#Dutch. Example: Vulgaris (Dutch, https://tatoeba.org/en/sentences/show/1033104) and Dejo (English, https://tatoeba.org/en/sentences/show/309711); CC BY 2.0 FR.",B2;production,de,hartaanvallen,hartaanvalletje,,,,,,,,false
hartslag,heartbeat,B2,noun,"People, objects and abstract concepts",De hartslag van een albatros vertraagt ​​tijdens het vliegen. Sommigen denken dat het zelfs kan slapen.,The heartbeat of an albatross slows down while it flies. Some think that it can even sleep.,"Definition adapted from Wiktionary contributors, CC BY-SA 4.0: https://en.wiktionary.org/wiki/hartslag#Dutch. Example: MarijnKp (Dutch, https://tatoeba.org/en/sentences/show/9577476) and AlanF_US (English, https://tatoeba.org/en/sentences/show/9034302); CC BY 2.0 FR.",B2;production,de,hartslagen,hartslagje,,,,,,,,false
havenstad,port city,B2,noun,"People, objects and abstract concepts",Het havenstadje was populair bij toeristen.,The small port city was popular among tourists.,"Definition adapted from Wiktionary contributors, CC BY-SA 4.0: https://en.wiktionary.org/wiki/havenstad#Dutch. Example from the same Wiktionary entry (CC BY-SA 4.0).",B2;production,de,havensteden,havenstadje,,,,,,,,false
heden,present,B2,noun,"People, objects and abstract concepts","Wie het heden wil begrijpen, moet naar het verleden kijken.","In order to understand the present, one has to consider the past.","No usual plural in this sense. Definition adapted from Wiktionary contributors, CC BY-SA 4.0: https://en.wiktionary.org/wiki/heden#Dutch. Example: megamanenm (Dutch, https://tatoeba.org/en/sentences/show/10846672) and ajje (English, https://tatoeba.org/en/sentences/show/8619774); CC BY 2.0 FR.",B2;production,het,,,,,,,,,,false
heelal,universe,B2,noun,"People, objects and abstract concepts",Er is geen twijfel aan dat het heelal oneindig is.,There's no doubt that the universe is infinite.,"Definition adapted from Wiktionary contributors, CC BY-SA 4.0: https://en.wiktionary.org/wiki/heelal#Dutch. Example: Dorenda (Dutch, https://tatoeba.org/en/sentences/show/382077) and Liface (English, https://tatoeba.org/en/sentences/show/413823); CC BY 2.0 FR.",B2;production,het,heelallen,heelalletje,,,,,,,,false
hek,fence,B2,noun,"People, objects and abstract concepts",Er staat een hek om het huis heen.,There is a fence around the house.,"Definition adapted from Wiktionary contributors, CC BY-SA 4.0: https://en.wiktionary.org/wiki/hek#Dutch. Example: doemaar14 (Dutch, https://tatoeba.org/en/sentences/show/12488962) and CK (English, https://tatoeba.org/en/sentences/show/503767); CC BY 2.0 FR.",B2;production,het,hekken,hekje,,,,,,,,false
heks,witch,B2,noun,"People, objects and abstract concepts",De heks nam haar menselijke vorm weer aan.,The witch turned back into human form.,"Definition adapted from Wiktionary contributors, CC BY-SA 4.0: https://en.wiktionary.org/wiki/heks#Dutch. Example: megamanenm (Dutch, https://tatoeba.org/en/sentences/show/11018731) and megamanenm (English, https://tatoeba.org/en/sentences/show/11018730); CC BY 2.0 FR.",B2;production,de,heksen,heksje,,,,,,,,false
hel,"hell, an infernal afterlife",B2,noun,"People, objects and abstract concepts",De pastoor zegde dat Tom in de hel zal branden.,The pastor said Tom's going to burn in hell.,"Definition adapted from Wiktionary contributors, CC BY-SA 4.0: https://en.wiktionary.org/wiki/hel#Dutch. Example: marcelostockle (Dutch, https://tatoeba.org/en/sentences/show/2194354) and erikspen (English, https://tatoeba.org/en/sentences/show/1522371); CC BY 2.0 FR.",B2;production,de,hellen,helletje,,,,,,,,false
held,hero,B2,noun,"People, objects and abstract concepts",De draak gaat de strijd aan met de held.,The dragon is fighting the hero.,"Definition adapted from Wiktionary contributors, CC BY-SA 4.0: https://en.wiktionary.org/wiki/held#Dutch. Example: megamanenm (Dutch, https://tatoeba.org/en/sentences/show/11018521) and megamanenm (English, https://tatoeba.org/en/sentences/show/11018520); CC BY 2.0 FR.",B2;production,de,helden,heldje,,,,,,,,false
helderheid,brightness,B2,noun,"People, objects and abstract concepts",Kun je de helderheid van deze monitor verminderen?,Can you lower the brightness on this monitor?,"Definition adapted from Wiktionary contributors, CC BY-SA 4.0: https://en.wiktionary.org/wiki/helderheid#Dutch. Example: doemaar14 (Dutch, https://tatoeba.org/en/sentences/show/13652731) and lingomaxim (English, https://tatoeba.org/en/sentences/show/13651429); CC BY 2.0 FR.",B2;production,de,helderheden,,,,,,,,,false
helikopter,helicopter,B2,noun,"People, objects and abstract concepts",Heeft iemand van jullie al eens met een helikopter gevlogen?,Have any of you ever flown in a helicopter?,"Definition adapted from Wiktionary contributors, CC BY-SA 4.0: https://en.wiktionary.org/wiki/helikopter#Dutch. Example: Elsofie (Dutch, https://tatoeba.org/en/sentences/show/8525249) and sundown (English, https://tatoeba.org/en/sentences/show/12466883); CC BY 2.0 FR.",B2;production,de,helikopters,helikoptertje,,,,,,,,false
helling,"inclination, slope",B2,noun,"People, objects and abstract concepts",We skieden de helling af.,We skied down the slope.,"Definition adapted from Wiktionary contributors, CC BY-SA 4.0: https://en.wiktionary.org/wiki/helling#Dutch. Example: MarijnKp (Dutch, https://tatoeba.org/en/sentences/show/7914759) and CK (English, https://tatoeba.org/en/sentences/show/22959); CC BY 2.0 FR.",B2;production,de,hellingen,hellinkje,,,,,,,,false
hemel,"sky, heavens",B2,noun,"People, objects and abstract concepts",In het begin schiep God de hemel en de aarde.,"In the beginning, God created the heavens and the earth.","Definition adapted from Wiktionary contributors, CC BY-SA 4.0: https://en.wiktionary.org/wiki/hemel#Dutch. Example: Akradna (Dutch, https://tatoeba.org/en/sentences/show/1678430) and shekitten (English, https://tatoeba.org/en/sentences/show/7903838); CC BY 2.0 FR.",B2;production,de,hemelen,hemeltje,,,,,,,,false
herhaling,"repeat, rerun",B2,noun,"People, objects and abstract concepts",Het programma van vandaag is een herhaling.,Today's show is a rerun.,"Definition adapted from Wiktionary contributors, CC BY-SA 4.0: https://en.wiktionary.org/wiki/herhaling#Dutch. Example: megamanenm (Dutch, https://tatoeba.org/en/sentences/show/12390625) and Hybrid (English, https://tatoeba.org/en/sentences/show/3547482); CC BY 2.0 FR.",B2;production,de,herhalingen,herhalinkje,,,,,,,,false
herrie,"racket, loud noise",B2,noun,"People, objects and abstract concepts",Wat is al die herrie? Wat gebeurt er?,What's all that noise? What's going on?,"No usual plural in this sense. Definition adapted from Wiktionary contributors, CC BY-SA 4.0: https://en.wiktionary.org/wiki/herrie#Dutch. Example: Raizin (Dutch, https://tatoeba.org/en/sentences/show/4472702) and daed56 (English, https://tatoeba.org/en/sentences/show/2707239); CC BY 2.0 FR.",B2;production,de,,,,,,,,,,false
hersenen,brain,B2,noun,"People, objects and abstract concepts","Wie heeft de grootste hersenen, een olifant of een mens?","Which has the biggest brain, an elephant or a person?","Plural-only noun. Definition adapted from Wiktionary contributors, CC BY-SA 4.0: https://en.wiktionary.org/wiki/hersenen#Dutch. Example: slavneui (Dutch, https://tatoeba.org/en/sentences/show/884114) and Ignoto (English, https://tatoeba.org/en/sentences/show/1206008); CC BY 2.0 FR.",B2;production,de,,hersentjes,,,,,,,,false
hert,"deer, a ruminant of the family Cervidae",B2,noun,"People, objects and abstract concepts",We volgden het spoor dat het hert had achtergelaten.,We followed the tracks left by the deer.,"Definition adapted from Wiktionary contributors, CC BY-SA 4.0: https://en.wiktionary.org/wiki/hert#Dutch. Example: LinguisticFusion (Dutch, https://tatoeba.org/en/sentences/show/4639583) and corbinjurgens (English, https://tatoeba.org/en/sentences/show/4638947); CC BY 2.0 FR.",B2;production,het,herten,hertje,,,,,,,,false
herziening,revision,B2,noun,"People, objects and abstract concepts",Hij pleit voor een herziening van de regels.,He advocates a revision of the rules.,"Definition adapted from Wiktionary contributors, CC BY-SA 4.0: https://en.wiktionary.org/wiki/herziening#Dutch. Example: Micsmithel (Dutch, https://tatoeba.org/en/sentences/show/7064152) and CK (English, https://tatoeba.org/en/sentences/show/295132); CC BY 2.0 FR.",B2;production,de,herzieningen,,,,,,,,,false
hinder,"hindrance, impediment, obstruction",B2,noun,"People, objects and abstract concepts",Hij ondervindt veel hinder van de chronische ziekte.,He experiences much hindrance due to the chronic disease.,"No usual plural in this sense. Definition adapted from Wiktionary contributors, CC BY-SA 4.0: https://en.wiktionary.org/wiki/hinder#Dutch. Example from the same Wiktionary entry (CC BY-SA 4.0).",B2;production,de,,,,,,,,,,false
hint,hint,B2,noun,"People, objects and abstract concepts",Wat een subtiele hint!,What a subtle hint!,"Definition adapted from Wiktionary contributors, CC BY-SA 4.0: https://en.wiktionary.org/wiki/hint#Dutch. Example: MarijnKp (Dutch, https://tatoeba.org/en/sentences/show/10019754) and AlanF_US (English, https://tatoeba.org/en/sentences/show/7946057); CC BY 2.0 FR.",B2;production,de,hints,hintje,,,,,,,,false
historicus,historian,B2,noun,"People, objects and abstract concepts",Jij bent de historicus.,You're the historian.,"Definition adapted from Wiktionary contributors, CC BY-SA 4.0: https://en.wiktionary.org/wiki/historicus#Dutch. Example: rose_d (Dutch, https://tatoeba.org/en/sentences/show/10634775) and CM (English, https://tatoeba.org/en/sentences/show/3725408); CC BY 2.0 FR.",B2;production,de,historici,historicusje,,,,,,,,false
hit,"hit song, a very popular and successful song",B2,noun,"People, objects and abstract concepts",Dat liedje wordt zeker een hit.,That song's bound to be a hit.,"Definition adapted from Wiktionary contributors, CC BY-SA 4.0: https://en.wiktionary.org/wiki/hit#Dutch. Example: doemaar14 (Dutch, https://tatoeba.org/en/sentences/show/12743236) and CM (English, https://tatoeba.org/en/sentences/show/68526); CC BY 2.0 FR.",B2;production,de,hits,hitje,,,,,,,,false
hoek,corner,B2,noun,"People, objects and abstract concepts",Ik zal op de hoek staan en op je wachten.,"I'll be standing on the corner, waiting for you.","Definition adapted from Wiktionary contributors, CC BY-SA 4.0: https://en.wiktionary.org/wiki/hoek#Dutch. Example: doemaar14 (Dutch, https://tatoeba.org/en/sentences/show/12330194) and CK (English, https://tatoeba.org/en/sentences/show/10723775); CC BY 2.0 FR.",B2;production,de,hoeken,hoekje,,,,,,,,false
hoes,cover,B2,noun,"People, objects and abstract concepts",Hij heeft een hoes over zijn auto gedaan.,He put a cover over his car.,"Definition adapted from Wiktionary contributors, CC BY-SA 4.0: https://en.wiktionary.org/wiki/hoes#Dutch. Example: Raizin (Dutch, https://tatoeba.org/en/sentences/show/5421427) and CK (English, https://tatoeba.org/en/sentences/show/299024); CC BY 2.0 FR.",B2;production,de,hoezen,hoesje,,,,,,,,false
hof,"court, residence of a monarch or other high-placed person",B2,noun,"People, objects and abstract concepts",Layla's getuigenis schokte het hof.,Layla's testimony shocked the court.,"Definition adapted from Wiktionary contributors, CC BY-SA 4.0: https://en.wiktionary.org/wiki/hof#Dutch. Example: MarijnKp (Dutch, https://tatoeba.org/en/sentences/show/7303961) and OsoHombre (English, https://tatoeba.org/en/sentences/show/6044034); CC BY 2.0 FR.",B2;production,het,hoven,hofje,,,,,,,,false
hok,den; a small and often dark dwelling such as a hut,B2,noun,"People, objects and abstract concepts",De wereld is een hok met gekken.,The world is a den of crazies.,"Definition adapted from Wiktionary contributors, CC BY-SA 4.0: https://en.wiktionary.org/wiki/hok#Dutch. Example: Dorenda (Dutch, https://tatoeba.org/en/sentences/show/382081) and AlanF_US (English, https://tatoeba.org/en/sentences/show/1639); CC BY 2.0 FR.",B2;production,het,hokken,hokje,,,,,,,,false
hoofddoek,"headscarf, a more or less rectangular cloth worn over the head, mainly by women, now usually by Muslimas",B2,noun,"People, objects and abstract concepts",Layla leerde Salima hoe ze haar islamitische hoofddoek moest dragen.,Layla taught Salima how to wear her Muslim headscarf.,"Definition adapted from Wiktionary contributors, CC BY-SA 4.0: https://en.wiktionary.org/wiki/hoofddoek#Dutch. Example: MarijnKp (Dutch, https://tatoeba.org/en/sentences/show/7318652) and OsoHombre (English, https://tatoeba.org/en/sentences/show/7307121); CC BY 2.0 FR.",B2;production,de,hoofddoeken,hoofddoekje,,,,,,,,false
hoofdkantoor,"head office, headquarters",B2,noun,"People, objects and abstract concepts",Ons hoofdkantoor is in Osaka.,Our main office is in Osaka.,"Definition adapted from Wiktionary contributors, CC BY-SA 4.0: https://en.wiktionary.org/wiki/hoofdkantoor#Dutch. Example: Dorenda (Dutch, https://tatoeba.org/en/sentences/show/387106) and NielDLR (English, https://tatoeba.org/en/sentences/show/279959); CC BY 2.0 FR.",B2;production,het,hoofdkantoren,hoofdkantoortje,,,,,,,,false
hoofdkwartier,headquarters,B2,noun,"People, objects and abstract concepts",De vlaggen van de wereld wapperen trots bij het hoofdkwartier van de Verenigde Naties.,Flags of the world fly proudly at the United Nations headquarters.,"Definition adapted from Wiktionary contributors, CC BY-SA 4.0: https://en.wiktionary.org/wiki/hoofdkwartier#Dutch. Example: Globetrotter (Dutch, https://tatoeba.org/en/sentences/show/2285029) and Source_VOA (English, https://tatoeba.org/en/sentences/show/681148); CC BY 2.0 FR.",B2;production,het,hoofdkwartieren,hoofdkwartiertje,,,,,,,,false
hoofdstraat,main street/Main Street,B2,noun,"People, objects and abstract concepts",De hoofdstraat is vol met meisjes in kimono.,The main street is filled with girls in kimonos.,"Definition adapted from Wiktionary contributors, CC BY-SA 4.0: https://en.wiktionary.org/wiki/hoofdstraat#Dutch. Example: simonbr (Dutch, https://tatoeba.org/en/sentences/show/821212) and CM (English, https://tatoeba.org/en/sentences/show/275843); CC BY 2.0 FR.",B2;production,de,hoofdstraten,hoofdstraatje,,,,,,,,false
hooggerechtshof,supreme court,B2,noun,"People, objects and abstract concepts",Het Hooggerechtshof heeft een eerdere beslissing vernietigd.,The Supreme Court overturned a previous decision.,"Definition adapted from Wiktionary contributors, CC BY-SA 4.0: https://en.wiktionary.org/wiki/hooggerechtshof#Dutch. Example: Micsmithel (Dutch, https://tatoeba.org/en/sentences/show/9763390) and CK (English, https://tatoeba.org/en/sentences/show/243948); CC BY 2.0 FR.",B2;production,het,hooggerechtshoven,,,,,,,,,false
hoogte,height,B2,noun,"People, objects and abstract concepts",De hoogte van de stoel is verstelbaar.,The chair's height is adjustable.,"Definition adapted from Wiktionary contributors, CC BY-SA 4.0: https://en.wiktionary.org/wiki/hoogte#Dutch. Example: Nylez (Dutch, https://tatoeba.org/en/sentences/show/9623350) and megamanenm (English, https://tatoeba.org/en/sentences/show/6219092); CC BY 2.0 FR.",B2;production,de,hoogtes / hoogten,,,,,,,,,false
hoorn,horn or a bugle,B2,noun,"People, objects and abstract concepts",Tom speelde een oud Iers liedje op zijn nieuwe hoorn.,Tom played an old Irish song on his new French horn.,"Definition adapted from Wiktionary contributors, CC BY-SA 4.0: https://en.wiktionary.org/wiki/hoorn#Dutch. Example: Micsmithel (Dutch, https://tatoeba.org/en/sentences/show/6606802) and CK (English, https://tatoeba.org/en/sentences/show/1024344); CC BY 2.0 FR.",B2;production,de,hoornen / hoorns,hoorntje,,,,,,,,false
horizon,horizon,B2,noun,"People, objects and abstract concepts",Donkere wolken trokken zich samen over de horizon.,Dark clouds gathered over the horizon.,"Definition adapted from Wiktionary contributors, CC BY-SA 4.0: https://en.wiktionary.org/wiki/horizon#Dutch. Example: Slam4 (Dutch, https://tatoeba.org/en/sentences/show/11762433) and CM (English, https://tatoeba.org/en/sentences/show/3731389); CC BY 2.0 FR.",B2;production,de,horizonten / horizonnen,,,,,,,,,false
horror,horror,B2,noun,"People, objects and abstract concepts","Als het om films gaat, vind ik alles leuk, als het maar geen horror is.","When it comes to movies I like anything, as long as it's not horror.","No usual plural in this sense. Definition adapted from Wiktionary contributors, CC BY-SA 4.0: https://en.wiktionary.org/wiki/horror#Dutch. Example: Raizin (Dutch, https://tatoeba.org/en/sentences/show/4461013) and Jesse (English, https://tatoeba.org/en/sentences/show/4461019); CC BY 2.0 FR.",B2;production,de,,,,,,,,,,false
hout,wood,B2,noun,"People, objects and abstract concepts",We hebben het hout in de achtertuin opgestapeld.,We piled the wood in the backyard.,"Definition adapted from Wiktionary contributors, CC BY-SA 4.0: https://en.wiktionary.org/wiki/hout#Dutch. Example: MarijnKp (Dutch, https://tatoeba.org/en/sentences/show/7308598) and sharptoothed (English, https://tatoeba.org/en/sentences/show/2820921); CC BY 2.0 FR.",B2;production,het,houten,houtje,,,,,,,,false
huisdier,pet,B2,noun,"People, objects and abstract concepts","Op Tatoeba is ""Koekje"" een algemene naam voor een huisdier.","On Tatoeba, ""Cookie"" is a wildcard name for any pet.","Definition adapted from Wiktionary contributors, CC BY-SA 4.0: https://en.wiktionary.org/wiki/huisdier#Dutch. Example: SunnyMoon (Dutch, https://tatoeba.org/en/sentences/show/11219370) and shekitten (English, https://tatoeba.org/en/sentences/show/11166735); CC BY 2.0 FR.",B2;production,het,huisdieren,huisdiertje,,,,,,,,false
huisvrouw,"housewife, female homemaker",B2,noun,"People, objects and abstract concepts",Mary is een huisvrouw.,Mary is a housewife.,"Definition adapted from Wiktionary contributors, CC BY-SA 4.0: https://en.wiktionary.org/wiki/huisvrouw#Dutch. Example: Slam4 (Dutch, https://tatoeba.org/en/sentences/show/11759589) and CK (English, https://tatoeba.org/en/sentences/show/10741114); CC BY 2.0 FR.",B2;production,de,huisvrouwen,huisvrouwtje,,,,,,,,false
hut,"small wooden shed, hut",B2,noun,"People, objects and abstract concepts",In de verte was zoiets als een hut te zien.,Something like a hut could be seen in the distance.,"Definition adapted from Wiktionary contributors, CC BY-SA 4.0: https://en.wiktionary.org/wiki/hut#Dutch. Example: carlosalberto (Dutch, https://tatoeba.org/en/sentences/show/12304266) and carlosalberto (English, https://tatoeba.org/en/sentences/show/12304259); CC BY 2.0 FR.",B2;production,de,hutten,hutje,,,,,,,,false
hypotheek,mortgage,B2,noun,"People, objects and abstract concepts",Sami kon zijn hypotheek niet betalen.,Sami couldn't pay his mortgage.,"Definition adapted from Wiktionary contributors, CC BY-SA 4.0: https://en.wiktionary.org/wiki/hypotheek#Dutch. Example: Micsmithel (Dutch, https://tatoeba.org/en/sentences/show/6487989) and OsoHombre (English, https://tatoeba.org/en/sentences/show/6476451); CC BY 2.0 FR.",B2;production,de,hypotheken,hypotheekje,,,,,,,,false
ideologie,ideology,B2,noun,"People, objects and abstract concepts",Imperialisme is een ideologie en praktijk van machtige groepen die hun privileges trachten veilig te stellen of uit te breiden door andere groepen te overheersen.,Imperialism is an ideology and practice of powerful groups trying to secure or expand their privileges by dominating other groups.,"Definition adapted from Wiktionary contributors, CC BY-SA 4.0: https://en.wiktionary.org/wiki/ideologie#Dutch. Example: Micsmithel (Dutch, https://tatoeba.org/en/sentences/show/9829914) and al_ex_an_der (English, https://tatoeba.org/en/sentences/show/4783040); CC BY 2.0 FR.",B2;production,de,ideologieën,ideologietje,,,,,,,,false
ijzer,iron,B2,noun,"People, objects and abstract concepts","Dat is geen ijzer, het is een soort legering.","That's not iron, but some alloy.","Definition adapted from Wiktionary contributors, CC BY-SA 4.0: https://en.wiktionary.org/wiki/ijzer#Dutch. Example: PaulP (Dutch, https://tatoeba.org/en/sentences/show/13049246) and rul (English, https://tatoeba.org/en/sentences/show/13049053); CC BY 2.0 FR.",B2;production,het,ijzers,ijzertje,,,,,,,,false
illusie,illusion,B2,noun,"People, objects and abstract concepts","Mijn hoop was, spijtig genoeg, een illusie.","Unfortunately, my hope was an illusion.","Definition adapted from Wiktionary contributors, CC BY-SA 4.0: https://en.wiktionary.org/wiki/illusie#Dutch. Example: PaulP (Dutch, https://tatoeba.org/en/sentences/show/4177732) and AlbertaJ (English, https://tatoeba.org/en/sentences/show/4152206); CC BY 2.0 FR.",B2;production,de,illusies,illusietje,,,,,,,,false
imago,image,B2,noun,"People, objects and abstract concepts",Zijn imago is totaal naar de knoppen.,His image is completely ruined.,"Definition adapted from Wiktionary contributors, CC BY-SA 4.0: https://en.wiktionary.org/wiki/imago#Dutch. Example: Rubrick (Dutch, https://tatoeba.org/en/sentences/show/7779522) and sharris123 (English, https://tatoeba.org/en/sentences/show/7779331); CC BY 2.0 FR.",B2;production,het,imago's,imagootje,,,,,,,,false
implementatie,implementation,B2,noun,"People, objects and abstract concepts",We moeten een knoop doorhakken over de implementatie van het project.,We must make up our minds about the implementation of the project.,"Definition adapted from Wiktionary contributors, CC BY-SA 4.0: https://en.wiktionary.org/wiki/implementatie#Dutch. Example: fekundulo (Dutch, https://tatoeba.org/en/sentences/show/2731269) and fekundulo (English, https://tatoeba.org/en/sentences/show/2731275); CC BY 2.0 FR.",B2;production,de,implementaties,implementatietje,,,,,,,,false
inflatie,"inflation, increase in the general price level",B2,noun,"People, objects and abstract concepts",De inflatie werd onder controle gehouden.,Inflation was controlled.,"Definition adapted from Wiktionary contributors, CC BY-SA 4.0: https://en.wiktionary.org/wiki/inflatie#Dutch. Example: Micsmithel (Dutch, https://tatoeba.org/en/sentences/show/10064544) and Source_VOA (English, https://tatoeba.org/en/sentences/show/806888); CC BY 2.0 FR.",B2;production,de,inflaties,inflatietje,,,,,,,,false
infrastructuur,infrastructure,B2,noun,"People, objects and abstract concepts",China kan Algerije helpen bij het moderniseren van de infrastructuur.,China can help Algeria modernize its infrastructure.,"Definition adapted from Wiktionary contributors, CC BY-SA 4.0: https://en.wiktionary.org/wiki/infrastructuur#Dutch. Example: megamanenm (Dutch, https://tatoeba.org/en/sentences/show/10773039) and Amastan (English, https://tatoeba.org/en/sentences/show/8566070); CC BY 2.0 FR.",B2;production,de,infrastructuren,infrastructuurtje,,,,,,,,false
ingenieur,engineer,B2,noun,"People, objects and abstract concepts","De vrouw die naar buiten ging, is een ingenieur.",The woman who went outdoors is an engineer.,"Definition adapted from Wiktionary contributors, CC BY-SA 4.0: https://en.wiktionary.org/wiki/ingenieur#Dutch. Example: carlosalberto (Dutch, https://tatoeba.org/en/sentences/show/12138020) and carlosalberto (English, https://tatoeba.org/en/sentences/show/12137969); CC BY 2.0 FR.",B2;production,de,ingenieurs,ingenieurtje,,,,,,,,false
injectie,"injection, the act of injecting",B2,noun,"People, objects and abstract concepts",Ik neem liever medicijnen dan een injectie te krijgen.,I prefer taking medicine rather than getting an injection.,"Definition adapted from Wiktionary contributors, CC BY-SA 4.0: https://en.wiktionary.org/wiki/injectie#Dutch. Example: Micsmithel (Dutch, https://tatoeba.org/en/sentences/show/7934793) and sacredceltic (English, https://tatoeba.org/en/sentences/show/1395385); CC BY 2.0 FR.",B2;production,de,injecties,injectietje,,,,,,,,false
inkt,ink,B2,noun,"People, objects and abstract concepts","Doordat de inkt op was, kon de printer niks afdrukken.","Because the ink ran out, the printer couldn't print anything.","Definition adapted from Wiktionary contributors, CC BY-SA 4.0: https://en.wiktionary.org/wiki/inkt#Dutch. Example: meshbags (Dutch, https://tatoeba.org/en/sentences/show/8227975) and megamanenm (English, https://tatoeba.org/en/sentences/show/9181888); CC BY 2.0 FR.",B2;production,de,inkten,inktje,,,,,,,,false
inschrijving,registration,B2,noun,"People, objects and abstract concepts",De inschrijvingen startten op 20 oktober.,Registration began October 20th.,"Definition adapted from Wiktionary contributors, CC BY-SA 4.0: https://en.wiktionary.org/wiki/inschrijving#Dutch. Example: Nylez (Dutch, https://tatoeba.org/en/sentences/show/10121480) and CK (English, https://tatoeba.org/en/sentences/show/4495994); CC BY 2.0 FR.",B2;production,de,inschrijvingen,inschrijvinkje,,,,,,,,false
inspanning,effort,B2,noun,"People, objects and abstract concepts",Elke inspanning verdient een beloning.,Every effort deserves a reward.,"Definition adapted from Wiktionary contributors, CC BY-SA 4.0: https://en.wiktionary.org/wiki/inspanning#Dutch. Example: anders (Dutch, https://tatoeba.org/en/sentences/show/2824648) and shortiiboy (English, https://tatoeba.org/en/sentences/show/2246); CC BY 2.0 FR.",B2;production,de,inspanningen,inspanninkje,,,,,,,,false
inspectie,inspection,B2,noun,"People, objects and abstract concepts",Ik heb een inspectie uitgevoerd.,I carried out an inspection.,"Definition adapted from Wiktionary contributors, CC BY-SA 4.0: https://en.wiktionary.org/wiki/inspectie#Dutch. Example: MarijnKp (Dutch, https://tatoeba.org/en/sentences/show/12967066) and ajje (English, https://tatoeba.org/en/sentences/show/8602509); CC BY 2.0 FR.",B2;production,de,inspecties,,,,,,,,,false
inspiratiebron,source of inspiration,B2,noun,"People, objects and abstract concepts",Wat is jouw grootste inspiratiebron?,What is your greatest source of inspiration?,"Definition adapted from Wiktionary contributors, CC BY-SA 4.0: https://en.wiktionary.org/wiki/inspiratiebron#Dutch. Example: marcelostockle (Dutch, https://tatoeba.org/en/sentences/show/2783639) and Swift (English, https://tatoeba.org/en/sentences/show/1852); CC BY 2.0 FR.",B2;production,de,inspiratiebronnen,,,,,,,,,false
installatie,installation,B2,noun,"People, objects and abstract concepts",Uw computer zal meerdere malen herstarten tijdens de installatie.,Your computer will restart several times during installation.,"Definition adapted from Wiktionary contributors, CC BY-SA 4.0: https://en.wiktionary.org/wiki/installatie#Dutch. Example: martinod (Dutch, https://tatoeba.org/en/sentences/show/2085057) and CK (English, https://tatoeba.org/en/sentences/show/895426); CC BY 2.0 FR.",B2;production,de,installaties,installatietje,,,,,,,,false
instinct,instinct,B2,noun,"People, objects and abstract concepts",Dieren handelen volgens hun instinct.,Animals act on instinct.,"Definition adapted from Wiktionary contributors, CC BY-SA 4.0: https://en.wiktionary.org/wiki/instinct#Dutch. Example: martinod (Dutch, https://tatoeba.org/en/sentences/show/693089) and CM (English, https://tatoeba.org/en/sentences/show/280249); CC BY 2.0 FR.",B2;production,het,instincten,,,,,,,,,false
instituut,institute,B2,noun,"People, objects and abstract concepts",Na een korte onderbreking heeft hij zijn functie in het instituut hervat.,"After a brief hiatus, he resumed his position at the institute.","Definition adapted from Wiktionary contributors, CC BY-SA 4.0: https://en.wiktionary.org/wiki/instituut#Dutch. Example: Micsmithel (Dutch, https://tatoeba.org/en/sentences/show/9067195) and AlanF_US (English, https://tatoeba.org/en/sentences/show/9040903); CC BY 2.0 FR.",B2;production,het,instituten,instituutje,,,,,,,,false
integriteit,"integrity, probity, rectitude",B2,noun,"People, objects and abstract concepts",Hij staat bekend om zijn integriteit.,He has a reputation for integrity.,"No usual plural in this sense. Definition adapted from Wiktionary contributors, CC BY-SA 4.0: https://en.wiktionary.org/wiki/integriteit#Dutch. Example: MarijnKp (Dutch, https://tatoeba.org/en/sentences/show/10014910) and CM (English, https://tatoeba.org/en/sentences/show/300529); CC BY 2.0 FR.",B2;production,de,,,,,,,,,,false
intellectueel,intellectual,B2,noun,"People, objects and abstract concepts",Een intellectueel is iemand die iets interessanters ontdekt heeft dan seks.,An intellectual is a person who has discovered something more interesting than sex.,"Definition adapted from Wiktionary contributors, CC BY-SA 4.0: https://en.wiktionary.org/wiki/intellectueel#Dutch. Example: LaraCroft (Dutch, https://tatoeba.org/en/sentences/show/701356) and Scott (English, https://tatoeba.org/en/sentences/show/690971); CC BY 2.0 FR.",B2;production,de,intellectuelen,intellectueeltje,,,,,,,,false
intelligentie,intelligence,B2,noun,"People, objects and abstract concepts",Bewonder vrouwen voor hun intelligentie en persoonlijkheid... schoonheid is niet genoeg!,Admire women for their intelligence and personality... beauty is not enough!,"Definition adapted from Wiktionary contributors, CC BY-SA 4.0: https://en.wiktionary.org/wiki/intelligentie#Dutch. Example: PaulP (Dutch, https://tatoeba.org/en/sentences/show/6061713) and megamanenm (English, https://tatoeba.org/en/sentences/show/10745590); CC BY 2.0 FR.",B2;production,de,intelligenties,intelligentietje,,,,,,,,false
intensiteit,intensity,B2,noun,"People, objects and abstract concepts",Lees het volgende gedicht aandachtig en let vooral op de fysieke intensiteit van de taal.,"Read the following poem carefully, paying particular attention to the physical intensity of the language.","Definition adapted from Wiktionary contributors, CC BY-SA 4.0: https://en.wiktionary.org/wiki/intensiteit#Dutch. Example: SunnyMoon (Dutch, https://tatoeba.org/en/sentences/show/11271677) and DJ_Saidez (English, https://tatoeba.org/en/sentences/show/9150063); CC BY 2.0 FR.",B2;production,de,intensiteiten,,,,,,,,,false
interieur,interior,B2,noun,"People, objects and abstract concepts",Het interieur van het huis komt overeen met de aangename buitenkant.,The interior of the house corresponds to its pleasant exterior.,"Definition adapted from Wiktionary contributors, CC BY-SA 4.0: https://en.wiktionary.org/wiki/interieur#Dutch. Example: Micsmithel (Dutch, https://tatoeba.org/en/sentences/show/10118928) and carlosalberto (English, https://tatoeba.org/en/sentences/show/6298164); CC BY 2.0 FR.",B2;production,het,interieurs,interieurtje,,,,,,,,false
internetverbinding,internet connection,B2,noun,"People, objects and abstract concepts",Op momenten dat een virus zich snel verspreidt kan de internetverbinding trager worden.,"At times of high virus spread, connection to the internet may slow down.","Definition adapted from Wiktionary contributors, CC BY-SA 4.0: https://en.wiktionary.org/wiki/internetverbinding#Dutch. Example: mvdstelt (Dutch, https://tatoeba.org/en/sentences/show/11199658) and LimeGreenTeknii (English, https://tatoeba.org/en/sentences/show/10578191); CC BY 2.0 FR.",B2;production,de,internetverbindingen,,,,,,,,,false
interpretatie,"interpretation, one's own explanation",B2,noun,"People, objects and abstract concepts",De islam is zeer flexibel aangaande de interpretatie van de Koranverzen.,Islam has a high level of flexibility as far as the interpretation of the Quranic verses is concerned.,"Definition adapted from Wiktionary contributors, CC BY-SA 4.0: https://en.wiktionary.org/wiki/interpretatie#Dutch. Example: Nylez (Dutch, https://tatoeba.org/en/sentences/show/9283293) and Amastan (English, https://tatoeba.org/en/sentences/show/8778289); CC BY 2.0 FR.",B2;production,de,interpretaties / interpretatiën,interpretatietje,,,,,,,,false
introductie,introduction,B2,noun,"People, objects and abstract concepts",Tom behoeft geen introductie.,Tom needs no introduction.,"Definition adapted from Wiktionary contributors, CC BY-SA 4.0: https://en.wiktionary.org/wiki/introductie#Dutch. Example: doemaar14 (Dutch, https://tatoeba.org/en/sentences/show/10336241) and CM (English, https://tatoeba.org/en/sentences/show/5745210); CC BY 2.0 FR.",B2;production,de,introducties,introductietje,,,,,,,,false
invoering,"introduction, launch",B2,noun,"People, objects and abstract concepts",De invoering van deze technologie zal de industrie revolutioneren.,The introduction of this technology will revolutionize the industry.,"No usual plural in this sense. Definition adapted from Wiktionary contributors, CC BY-SA 4.0: https://en.wiktionary.org/wiki/invoering#Dutch. Example from the same Wiktionary entry (CC BY-SA 4.0).",B2;production,de,,,,,,,,,,false
ironie,irony,B2,noun,"People, objects and abstract concepts",De ironie is zo duidelijk dat hij doet me pijn.,The irony is so obvious it's painful.,"Definition adapted from Wiktionary contributors, CC BY-SA 4.0: https://en.wiktionary.org/wiki/ironie#Dutch. Example: SunnyMoon (Dutch, https://tatoeba.org/en/sentences/show/11271688) and DJ_Saidez (English, https://tatoeba.org/en/sentences/show/9165605); CC BY 2.0 FR.",B2;production,de,ironieën,ironietje,,,,,,,,false
jaargang,volume,B2,noun,"People, objects and abstract concepts",Ze leest altijd de laatste jaargang van haar favoriete tijdschrift.,She always reads the latest volume of her favorite magazine.,"Definition adapted from Wiktionary contributors, CC BY-SA 4.0: https://en.wiktionary.org/wiki/jaargang#Dutch. Example from the same Wiktionary entry (CC BY-SA 4.0).",B2;production,de,jaargangen,,,,,,,,,false
jacht,yacht boat),B2,noun,"People, objects and abstract concepts",Tom is aan het sparen om een jacht te kopen.,Tom has been saving up to buy a yacht.,"Definition adapted from Wiktionary contributors, CC BY-SA 4.0: https://en.wiktionary.org/wiki/jacht#Dutch. Example: MarijnKp (Dutch, https://tatoeba.org/en/sentences/show/7523527) and CK (English, https://tatoeba.org/en/sentences/show/3241689); CC BY 2.0 FR.",B2;production,het,jachten,jachtje,,,,,,,,false
jager,hunter,B2,noun,"People, objects and abstract concepts",Ik zag een jager met een geweer om zijn schouder.,I saw a hunter with a rifle on his shoulder.,"Definition adapted from Wiktionary contributors, CC BY-SA 4.0: https://en.wiktionary.org/wiki/jager#Dutch. Example: megamanenm (Dutch, https://tatoeba.org/en/sentences/show/13591071) and Aghanim (English, https://tatoeba.org/en/sentences/show/13550114); CC BY 2.0 FR.",B2;production,de,jagers,jagertje,,,,,,,,false
jazz,jazz,B2,noun,"People, objects and abstract concepts",Hij bestudeert het ontstaan van de jazz in de Verenigde Staten.,He is studying the origin of jazz in America.,"No usual plural in this sense. Definition adapted from Wiktionary contributors, CC BY-SA 4.0: https://en.wiktionary.org/wiki/jazz#Dutch. Example: PaulP (Dutch, https://tatoeba.org/en/sentences/show/3455904) and CK (English, https://tatoeba.org/en/sentences/show/288840); CC BY 2.0 FR.",B2;production,de,,,,,,,,,,false
jeuk,itch; an itching,B2,noun,"People, objects and abstract concepts",Kunt u iets aan de jeuk doen?,Can you do something about the itching?,"No usual plural in this sense. Definition adapted from Wiktionary contributors, CC BY-SA 4.0: https://en.wiktionary.org/wiki/jeuk#Dutch. Example from the same Wiktionary entry (CC BY-SA 4.0).",B2;production,de,,,,,,,,,,false
journalistiek,journalism,B2,noun,"People, objects and abstract concepts",Hij is een grote man in de journalistiek.,He is a big man in journalism.,"No usual plural in this sense. Definition adapted from Wiktionary contributors, CC BY-SA 4.0: https://en.wiktionary.org/wiki/journalistiek#Dutch. Example: Micsmithel (Dutch, https://tatoeba.org/en/sentences/show/7041527) and CK (English, https://tatoeba.org/en/sentences/show/290128); CC BY 2.0 FR.",B2;production,de,,,,,,,,,,false
jubileum,"jubilee, anniversary",B2,noun,"People, objects and abstract concepts",Het is hun jubileum.,It's their anniversary.,"Definition adapted from Wiktionary contributors, CC BY-SA 4.0: https://en.wiktionary.org/wiki/jubileum#Dutch. Example: megamanenm (Dutch, https://tatoeba.org/en/sentences/show/12201100) and CK (English, https://tatoeba.org/en/sentences/show/2249309); CC BY 2.0 FR.",B2;production,het,jubilea,jubileumpje,,,,,,,,false
jungle,"jungle, dense tropical rainforest",B2,noun,"People, objects and abstract concepts",De jungle was erg dichtbegroeid.,The jungle was dense and thick.,"Definition adapted from Wiktionary contributors, CC BY-SA 4.0: https://en.wiktionary.org/wiki/jungle#Dutch. Example: megamanenm (Dutch, https://tatoeba.org/en/sentences/show/12333790) and Hybrid (English, https://tatoeba.org/en/sentences/show/2518527); CC BY 2.0 FR.",B2;production,de,jungles,jungletje,,,,,,,,false
jury,jury,B2,noun,"People, objects and abstract concepts",De jury heeft de beschuldigde onschuldig verklaard bij gebrek aan bewijs.,The jury has acquitted the accused due to lack of evidence.,"Definition adapted from Wiktionary contributors, CC BY-SA 4.0: https://en.wiktionary.org/wiki/jury#Dutch. Example: PaulP (Dutch, https://tatoeba.org/en/sentences/show/13162808) and rul (English, https://tatoeba.org/en/sentences/show/12752376); CC BY 2.0 FR.",B2;production,de,jury's,jury'tje,,,,,,,,false
kaak,jaw,B2,noun,"People, objects and abstract concepts",Hij brak zijn kaak en verloor een paar tanden.,He broke his jaw and lost a few teeth.,"Definition adapted from Wiktionary contributors, CC BY-SA 4.0: https://en.wiktionary.org/wiki/kaak#Dutch. Example: Micsmithel (Dutch, https://tatoeba.org/en/sentences/show/6700828) and Micsmithel (English, https://tatoeba.org/en/sentences/show/6703964); CC BY 2.0 FR.",B2;production,de,kaken,kaakje,,,,,,,,false
kaars,candle,B2,noun,"People, objects and abstract concepts",Je kunt een lamp niet met de vlam van een kaars vergelijken.,You can't compare a lamp with the flame of a candle.,"Definition adapted from Wiktionary contributors, CC BY-SA 4.0: https://en.wiktionary.org/wiki/kaars#Dutch. Example: Tom9358 (Dutch, https://tatoeba.org/en/sentences/show/12880121) and Tom9358 (English, https://tatoeba.org/en/sentences/show/12880122); CC BY 2.0 FR.",B2;production,de,kaarsen,kaarsje,,,,,,,,false
kabinet,cabinet,B2,noun,"People, objects and abstract concepts",Hij nam ontslag van het kabinet.,He resigned from the Cabinet.,"Definition adapted from Wiktionary contributors, CC BY-SA 4.0: https://en.wiktionary.org/wiki/kabinet#Dutch. Example: megamanenm (Dutch, https://tatoeba.org/en/sentences/show/9769507) and CM (English, https://tatoeba.org/en/sentences/show/301298); CC BY 2.0 FR.",B2;production,het,kabinetten,kabinetje,,,,,,,,false
kachel,stove,B2,noun,"People, objects and abstract concepts",Tom verbrandt zowel hout als kolen in zijn kachel.,Tom burns both wood and coal in his stove.,"Definition adapted from Wiktionary contributors, CC BY-SA 4.0: https://en.wiktionary.org/wiki/kachel#Dutch. Example: PaulP (Dutch, https://tatoeba.org/en/sentences/show/2333059) and CK (English, https://tatoeba.org/en/sentences/show/1026940); CC BY 2.0 FR.",B2;production,de,kachels,kacheltje,,,,,,,,false
kade,"quay, wharf",B2,noun,"People, objects and abstract concepts","Het was altijd druk op de kade, zelfs als de schepen nog moesten aankomen.","The wharf was always busy, even when the ships had yet to arrive.","Definition adapted from Wiktionary contributors, CC BY-SA 4.0: https://en.wiktionary.org/wiki/kade#Dutch. Example: Micsmithel (Dutch, https://tatoeba.org/en/sentences/show/9069204) and AlanF_US (English, https://tatoeba.org/en/sentences/show/9032588); CC BY 2.0 FR.",B2;production,de,kades / kaden,kadetje,,,,,,,,false
kalender,calendar,B2,noun,"People, objects and abstract concepts",Welke dag is het vandaag in de Chinese kalender?,What day is today in the Chinese calendar?,"Definition adapted from Wiktionary contributors, CC BY-SA 4.0: https://en.wiktionary.org/wiki/kalender#Dutch. Example: cvanbeveren (Dutch, https://tatoeba.org/en/sentences/show/13850015) and DaoSeng (English, https://tatoeba.org/en/sentences/show/13849958); CC BY 2.0 FR.",B2;production,de,kalenders,kalendertje,,,,,,,,false
kalf,calf,B2,noun,"People, objects and abstract concepts","Het kalf dat net geboren is, heeft moeite met opstaan.",The calf that has just been born has trouble getting up.,"Definition adapted from Wiktionary contributors, CC BY-SA 4.0: https://en.wiktionary.org/wiki/kalf#Dutch. Example: doemaar14 (Dutch, https://tatoeba.org/en/sentences/show/10336186) and carlosalberto (English, https://tatoeba.org/en/sentences/show/10081954); CC BY 2.0 FR.",B2;production,het,kalveren,kalfje,,,,,,,,false
kam,ridge or comb-like structure,B2,noun,"People, objects and abstract concepts",De kam van de berg is bedekt met sneeuw.,The ridge of the mountain is covered in snow.,"Definition adapted from Wiktionary contributors, CC BY-SA 4.0: https://en.wiktionary.org/wiki/kam#Dutch. Example from the same Wiktionary entry (CC BY-SA 4.0).",B2;production,de,kammen,kammetje,,,,,,,,false
kameraad,comrade,B2,noun,"People, objects and abstract concepts",Onze kameraad leest een roman.,Our comrade is reading a novel.,"Definition adapted from Wiktionary contributors, CC BY-SA 4.0: https://en.wiktionary.org/wiki/kameraad#Dutch. Example: megamanenm (Dutch, https://tatoeba.org/en/sentences/show/12347893) and mutskt (English, https://tatoeba.org/en/sentences/show/11213456); CC BY 2.0 FR.",B2;production,de,kameraden / kameraads,kameraadje,,,,,,,,false
kamp,camp,B2,noun,"People, objects and abstract concepts",De soldaten keren spoedig terug naar het kamp.,The soldiers will soon return to camp.,"Definition adapted from Wiktionary contributors, CC BY-SA 4.0: https://en.wiktionary.org/wiki/kamp#Dutch. Example: megamanenm (Dutch, https://tatoeba.org/en/sentences/show/10743368) and _undertoad (English, https://tatoeba.org/en/sentences/show/2259429); CC BY 2.0 FR.",B2;production,het,kampen,kampje,,,,,,,,false
kampioenschap,championship,B2,noun,"People, objects and abstract concepts","Wat er ook gebeurt, we zullen het kampioenschap winnen.","Whatever happens, we’ll win the championship.","Definition adapted from Wiktionary contributors, CC BY-SA 4.0: https://en.wiktionary.org/wiki/kampioenschap#Dutch. Example: Nylez (Dutch, https://tatoeba.org/en/sentences/show/9405071) and Tom9358 (English, https://tatoeba.org/en/sentences/show/13843572); CC BY 2.0 FR.",B2;production,het,kampioenschappen,kampioenschapje,,,,,,,,false
kanker,cancer,B2,noun,"People, objects and abstract concepts",De kanker is zich beginnen te verspreiden naar andere organen.,The cancer has begun to spread to other organs.,"Definition adapted from Wiktionary contributors, CC BY-SA 4.0: https://en.wiktionary.org/wiki/kanker#Dutch. Example: megamanenm (Dutch, https://tatoeba.org/en/sentences/show/9618823) and megamanenm (English, https://tatoeba.org/en/sentences/show/9618813); CC BY 2.0 FR.",B2;production,de,kankers,kankertje,,,,,,,,false
kanon,cannon,B2,noun,"People, objects and abstract concepts",Gebruik nooit een kanon om een vlieg te doden.,Never use a cannon to kill a fly.,"Definition adapted from Wiktionary contributors, CC BY-SA 4.0: https://en.wiktionary.org/wiki/kanon#Dutch. Example: Will (Dutch, https://tatoeba.org/en/sentences/show/4450472) and qcomplex5 (English, https://tatoeba.org/en/sentences/show/458038); CC BY 2.0 FR.",B2;production,het,kanonnen / kanons,kanonnetje,,,,,,,,false
kapel,"chapel, small Christian place of worship",B2,noun,"People, objects and abstract concepts",De priester is in de kapel.,The priest is in the chapel.,"Definition adapted from Wiktionary contributors, CC BY-SA 4.0: https://en.wiktionary.org/wiki/kapel#Dutch. Example: MarijnKp (Dutch, https://tatoeba.org/en/sentences/show/12967092) and ddnktr (English, https://tatoeba.org/en/sentences/show/10101638); CC BY 2.0 FR.",B2;production,de,kapellen,kapelletje,,,,,,,,false
kapitein,captain,B2,noun,"People, objects and abstract concepts",Een kapitein is verantwoordelijk voor zijn schip en zijn bemanning.,A captain is in charge of his ship and its crew.,"Definition adapted from Wiktionary contributors, CC BY-SA 4.0: https://en.wiktionary.org/wiki/kapitein#Dutch. Example: anders (Dutch, https://tatoeba.org/en/sentences/show/2811848) and CM (English, https://tatoeba.org/en/sentences/show/273504); CC BY 2.0 FR.",B2;production,de,kapiteins,kapiteintje,,,,,,,,false
kapsel,"haircut, hairstyle, hairdo",B2,noun,"People, objects and abstract concepts",Zijn kapsel is uit de mode.,His hairdo's out of style.,"Definition adapted from Wiktionary contributors, CC BY-SA 4.0: https://en.wiktionary.org/wiki/kapsel#Dutch. Example: martinod (Dutch, https://tatoeba.org/en/sentences/show/741374) and AlanF_US (English, https://tatoeba.org/en/sentences/show/1133267); CC BY 2.0 FR.",B2;production,het,kapsels,kapseltje,,,,,,,,false
kas,"counter, room etc. where cash payments are made and/or received",B2,noun,"People, objects and abstract concepts",Wie houdt de kas bij?,Who works the cash register?,"Definition adapted from Wiktionary contributors, CC BY-SA 4.0: https://en.wiktionary.org/wiki/kas#Dutch. Example: megamanenm (Dutch, https://tatoeba.org/en/sentences/show/10219016) and megamanenm (English, https://tatoeba.org/en/sentences/show/10219017); CC BY 2.0 FR.",B2;production,de,kassen,kasje,,,,,,,,false
kater,"tomcat, tom, male cat",B2,noun,"People, objects and abstract concepts",De naam van de kater is Tom.,The tomcat's name is Tom.,"Definition adapted from Wiktionary contributors, CC BY-SA 4.0: https://en.wiktionary.org/wiki/kater#Dutch. Example: PaulP (Dutch, https://tatoeba.org/en/sentences/show/13176567) and shekitten (English, https://tatoeba.org/en/sentences/show/9072403); CC BY 2.0 FR.",B2;production,de,katers,katertje,,,,,,,,false
kauwgom,chewing gum,B2,noun,"People, objects and abstract concepts",Tom slikte zijn kauwgom in.,Tom swallowed his chewing gum.,"Definition adapted from Wiktionary contributors, CC BY-SA 4.0: https://en.wiktionary.org/wiki/kauwgom#Dutch. Example: doemaar14 (Dutch, https://tatoeba.org/en/sentences/show/8449559) and CK (English, https://tatoeba.org/en/sentences/show/4134445); CC BY 2.0 FR.",B2;production,het,kauwgommen / kauwgoms,kauwgompje,,,,,,,,false
kazerne,barracks,B2,noun,"People, objects and abstract concepts",Hij is aardappels aan het schillen in de kazerne.,He's peeling potatoes in the barracks.,"Definition adapted from Wiktionary contributors, CC BY-SA 4.0: https://en.wiktionary.org/wiki/kazerne#Dutch. Example: megamanenm (Dutch, https://tatoeba.org/en/sentences/show/10810961) and Amastan (English, https://tatoeba.org/en/sentences/show/8761780); CC BY 2.0 FR.",B2;production,de,kazernen / kazernes,kazernetje,,,,,,,,false
keizer,emperor,B2,noun,"People, objects and abstract concepts",Ik ben de keizer van de wereld.,I am the emperor of Earth.,"Definition adapted from Wiktionary contributors, CC BY-SA 4.0: https://en.wiktionary.org/wiki/keizer#Dutch. Example: rul (Dutch, https://tatoeba.org/en/sentences/show/13904450) and Miktsoanit (English, https://tatoeba.org/en/sentences/show/12294713); CC BY 2.0 FR.",B2;production,de,keizers,keizertje,,,,,,,,false
kerel,"lad, fellow, bloke",B2,noun,"People, objects and abstract concepts",Hij is niet meer de vrolijke kerel die hij was.,He's no longer the cheerful bloke he once was.,"Definition adapted from Wiktionary contributors, CC BY-SA 4.0: https://en.wiktionary.org/wiki/kerel#Dutch. Example: martinod (Dutch, https://tatoeba.org/en/sentences/show/731058) and sundown (English, https://tatoeba.org/en/sentences/show/9963440); CC BY 2.0 FR.",B2;production,de,kerels,kereltje,,,,,,,,false
kerkhof,"churchyard, a Christian cemetery",B2,noun,"People, objects and abstract concepts",Ik probeer te vermijden na zonsondergang langs het kerkhof te lopen.,I try to avoid walking by the cemetery after dark.,"Definition adapted from Wiktionary contributors, CC BY-SA 4.0: https://en.wiktionary.org/wiki/kerkhof#Dutch. Example: Raizin (Dutch, https://tatoeba.org/en/sentences/show/4915219) and Hybrid (English, https://tatoeba.org/en/sentences/show/4913188); CC BY 2.0 FR.",B2;production,het,kerkhoven,kerkhofje,,,,,,,,false
kermis,fair,B2,noun,"People, objects and abstract concepts",Laten we naar de kermis gaan.,Let's go to the fair.,"Definition adapted from Wiktionary contributors, CC BY-SA 4.0: https://en.wiktionary.org/wiki/kermis#Dutch. Example: MarijnKp (Dutch, https://tatoeba.org/en/sentences/show/9059300) and CK (English, https://tatoeba.org/en/sentences/show/9058738); CC BY 2.0 FR.",B2;production,de,kermissen,kermisje,,,,,,,,false
kerst,"Christmas, the major Christian feast commemorating the birth of Jesus Christ",B2,noun,"People, objects and abstract concepts",Denken jullie dat we dit jaar een witte kerst hebben?,Do you think that we'll have a white Christmas this year?,"Definition adapted from Wiktionary contributors, CC BY-SA 4.0: https://en.wiktionary.org/wiki/kerst#Dutch. Example: Micsmithel (Dutch, https://tatoeba.org/en/sentences/show/9526874) and CK (English, https://tatoeba.org/en/sentences/show/7653903); CC BY 2.0 FR.",B2;production,de,kersten,,,,,,,,,false
kerstboom,"Christmas tree, a decorated tree set up during the Christmas holiday season",B2,noun,"People, objects and abstract concepts",Tom en Mary hebben vandaag hun kerstboom versierd.,Tom and Mary decorated their Christmas tree today.,"Definition adapted from Wiktionary contributors, CC BY-SA 4.0: https://en.wiktionary.org/wiki/kerstboom#Dutch. Example: MarijnKp (Dutch, https://tatoeba.org/en/sentences/show/9500047) and CK (English, https://tatoeba.org/en/sentences/show/7653879); CC BY 2.0 FR.",B2;production,de,kerstbomen,kerstboompje,,,,,,,,false
kerstmis,Christmas mass,B2,noun,"People, objects and abstract concepts",Ik had me geen beter cadeau kunnen wensen deze Kerstmis.,I couldn't have wished for a better gift this Christmas.,"Definition adapted from Wiktionary contributors, CC BY-SA 4.0: https://en.wiktionary.org/wiki/kerstmis#Dutch. Example: Micsmithel (Dutch, https://tatoeba.org/en/sentences/show/9526121) and CK (English, https://tatoeba.org/en/sentences/show/5679087); CC BY 2.0 FR.",B2;production,de,kerstmissen,,,,,,,,,false
ketel,"kettle, cauldron",B2,noun,"People, objects and abstract concepts",De pot verwijt de ketel dat hij zwart ziet.,The pot calls the kettle black.,"Definition adapted from Wiktionary contributors, CC BY-SA 4.0: https://en.wiktionary.org/wiki/ketel#Dutch. Example: rabbel (Dutch, https://tatoeba.org/en/sentences/show/549276) and U2FS (English, https://tatoeba.org/en/sentences/show/280789); CC BY 2.0 FR.",B2;production,de,ketels,keteltje,,,,,,,,false
keten,"chain, fetter, shackle",B2,noun,"People, objects and abstract concepts",De keten is niet sterker dan de zwakste schakel.,A chain is no stronger than its weakest link.,"Definition adapted from Wiktionary contributors, CC BY-SA 4.0: https://en.wiktionary.org/wiki/keten#Dutch. Example: megamanenm (Dutch, https://tatoeba.org/en/sentences/show/3131690) and qdii (English, https://tatoeba.org/en/sentences/show/619725); CC BY 2.0 FR.",B2;production,de,ketenen / ketens,ketentje,,,,,,,,false
ketting,necklace,B2,noun,"People, objects and abstract concepts",Ze is op heterdaad betrapt op het stelen van een ketting.,She was caught red-handed trying to steal a necklace.,"Definition adapted from Wiktionary contributors, CC BY-SA 4.0: https://en.wiktionary.org/wiki/ketting#Dutch. Example: Dorenda (Dutch, https://tatoeba.org/en/sentences/show/394922) and CS (English, https://tatoeba.org/en/sentences/show/311911); CC BY 2.0 FR.",B2;production,de,kettingen,kettinkje,,,,,,,,false
kick,"kick, thrill",B2,noun,"People, objects and abstract concepts",Tom krijgt een kick van dit soort ding.,Tom gets a kick out of this kind of thing.,"Definition adapted from Wiktionary contributors, CC BY-SA 4.0: https://en.wiktionary.org/wiki/kick#Dutch. Example: megamanenm (Dutch, https://tatoeba.org/en/sentences/show/9131188) and CK (English, https://tatoeba.org/en/sentences/show/2640631); CC BY 2.0 FR.",B2;production,de,kicks,,,,,,,,,false
kiezer,voter,B2,noun,"People, objects and abstract concepts",De kiezers gingen massaal naar de stembureaus om hun stem uit te brengen.,The voters went massively to the polling stations to cast their vote.,"Definition adapted from Wiktionary contributors, CC BY-SA 4.0: https://en.wiktionary.org/wiki/kiezer#Dutch. Example from the same Wiktionary entry (CC BY-SA 4.0).",B2;production,de,kiezers,kiezertje,,,,,,,,false
kikker,"frog, relatively smooth amphibian of the order Anura",B2,noun,"People, objects and abstract concepts",Het sprookje vertelde over de kikker die een prins werd.,The fairy tale told of the frog who turned into a prince.,"Definition adapted from Wiktionary contributors, CC BY-SA 4.0: https://en.wiktionary.org/wiki/kikker#Dutch. Example: Nylez (Dutch, https://tatoeba.org/en/sentences/show/10079256) and megamanenm (English, https://tatoeba.org/en/sentences/show/12170587); CC BY 2.0 FR.",B2;production,de,kikkers,kikkertje,,,,,,,,false
kin,chin,B2,noun,"People, objects and abstract concepts",Weet je hoe Tom aan dat litteken op zijn kin komt?,Do you know how Tom got the scar on his chin?,"Definition adapted from Wiktionary contributors, CC BY-SA 4.0: https://en.wiktionary.org/wiki/kin#Dutch. Example: doemaar14 (Dutch, https://tatoeba.org/en/sentences/show/8462275) and CK (English, https://tatoeba.org/en/sentences/show/7587454); CC BY 2.0 FR.",B2;production,de,kinnen,kinnetje,,,,,,,,false
kist,"box, chest",B2,noun,"People, objects and abstract concepts",Er staat een kleine kist aan het voeteneind van het bed.,There is a small chest at the foot of the bed.,"Definition adapted from Wiktionary contributors, CC BY-SA 4.0: https://en.wiktionary.org/wiki/kist#Dutch. Example: megamanenm (Dutch, https://tatoeba.org/en/sentences/show/10792138) and megamanenm (English, https://tatoeba.org/en/sentences/show/10792137); CC BY 2.0 FR.",B2;production,de,kisten,kistje,,,,,,,,false
klank,sound,B2,noun,"People, objects and abstract concepts",Tom haat de klank van zijn eigen stem.,Tom hates the sound of his own voice.,"Definition adapted from Wiktionary contributors, CC BY-SA 4.0: https://en.wiktionary.org/wiki/klank#Dutch. Example: Raizin (Dutch, https://tatoeba.org/en/sentences/show/4538087) and Hybrid (English, https://tatoeba.org/en/sentences/show/4538081); CC BY 2.0 FR.",B2;production,de,klanken,klankje,,,,,,,,false
klap,"blow, hit, strike",B2,noun,"People, objects and abstract concepts",Hij kreeg de ene klap na de andere.,He was struck with blow after blow.,"Definition adapted from Wiktionary contributors, CC BY-SA 4.0: https://en.wiktionary.org/wiki/klap#Dutch. Example: megamanenm (Dutch, https://tatoeba.org/en/sentences/show/11516157) and megamanenm (English, https://tatoeba.org/en/sentences/show/11516156); CC BY 2.0 FR.",B2;production,de,klappen,klapje,,,,,,,,false
kledingstuk,"garment, a single item/article of clothing",B2,noun,"People, objects and abstract concepts",Ik heb dit kledingstuk zelf gemaakt.,I made this clothing myself.,"Definition adapted from Wiktionary contributors, CC BY-SA 4.0: https://en.wiktionary.org/wiki/kledingstuk#Dutch. Example: martinod (Dutch, https://tatoeba.org/en/sentences/show/695078) and Eldad (English, https://tatoeba.org/en/sentences/show/764082); CC BY 2.0 FR.",B2;production,het,kledingstukken,kledingstukje,,,,,,,,false
kleedkamer,"lockerroom, changeroom, changing room",B2,noun,"People, objects and abstract concepts",Waar is de kleedkamer?,Where's the changing room?,"Definition adapted from Wiktionary contributors, CC BY-SA 4.0: https://en.wiktionary.org/wiki/kleedkamer#Dutch. Example: PaulP (Dutch, https://tatoeba.org/en/sentences/show/7745661) and CK (English, https://tatoeba.org/en/sentences/show/7712698); CC BY 2.0 FR.",B2;production,de,kleedkamers,kleedkamertje,,,,,,,,false
klei,clay,B2,noun,"People, objects and abstract concepts",De warmte van de zon maakt de klei hard.,The heat of the sun hardens clay.,"No usual plural in this sense. Definition adapted from Wiktionary contributors, CC BY-SA 4.0: https://en.wiktionary.org/wiki/klei#Dutch. Example: PaulP (Dutch, https://tatoeba.org/en/sentences/show/7821943) and CK (English, https://tatoeba.org/en/sentences/show/275107); CC BY 2.0 FR.",B2;production,de,,,,,,,,,,false
kleindochter,granddaughter,B2,noun,"People, objects and abstract concepts",Tom en Maria kochten hun kleindochter een fiets voor Kerstmis.,Tom and Mary bought their granddaughter a bike for Christmas.,"Definition adapted from Wiktionary contributors, CC BY-SA 4.0: https://en.wiktionary.org/wiki/kleindochter#Dutch. Example: Micsmithel (Dutch, https://tatoeba.org/en/sentences/show/9521968) and danepo (English, https://tatoeba.org/en/sentences/show/5683428); CC BY 2.0 FR.",B2;production,de,kleindochters,kleindochtertje,,,,,,,,false
kleinzoon,grandson,B2,noun,"People, objects and abstract concepts",Ik was tachtig jaar oud toen mijn kleinzoon werd geboren.,I was eighty years old when my grandson was born.,"Definition adapted from Wiktionary contributors, CC BY-SA 4.0: https://en.wiktionary.org/wiki/kleinzoon#Dutch. Example: carlosalberto (Dutch, https://tatoeba.org/en/sentences/show/13727325) and carlosalberto (English, https://tatoeba.org/en/sentences/show/13727328); CC BY 2.0 FR.",B2;production,de,kleinzonen / kleinzoons,kleinzoontje,,,,,,,,false
kleren,clothes,B2,noun,"People, objects and abstract concepts",Antonio hing de kleren op om ze te laten drogen.,Antonio hung the clothes to let them dry.,"Plural-only noun. Definition adapted from Wiktionary contributors, CC BY-SA 4.0: https://en.wiktionary.org/wiki/kleren#Dutch. Example: megamanenm (Dutch, https://tatoeba.org/en/sentences/show/12355222) and Amastan (English, https://tatoeba.org/en/sentences/show/11775847); CC BY 2.0 FR.",B2;production,de,,kleertjes,,,,,,,,false
klok,clock,B2,noun,"People, objects and abstract concepts",De klok staat stil. Hij heeft een nieuwe batterij nodig.,The clock has stopped. It needs a new battery.,"Definition adapted from Wiktionary contributors, CC BY-SA 4.0: https://en.wiktionary.org/wiki/klok#Dutch. Example: Citrine (Dutch, https://tatoeba.org/en/sentences/show/1473257) and Eldad (English, https://tatoeba.org/en/sentences/show/1860160); CC BY 2.0 FR.",B2;production,de,klokken,klokje,,,,,,,,false
kloof,"gap, gorge, ravine",B2,noun,"People, objects and abstract concepts",Hoe minder respect des te groter de kloof die moeten worden overbrugd.,"The less respect there is, the wider the gap that needs to be bridged.","Definition adapted from Wiktionary contributors, CC BY-SA 4.0: https://en.wiktionary.org/wiki/kloof#Dutch. Example: mraz (Dutch, https://tatoeba.org/en/sentences/show/11110814) and carlosalberto (English, https://tatoeba.org/en/sentences/show/13998946); CC BY 2.0 FR.",B2;production,de,kloven,kloofje,,,,,,,,false
klooster,"cloister, monastery",B2,noun,"People, objects and abstract concepts",Nu en dan verlaten ze het klooster om door de stad te wandelen.,Sometimes they leave the monastery to stroll through the city.,"Definition adapted from Wiktionary contributors, CC BY-SA 4.0: https://en.wiktionary.org/wiki/klooster#Dutch. Example: PaulP (Dutch, https://tatoeba.org/en/sentences/show/6734100) and Micsmithel (English, https://tatoeba.org/en/sentences/show/6744599); CC BY 2.0 FR.",B2;production,het,kloosters,kloostertje,,,,,,,,false
klus,odd job,B2,noun,"People, objects and abstract concepts",Tom wist dat hij een klus te klaren had.,Tom knew that he had a job to do.,"Definition adapted from Wiktionary contributors, CC BY-SA 4.0: https://en.wiktionary.org/wiki/klus#Dutch. Example: megamanenm (Dutch, https://tatoeba.org/en/sentences/show/11548955) and CK (English, https://tatoeba.org/en/sentences/show/8182031); CC BY 2.0 FR.",B2;production,de,klussen,klusje,,,,,,,,false
knal,"bang, short loud sound, crash",B2,noun,"People, objects and abstract concepts",De tijdbom ontplofte met een harde knal.,The time-bomb exploded with a loud noise.,"Definition adapted from Wiktionary contributors, CC BY-SA 4.0: https://en.wiktionary.org/wiki/knal#Dutch. Example: megamanenm (Dutch, https://tatoeba.org/en/sentences/show/10783598) and blay_paul (English, https://tatoeba.org/en/sentences/show/635033); CC BY 2.0 FR.",B2;production,de,knallen,knalletje,,,,,,,,false
knoop,button,B2,noun,"People, objects and abstract concepts",Tom heeft de knoop weer aan zijn overhemd genaaid.,Tom sewed the button back on his shirt.,"Definition adapted from Wiktionary contributors, CC BY-SA 4.0: https://en.wiktionary.org/wiki/knoop#Dutch. Example: Elsofie (Dutch, https://tatoeba.org/en/sentences/show/8427983) and CK (English, https://tatoeba.org/en/sentences/show/3409311); CC BY 2.0 FR.",B2;production,de,knopen,knoopje,,,,,,,,false
knop,"button, control device to push etc.; metonymy: control, power to stop",B2,noun,"People, objects and abstract concepts",Tom drukte op een knop op de afstandsbediening.,Tom pressed a button on the remote control.,"Definition adapted from Wiktionary contributors, CC BY-SA 4.0: https://en.wiktionary.org/wiki/knop#Dutch. Example: MarijnKp (Dutch, https://tatoeba.org/en/sentences/show/7323377) and CK (English, https://tatoeba.org/en/sentences/show/3066985); CC BY 2.0 FR.",B2;production,de,knoppen,knopje,,,,,,,,false
knuffel,"hug, cuddle",B2,noun,"People, objects and abstract concepts",Ik kan Tom geen knuffel geven als hij geen knuffel wil.,I can't hug Tom if he doesn't want to be hugged.,"Definition adapted from Wiktionary contributors, CC BY-SA 4.0: https://en.wiktionary.org/wiki/knuffel#Dutch. Example: Raizin (Dutch, https://tatoeba.org/en/sentences/show/4868518) and CK (English, https://tatoeba.org/en/sentences/show/2032004); CC BY 2.0 FR.",B2;production,de,knuffels,knuffeltje,,,,,,,,false
kogel,"projectile: bullet, shot",B2,noun,"People, objects and abstract concepts",Bent u ooit gewond geweest door een kogel?,Have you ever been wounded by a bullet?,"Definition adapted from Wiktionary contributors, CC BY-SA 4.0: https://en.wiktionary.org/wiki/kogel#Dutch. Example: Micsmithel (Dutch, https://tatoeba.org/en/sentences/show/9869729) and NurseMeeks (English, https://tatoeba.org/en/sentences/show/9851469); CC BY 2.0 FR.",B2;production,de,kogels,kogeltje,,,,,,,,false
koningin,queen; female monarchic ruler of a kingdom,B2,noun,"People, objects and abstract concepts",Ik ben jouw koning en jij bent mijn koningin.,I'm your king and you're my queen.,"Definition adapted from Wiktionary contributors, CC BY-SA 4.0: https://en.wiktionary.org/wiki/koningin#Dutch. Example: carlosalberto (Dutch, https://tatoeba.org/en/sentences/show/11528891) and carlosalberto (English, https://tatoeba.org/en/sentences/show/11528836); CC BY 2.0 FR.",B2;production,de,koninginnen,koninginnetje,,,,,,,,false
koninkrijk,kingdom,B2,noun,"People, objects and abstract concepts",Laat ik de grenzen van mijn koninkrijk uitbreiden.,Let me expand the borders of my kingdom.,"Definition adapted from Wiktionary contributors, CC BY-SA 4.0: https://en.wiktionary.org/wiki/koninkrijk#Dutch. Example: Nylez (Dutch, https://tatoeba.org/en/sentences/show/9663402) and SunnyMoon (English, https://tatoeba.org/en/sentences/show/11163010); CC BY 2.0 FR.",B2;production,het,koninkrijken,koninkrijkje,,,,,,,,false
kooi,cage,B2,noun,"People, objects and abstract concepts",Sami's papegaai was geneigd uit zijn kooi te komen.,Sami's parrot would get out of its cage.,"Definition adapted from Wiktionary contributors, CC BY-SA 4.0: https://en.wiktionary.org/wiki/kooi#Dutch. Example: megamanenm (Dutch, https://tatoeba.org/en/sentences/show/12343309) and OsoHombre (English, https://tatoeba.org/en/sentences/show/7279213); CC BY 2.0 FR.",B2;production,de,kooien,kooitje,,,,,,,,false
koor,"choir, vocal ensemble",B2,noun,"People, objects and abstract concepts",Het koor zong een a capella-versie van het lied.,The choir sung an a capella version of the song.,"Definition adapted from Wiktionary contributors, CC BY-SA 4.0: https://en.wiktionary.org/wiki/koor#Dutch. Example: MarijnKp (Dutch, https://tatoeba.org/en/sentences/show/8672069) and swolesuki (English, https://tatoeba.org/en/sentences/show/6907632); CC BY 2.0 FR.",B2;production,het,koren,koortje,,,,,,,,false
koper,buyer,B2,noun,"People, objects and abstract concepts",Ik zal dat verkopen zodra ik een koper vind.,I will sell it as soon as I find a buyer.,"Definition adapted from Wiktionary contributors, CC BY-SA 4.0: https://en.wiktionary.org/wiki/koper#Dutch. Example: vvv123 (Dutch, https://tatoeba.org/en/sentences/show/3675066) and catcher (English, https://tatoeba.org/en/sentences/show/3606977); CC BY 2.0 FR.",B2;production,de,kopers,kopertje,,,,,,,,false
kopie,copy,B2,noun,"People, objects and abstract concepts",De imam gaf Sami gratis een kopie van de Koran.,The imam gave Sami a copy of the Quran for free.,"Definition adapted from Wiktionary contributors, CC BY-SA 4.0: https://en.wiktionary.org/wiki/kopie#Dutch. Example: MarijnKp (Dutch, https://tatoeba.org/en/sentences/show/7318341) and OsoHombre (English, https://tatoeba.org/en/sentences/show/6445501); CC BY 2.0 FR.",B2;production,de,kopieën,kopietje,,,,,,,,false
koppel,couple,B2,noun,"People, objects and abstract concepts",De man en de vrouw zijn een koppel.,The man and the woman are a couple.,"Definition adapted from Wiktionary contributors, CC BY-SA 4.0: https://en.wiktionary.org/wiki/koppel#Dutch. Example: carlosalberto (Dutch, https://tatoeba.org/en/sentences/show/12015323) and carlosalberto (English, https://tatoeba.org/en/sentences/show/12015303); CC BY 2.0 FR.",B2;production,het,koppels,koppeltje,,,,,,,,false
kostuum,"costume, especially:; a suit",B2,noun,"People, objects and abstract concepts",Je moet toegeven dat hij er chic uitziet in dat kostuum.,You gotta agree that he looks stylish in that costume.,"Definition adapted from Wiktionary contributors, CC BY-SA 4.0: https://en.wiktionary.org/wiki/kostuum#Dutch. Example: megamanenm (Dutch, https://tatoeba.org/en/sentences/show/11540796) and honestlang (English, https://tatoeba.org/en/sentences/show/5119724); CC BY 2.0 FR.",B2;production,het,kostuums,kostuumpje,,,,,,,,false
kring,circle; round figure,B2,noun,"People, objects and abstract concepts",Alle kinderen zaten in een kring op de vloer.,All the children were sitting in a circle on the floor.,"Definition adapted from Wiktionary contributors, CC BY-SA 4.0: https://en.wiktionary.org/wiki/kring#Dutch. Example: Raizin (Dutch, https://tatoeba.org/en/sentences/show/4521727) and CK (English, https://tatoeba.org/en/sentences/show/3223197); CC BY 2.0 FR.",B2;production,de,kringen,kringetje,,,,,,,,false
kroeg,pub,B2,noun,"People, objects and abstract concepts","Wat was er het eerst, het bier of de kroeg?","Which came first, beer or the pub?","Definition adapted from Wiktionary contributors, CC BY-SA 4.0: https://en.wiktionary.org/wiki/kroeg#Dutch. Example: marcelostockle (Dutch, https://tatoeba.org/en/sentences/show/2285888) and sundown (English, https://tatoeba.org/en/sentences/show/10068472); CC BY 2.0 FR.",B2;production,de,kroegen,kroegje,,,,,,,,false
kruising,"hybrid, cross",B2,noun,"People, objects and abstract concepts",Bij kiwi's kennen we een kruising tussen banaan en aardbei.,"With kiwis, we know a cross between banana and strawberry.","Definition adapted from Wiktionary contributors, CC BY-SA 4.0: https://en.wiktionary.org/wiki/kruising#Dutch. Example: Mandalay (Dutch, https://tatoeba.org/en/sentences/show/6129756) and SunnyMoon (English, https://tatoeba.org/en/sentences/show/11177940); CC BY 2.0 FR.",B2;production,de,kruisingen,kruisinkje,,,,,,,,false
kudde,"herd; collective noun for cows,, horses, elephants or camels",B2,noun,"People, objects and abstract concepts",Tom zag in de verte een kudde springbokken.,Tom saw a herd of springbok in the distance.,"Definition adapted from Wiktionary contributors, CC BY-SA 4.0: https://en.wiktionary.org/wiki/kudde#Dutch. Example: PaulP (Dutch, https://tatoeba.org/en/sentences/show/8137338) and Hybrid (English, https://tatoeba.org/en/sentences/show/8137225); CC BY 2.0 FR.",B2;production,de,kuddes / kudden,kuddetje,,,,,,,,false
kus,kiss; kiss of peace,B2,noun,"People, objects and abstract concepts",Tom boog voorover om Maria een kus te geven.,Tom leaned over to give Mary a kiss.,"Definition adapted from Wiktionary contributors, CC BY-SA 4.0: https://en.wiktionary.org/wiki/kus#Dutch. Example: Micsmithel (Dutch, https://tatoeba.org/en/sentences/show/6940205) and Hybrid (English, https://tatoeba.org/en/sentences/show/6929264); CC BY 2.0 FR.",B2;production,de,kussen,kusje,,,,,,,,false
kwart,"quarter, one of four parts",B2,noun,"People, objects and abstract concepts",Hij heeft een kwart van de taart opgegeten.,He ate a quarter of the cake.,"Definition adapted from Wiktionary contributors, CC BY-SA 4.0: https://en.wiktionary.org/wiki/kwart#Dutch. Example: doemaar14 (Dutch, https://tatoeba.org/en/sentences/show/8437573) and space_badger (English, https://tatoeba.org/en/sentences/show/4404005); CC BY 2.0 FR.",B2;production,het,kwarten,kwartje,,,,,,,,false
kwetsbaarheid,vulnerability,B2,noun,"People, objects and abstract concepts","Ondanks haar harde uiterlijk, had ze een zekere kwetsbaarheid die haar heel vertederend maakte.","Despite her hard exterior, she had a certain vulnerability that made her quite endearing.","Definition adapted from Wiktionary contributors, CC BY-SA 4.0: https://en.wiktionary.org/wiki/kwetsbaarheid#Dutch. Example: Micsmithel (Dutch, https://tatoeba.org/en/sentences/show/10118902) and darinmex (English, https://tatoeba.org/en/sentences/show/593743); CC BY 2.0 FR.",B2;production,de,kwetsbaarheden,,,,,,,,,false
laan,"lane, avenue",B2,noun,"People, objects and abstract concepts",Vanaf onze laan tot aan de markt is een lange afstand.,From our lane to the market is a long distance.,"Definition adapted from Wiktionary contributors, CC BY-SA 4.0: https://en.wiktionary.org/wiki/laan#Dutch. Example: GrizaLeono (Dutch, https://tatoeba.org/en/sentences/show/607621) and SunnyMoon (English, https://tatoeba.org/en/sentences/show/11194683); CC BY 2.0 FR.",B2;production,de,lanen,laantje,,,,,,,,false
lach,laugh,B2,noun,"People, objects and abstract concepts",De eerste lach van het jaar is bepaald.,The first laugh of the year is decided.,"No usual plural in this sense. Definition adapted from Wiktionary contributors, CC BY-SA 4.0: https://en.wiktionary.org/wiki/lach#Dutch. Example: Slam4 (Dutch, https://tatoeba.org/en/sentences/show/11907652) and terrywallwork (English, https://tatoeba.org/en/sentences/show/10236752); CC BY 2.0 FR.",B2;production,de,,lachje,,,,,,,,false
lading,cargo,B2,noun,"People, objects and abstract concepts",De lading werd tegengehouden bij de douane.,The cargo was stopped at customs.,"Definition adapted from Wiktionary contributors, CC BY-SA 4.0: https://en.wiktionary.org/wiki/lading#Dutch. Example: MarijnKp (Dutch, https://tatoeba.org/en/sentences/show/10038333) and adiante19 (English, https://tatoeba.org/en/sentences/show/7973440); CC BY 2.0 FR.",B2;production,de,ladingen,ladinkje,,,,,,,,false
lam,"lamb, the young of a sheep",B2,noun,"People, objects and abstract concepts",De wolf en het lam gingen naar dezelfde beek.,The wolf and the lamb go to the same creek.,"Definition adapted from Wiktionary contributors, CC BY-SA 4.0: https://en.wiktionary.org/wiki/lam#Dutch. Example: martinod (Dutch, https://tatoeba.org/en/sentences/show/4431026) and Miktsoanit (English, https://tatoeba.org/en/sentences/show/12302014); CC BY 2.0 FR.",B2;production,het,lammeren,lammetje,,,,,,,,false
lancering,launch,B2,noun,"People, objects and abstract concepts",Wanneer vond de lancering van de eerste satelliet plaats?,When did the launch of the first satellite take place?,"Definition adapted from Wiktionary contributors, CC BY-SA 4.0: https://en.wiktionary.org/wiki/lancering#Dutch. Example: carlosalberto (Dutch, https://tatoeba.org/en/sentences/show/12124626) and carlosalberto (English, https://tatoeba.org/en/sentences/show/12124584); CC BY 2.0 FR.",B2;production,de,lanceringen,lancerinkje,,,,,,,,false
landgoed,"estate, manor",B2,noun,"People, objects and abstract concepts",Hij moest het landgoed verkopen wegens schulden.,He had to sell the estate because of debt.,"Definition adapted from Wiktionary contributors, CC BY-SA 4.0: https://en.wiktionary.org/wiki/landgoed#Dutch. Example: martinod (Dutch, https://tatoeba.org/en/sentences/show/2149506) and Miktsoanit (English, https://tatoeba.org/en/sentences/show/12273857); CC BY 2.0 FR.",B2;production,het,landgoederen,landgoedje,,,,,,,,false
landing,"landing, touchdown of an airplane or any other airborne object",B2,noun,"People, objects and abstract concepts",Het vliegtuig heeft een perfecte landing gemaakt.,The plane made a perfect landing.,"Definition adapted from Wiktionary contributors, CC BY-SA 4.0: https://en.wiktionary.org/wiki/landing#Dutch. Example: martinod (Dutch, https://tatoeba.org/en/sentences/show/702027) and CK (English, https://tatoeba.org/en/sentences/show/44355); CC BY 2.0 FR.",B2;production,de,landingen,landinkje,,,,,,,,false
laser,laser,B2,noun,"People, objects and abstract concepts",De wetenschappers hebben een laser gebruikt.,The scientists used a laser.,"Definition adapted from Wiktionary contributors, CC BY-SA 4.0: https://en.wiktionary.org/wiki/laser#Dutch. Example: megamanenm (Dutch, https://tatoeba.org/en/sentences/show/11522296) and Hybrid (English, https://tatoeba.org/en/sentences/show/8409964); CC BY 2.0 FR.",B2;production,de,lasers,lasertje,,,,,,,,false
last,burden,B2,noun,"People, objects and abstract concepts","Ik vraag niet om een lichtere last, maar om bredere schouders.","I ask not for a lighter burden, but for broader shoulders.","Definition adapted from Wiktionary contributors, CC BY-SA 4.0: https://en.wiktionary.org/wiki/last#Dutch. Example: Nylez (Dutch, https://tatoeba.org/en/sentences/show/9623435) and darinmex (English, https://tatoeba.org/en/sentences/show/549162); CC BY 2.0 FR.",B2;production,de,lasten,lastje,,,,,,,,false
lawaai,"racket, noise",B2,noun,"People, objects and abstract concepts",Hij kon niet meer tegen het lawaai van de buren.,He couldn't stand the noise from next door anymore.,"No usual plural in this sense. Definition adapted from Wiktionary contributors, CC BY-SA 4.0: https://en.wiktionary.org/wiki/lawaai#Dutch. Example: megamanenm (Dutch, https://tatoeba.org/en/sentences/show/10817971) and megamanenm (English, https://tatoeba.org/en/sentences/show/10817969); CC BY 2.0 FR.",B2;production,het,,,,,,,,,,false
leerkracht,"teacher, educator",B2,noun,"People, objects and abstract concepts",Ik heb gisteravond toevallig mijn leerkracht ontmoet in een restaurant.,I met my teacher by chance at a restaurant last night.,"Definition adapted from Wiktionary contributors, CC BY-SA 4.0: https://en.wiktionary.org/wiki/leerkracht#Dutch. Example: martinod (Dutch, https://tatoeba.org/en/sentences/show/4524566) and Swift (English, https://tatoeba.org/en/sentences/show/833566); CC BY 2.0 FR.",B2;production,de,leerkrachten,leerkrachtje,,,,,,,,false
leeuw,lion,B2,noun,"People, objects and abstract concepts",Tom kent het verschil niet tussen een tijger en een leeuw.,Tom does not know the difference between a tiger and a lion.,"Definition adapted from Wiktionary contributors, CC BY-SA 4.0: https://en.wiktionary.org/wiki/leeuw#Dutch. Example: Micsmithel (Dutch, https://tatoeba.org/en/sentences/show/6792774) and SunnyMoon (English, https://tatoeba.org/en/sentences/show/11163032); CC BY 2.0 FR.",B2;production,de,leeuwen,leeuwtje,,,,,,,,false
lef,"courage, bravery, daring",B2,noun,"People, objects and abstract concepts",Tom had het lef niet om zijn fout toe te geven.,Tom didn't have the courage to admit his mistake.,"No usual plural in this sense. Definition adapted from Wiktionary contributors, CC BY-SA 4.0: https://en.wiktionary.org/wiki/lef#Dutch. Example: lonepawn (Dutch, https://tatoeba.org/en/sentences/show/4570193) and CK (English, https://tatoeba.org/en/sentences/show/1026393); CC BY 2.0 FR.",B2;production,het,,,,,,,,,,false
legende,legend,B2,noun,"People, objects and abstract concepts",De legende van een kaart toont wat elk symbool betekent.,The map's legend shows what each symbol stands for.,"Definition adapted from Wiktionary contributors, CC BY-SA 4.0: https://en.wiktionary.org/wiki/legende#Dutch. Example: Bart_Demeyere (Dutch, https://tatoeba.org/en/sentences/show/4862327) and Bart_Demeyere (English, https://tatoeba.org/en/sentences/show/4862303); CC BY 2.0 FR.",B2;production,de,legenden / legendes,legendetje,,,,,,,,false
leger,"army, armed forces",B2,noun,"People, objects and abstract concepts",Heb je over de nieuwe tankontwerpen van het leger gehoord?,Did you hear about the new tank designs being developed by the army?,"Definition adapted from Wiktionary contributors, CC BY-SA 4.0: https://en.wiktionary.org/wiki/leger#Dutch. Example: megamanenm (Dutch, https://tatoeba.org/en/sentences/show/11508769) and megamanenm (English, https://tatoeba.org/en/sentences/show/11508766); CC BY 2.0 FR.",B2;production,het,legers,legertje,,,,,,,,false
leiderschap,leadership,B2,noun,"People, objects and abstract concepts",In tijden van verandering is goed leiderschap essentieel voor een organisatie.,"In times of change, good leadership is essential for an organization.","Definition adapted from Wiktionary contributors, CC BY-SA 4.0: https://en.wiktionary.org/wiki/leiderschap#Dutch. Example from the same Wiktionary entry (CC BY-SA 4.0).",B2;production,het,leiderschappen,,,,,,,,,false
lek,leak,B2,noun,"People, objects and abstract concepts",Mijn luchtmatras heeft een lek.,My air mattress has a leak.,"Definition adapted from Wiktionary contributors, CC BY-SA 4.0: https://en.wiktionary.org/wiki/lek#Dutch. Example: megamanenm (Dutch, https://tatoeba.org/en/sentences/show/12343724) and CK (English, https://tatoeba.org/en/sentences/show/11058679); CC BY 2.0 FR.",B2;production,het,lekken,lekje,,,,,,,,false
lengte,length,B2,noun,"People, objects and abstract concepts",Het kwadraat van de lengte van de schuine zijde is zestien.,The square of the length of the hypotenuse is sixteen.,"Definition adapted from Wiktionary contributors, CC BY-SA 4.0: https://en.wiktionary.org/wiki/lengte#Dutch. Example: Tom9358 (Dutch, https://tatoeba.org/en/sentences/show/13694579) and Tom9358 (English, https://tatoeba.org/en/sentences/show/13694580); CC BY 2.0 FR.",B2;production,de,lengten / lengtes,lengtetje,,,,,,,,false
lening,"loan, credit",B2,noun,"People, objects and abstract concepts",Mijn vader gaf me een kleine lening van drie miljoen dollar.,My father gave me a small loan of three million dollars.,"Definition adapted from Wiktionary contributors, CC BY-SA 4.0: https://en.wiktionary.org/wiki/lening#Dutch. Example: MarijnKp (Dutch, https://tatoeba.org/en/sentences/show/9367418) and DJ_Saidez (English, https://tatoeba.org/en/sentences/show/9367159); CC BY 2.0 FR.",B2;production,de,leningen,leninkje,,,,,,,,false
leugen,lie,B2,noun,"People, objects and abstract concepts",Ik wou dat alles wat Tom zei een leugen was.,I wish everything Tom said was a lie.,"Definition adapted from Wiktionary contributors, CC BY-SA 4.0: https://en.wiktionary.org/wiki/leugen#Dutch. Example: Ag12x (Dutch, https://tatoeba.org/en/sentences/show/6083762) and CK (English, https://tatoeba.org/en/sentences/show/3739822); CC BY 2.0 FR.",B2;production,de,leugens,leugentje,,,,,,,,false
leugenaar,liar,B2,noun,"People, objects and abstract concepts",Het spijt me dat ik je een leugenaar heb genoemd.,I'm sorry that I called you a liar.,"Definition adapted from Wiktionary contributors, CC BY-SA 4.0: https://en.wiktionary.org/wiki/leugenaar#Dutch. Example: Elsofie (Dutch, https://tatoeba.org/en/sentences/show/8446144) and CK (English, https://tatoeba.org/en/sentences/show/7185956); CC BY 2.0 FR.",B2;production,de,leugenaars,leugenaartje,,,,,,,,false
levensstijl,lifestyle,B2,noun,"People, objects and abstract concepts",Sami keurde deze levensstijl af.,Sami rejected this lifestyle.,"Definition adapted from Wiktionary contributors, CC BY-SA 4.0: https://en.wiktionary.org/wiki/levensstijl#Dutch. Example: megamanenm (Dutch, https://tatoeba.org/en/sentences/show/12332974) and OsoHombre (English, https://tatoeba.org/en/sentences/show/7252455); CC BY 2.0 FR.",B2;production,de,levensstijlen,,,,,,,,,false
licentie,license,B2,noun,"People, objects and abstract concepts",Raak ik mijn licentie kwijt?,Am I going to lose my license?,"Definition adapted from Wiktionary contributors, CC BY-SA 4.0: https://en.wiktionary.org/wiki/licentie#Dutch. Example: doemaar14 (Dutch, https://tatoeba.org/en/sentences/show/8449552) and CK (English, https://tatoeba.org/en/sentences/show/3442243); CC BY 2.0 FR.",B2;production,de,licenties,,,,,,,,,false
liefhebber,"fan, enthusiast",B2,noun,"People, objects and abstract concepts","Zoals u misschien weet, ben ik een grote liefhebber van oude boeken.","As you may know, I am a great enthusiast of old books.","Definition adapted from Wiktionary contributors, CC BY-SA 4.0: https://en.wiktionary.org/wiki/liefhebber#Dutch. Example: Akradna (Dutch, https://tatoeba.org/en/sentences/show/1621327) and Tom9358 (English, https://tatoeba.org/en/sentences/show/13707095); CC BY 2.0 FR.",B2;production,de,liefhebbers,liefhebbertje,,,,,,,,false
limiet,limit,B2,noun,"People, objects and abstract concepts",Dit weegt meer dan de limiet.,This weighs more than the limit.,"Definition adapted from Wiktionary contributors, CC BY-SA 4.0: https://en.wiktionary.org/wiki/limiet#Dutch. Example: Elsofie (Dutch, https://tatoeba.org/en/sentences/show/8368548) and CM (English, https://tatoeba.org/en/sentences/show/55577); CC BY 2.0 FR.",B2;production,de,limieten,limietje,,,,,,,,false
lint,"ribbon, a cloth band or non-textile tape",B2,noun,"People, objects and abstract concepts",Tom knipte het felrode lint door met een gigantische schaar.,Tom cut the bright red ribbon with a pair of giant scissors.,"Definition adapted from Wiktionary contributors, CC BY-SA 4.0: https://en.wiktionary.org/wiki/lint#Dutch. Example: MarijnKp (Dutch, https://tatoeba.org/en/sentences/show/8803470) and Hybrid (English, https://tatoeba.org/en/sentences/show/8769927); CC BY 2.0 FR.",B2;production,het,linten,lintje,,,,,,,,false
lip,lip,B2,noun,"People, objects and abstract concepts",Heb je wat lipbalsem? Mijn lippen zijn droog.,Do you have some lip balm? My lips are dry.,"Definition adapted from Wiktionary contributors, CC BY-SA 4.0: https://en.wiktionary.org/wiki/lip#Dutch. Example: MarijnKp (Dutch, https://tatoeba.org/en/sentences/show/7328149) and Hybrid (English, https://tatoeba.org/en/sentences/show/2460815); CC BY 2.0 FR.",B2;production,de,lippen,lipje,,,,,,,,false
liter,litre,B2,noun,"People, objects and abstract concepts",Ik heb een liter koffie gedronken.,I've drunk a litre of coffee.,"Definition adapted from Wiktionary contributors, CC BY-SA 4.0: https://en.wiktionary.org/wiki/liter#Dutch. Example: megamanenm (Dutch, https://tatoeba.org/en/sentences/show/1098530) and sundown (English, https://tatoeba.org/en/sentences/show/11935550); CC BY 2.0 FR.",B2;production,de,liters,litertje,,,,,,,,false
lobby,lobby,B2,noun,"People, objects and abstract concepts",Laten we in de lobby afspreken.,Let's meet in the lobby.,"Definition adapted from Wiktionary contributors, CC BY-SA 4.0: https://en.wiktionary.org/wiki/lobby#Dutch. Example: megamanenm (Dutch, https://tatoeba.org/en/sentences/show/12345858) and CK (English, https://tatoeba.org/en/sentences/show/9435724); CC BY 2.0 FR.",B2;production,de,lobby's,lobby'tje,,,,,,,,false
lof,praise,B2,noun,"People, objects and abstract concepts",Het is gewoon niet eerlijk. Hij krijgt alle lof terwijl ik al het harde werk heb verricht.,It's just not fair. He's getting all the praise when I've been doing all the hard work.,"No usual plural in this sense. Definition adapted from Wiktionary contributors, CC BY-SA 4.0: https://en.wiktionary.org/wiki/lof#Dutch. Example: doemaar14 (Dutch, https://tatoeba.org/en/sentences/show/13601613) and doemaar14 (English, https://tatoeba.org/en/sentences/show/13601466); CC BY 2.0 FR.",B2;production,de,,,,,,,,,,false
logica,logic,B2,noun,"People, objects and abstract concepts",Zijn logica is op geen enkele wijze te verdedigen.,His logic cannot be defended in any way.,"No usual plural in this sense. Definition adapted from Wiktionary contributors, CC BY-SA 4.0: https://en.wiktionary.org/wiki/logica#Dutch. Example: Raizin (Dutch, https://tatoeba.org/en/sentences/show/8110830) and AlanF_US (English, https://tatoeba.org/en/sentences/show/2410765); CC BY 2.0 FR.",B2;production,de,,,,,,,,,,false
longontsteking,pneumonia,B2,noun,"People, objects and abstract concepts",Mijn vrouw lijdt aan een longontsteking.,My wife is suffering from pneumonia.,"Definition adapted from Wiktionary contributors, CC BY-SA 4.0: https://en.wiktionary.org/wiki/longontsteking#Dutch. Example: Citrine (Dutch, https://tatoeba.org/en/sentences/show/666009) and CK (English, https://tatoeba.org/en/sentences/show/244142); CC BY 2.0 FR.",B2;production,de,longontstekingen,longontstekingetje,,,,,,,,false
loodgieter,plumber,B2,noun,"People, objects and abstract concepts",De loodgieter keek er tamelijk hopeloos in.,The plumber looked with some desperation into it.,"Definition adapted from Wiktionary contributors, CC BY-SA 4.0: https://en.wiktionary.org/wiki/loodgieter#Dutch. Example: PaulP (Dutch, https://tatoeba.org/en/sentences/show/5724096) and Micsmithel (English, https://tatoeba.org/en/sentences/show/6793103); CC BY 2.0 FR.",B2;production,de,loodgieters,loodgietertje,,,,,,,,false
look,"look, style, appearance",B2,noun,"People, objects and abstract concepts",Ik kan haar look niet vergeten.,I can't forget her look.,"Definition adapted from Wiktionary contributors, CC BY-SA 4.0: https://en.wiktionary.org/wiki/look#Dutch. Example: megamanenm (Dutch, https://tatoeba.org/en/sentences/show/9178411) and Amastan (English, https://tatoeba.org/en/sentences/show/3040297); CC BY 2.0 FR.",B2;production,de,looks,,,,,,,,,false
loop,"course, duration",B2,noun,"People, objects and abstract concepts",In de loop van dat jaar bleven er reizigers toestromen.,Travellers continued to trickle in over the course of that year.,"Definition adapted from Wiktionary contributors, CC BY-SA 4.0: https://en.wiktionary.org/wiki/loop#Dutch. Example: megamanenm (Dutch, https://tatoeba.org/en/sentences/show/10893250) and megamanenm (English, https://tatoeba.org/en/sentences/show/10893249); CC BY 2.0 FR.",B2;production,de,lopen,loopje,,,,,,,,false
loopbaan,career,B2,noun,"People, objects and abstract concepts",Haar loopbaan was rijk en opwindend.,Her career was rich and exciting.,"Definition adapted from Wiktionary contributors, CC BY-SA 4.0: https://en.wiktionary.org/wiki/loopbaan#Dutch. Example: MarijnKp (Dutch, https://tatoeba.org/en/sentences/show/12947205) and frecklejuice7 (English, https://tatoeba.org/en/sentences/show/2119637); CC BY 2.0 FR.",B2;production,de,loopbanen,loopbaantje,,,,,,,,false
lot,lottery ticket,B2,noun,"People, objects and abstract concepts",Hij heeft een lot gekocht en vijf miljoen dollar gewonnen.,He bought a lottery ticket and won five million dollars.,"Definition adapted from Wiktionary contributors, CC BY-SA 4.0: https://en.wiktionary.org/wiki/lot#Dutch. Example: megamanenm (Dutch, https://tatoeba.org/en/sentences/show/11028602) and megamanenm (English, https://tatoeba.org/en/sentences/show/11028593); CC BY 2.0 FR.",B2;production,het,loten,lootje,,,,,,,,false
loterij,lottery,B2,noun,"People, objects and abstract concepts","Als ik de loterij win, neem ik ontslag.","If I win the lottery, I'll quit my job.","Definition adapted from Wiktionary contributors, CC BY-SA 4.0: https://en.wiktionary.org/wiki/loterij#Dutch. Example: doemaar14 (Dutch, https://tatoeba.org/en/sentences/show/12301069) and CK (English, https://tatoeba.org/en/sentences/show/9685009); CC BY 2.0 FR.",B2;production,de,loterijen,loterijtje,,,,,,,,false
loting,lottery,B2,noun,"People, objects and abstract concepts",De loting van de nummers gebeurde live op televisie.,The drawing of the numbers took place live on television.,"Definition adapted from Wiktionary contributors, CC BY-SA 4.0: https://en.wiktionary.org/wiki/loting#Dutch. Example from the same Wiktionary entry (CC BY-SA 4.0).",B2;production,de,lotingen,lotinkje,,,,,,,,false
luchtvaart,aviation,B2,noun,"People, objects and abstract concepts",Volgens alle bekende wetten van de luchtvaart is er geen manier waarmee een bij vliegen mag.,"According to all known laws of aviation, there is no way that a bee should be able to fly.","No usual plural in this sense. Definition adapted from Wiktionary contributors, CC BY-SA 4.0: https://en.wiktionary.org/wiki/luchtvaart#Dutch. Example: SunnyMoon (Dutch, https://tatoeba.org/en/sentences/show/11297362) and SunnyMoon (English, https://tatoeba.org/en/sentences/show/11297352); CC BY 2.0 FR.",B2;production,de,,,,,,,,,,false
luik,hatch,B2,noun,"People, objects and abstract concepts",Het luik bleef open.,The hatch remained open.,"Definition adapted from Wiktionary contributors, CC BY-SA 4.0: https://en.wiktionary.org/wiki/luik#Dutch. Example: PaulP (Dutch, https://tatoeba.org/en/sentences/show/12600675) and Tom9358 (English, https://tatoeba.org/en/sentences/show/13064993); CC BY 2.0 FR.",B2;production,het,luiken,luikje,,,,,,,,false
magie,"magic, sorcery; hence supernatural occurrences or phenonomena",B2,noun,"People, objects and abstract concepts","Toen ik haar echt leerde kennen, verdween de magie.","When I really got to know her, the magic dissipated.","No usual plural in this sense. Definition adapted from Wiktionary contributors, CC BY-SA 4.0: https://en.wiktionary.org/wiki/magie#Dutch. Example: doemaar14 (Dutch, https://tatoeba.org/en/sentences/show/13652815) and rul (English, https://tatoeba.org/en/sentences/show/13650978); CC BY 2.0 FR.",B2;production,de,,,,,,,,,,false
mantel,"cape, cloak, mantle",B2,noun,"People, objects and abstract concepts",Wetenschappers geloven dat Ceres een rotsachtige kern heeft en een mantel van ijs.,Scientists believe that Ceres has a rocky core and an icy mantle.,"Definition adapted from Wiktionary contributors, CC BY-SA 4.0: https://en.wiktionary.org/wiki/mantel#Dutch. Example: Nylez (Dutch, https://tatoeba.org/en/sentences/show/10071630) and Hybrid (English, https://tatoeba.org/en/sentences/show/3957484); CC BY 2.0 FR.",B2;production,de,mantels,manteltje,,,,,,,,false
marathon,marathon,B2,noun,"People, objects and abstract concepts",Tom liep de marathon in minder dan vijf uur.,Tom ran the marathon in under five hours.,"Definition adapted from Wiktionary contributors, CC BY-SA 4.0: https://en.wiktionary.org/wiki/marathon#Dutch. Example: Citrine (Dutch, https://tatoeba.org/en/sentences/show/1478069) and Spamster (English, https://tatoeba.org/en/sentences/show/1476574); CC BY 2.0 FR.",B2;production,de,marathons,marathonnetje,,,,,,,,false
marteling,torture,B2,noun,"People, objects and abstract concepts",Homogenezing is een marteling.,Conversion therapy is torture.,"Definition adapted from Wiktionary contributors, CC BY-SA 4.0: https://en.wiktionary.org/wiki/marteling#Dutch. Example: rul (Dutch, https://tatoeba.org/en/sentences/show/13835335) and shekitten (English, https://tatoeba.org/en/sentences/show/11470705); CC BY 2.0 FR.",B2;production,de,martelingen,martelinkje,,,,,,,,false
masker,mask,B2,noun,"People, objects and abstract concepts","Hij droeg een masker, opdat niemand hem zou herkennen.",He wore a mask so that no one would recognise him.,"Definition adapted from Wiktionary contributors, CC BY-SA 4.0: https://en.wiktionary.org/wiki/masker#Dutch. Example: martinod (Dutch, https://tatoeba.org/en/sentences/show/13367442) and sundown (English, https://tatoeba.org/en/sentences/show/11090624); CC BY 2.0 FR.",B2;production,het,maskers,maskertje,,,,,,,,false
massa,mass,B2,noun,"People, objects and abstract concepts",Een wolk is een massa damp.,A cloud is a mass of vapor.,"Definition adapted from Wiktionary contributors, CC BY-SA 4.0: https://en.wiktionary.org/wiki/massa#Dutch. Example: martinod (Dutch, https://tatoeba.org/en/sentences/show/1335238) and AlanF_US (English, https://tatoeba.org/en/sentences/show/429824); CC BY 2.0 FR.",B2;production,de,massa's,massaatje,,,,,,,,false
massage,physical massage,B2,noun,"People, objects and abstract concepts",Wat zou je zeggen van een goede massage?,How about a good massage?,"Definition adapted from Wiktionary contributors, CC BY-SA 4.0: https://en.wiktionary.org/wiki/massage#Dutch. Example: sdfke1 (Dutch, https://tatoeba.org/en/sentences/show/5460694) and Micsmithel (English, https://tatoeba.org/en/sentences/show/6759619); CC BY 2.0 FR.",B2;production,de,massages,massagetje,,,,,,,,false
mat,"rug, mat",B2,noun,"People, objects and abstract concepts",Ik vond de sleutel onder de mat.,I found the key underneath the mat.,"Definition adapted from Wiktionary contributors, CC BY-SA 4.0: https://en.wiktionary.org/wiki/mat#Dutch. Example: rose_d (Dutch, https://tatoeba.org/en/sentences/show/10637001) and CK (English, https://tatoeba.org/en/sentences/show/255674); CC BY 2.0 FR.",B2;production,de,matten,matje,,,,,,,,false
matrix,matrix,B2,noun,"People, objects and abstract concepts",De matrix bestond uit vijf rijen en zeven kolommen.,The matrix consisted of five rows and seven columns.,"Definition adapted from Wiktionary contributors, CC BY-SA 4.0: https://en.wiktionary.org/wiki/matrix#Dutch. Example: Micsmithel (Dutch, https://tatoeba.org/en/sentences/show/10751931) and swolesuki (English, https://tatoeba.org/en/sentences/show/6909150); CC BY 2.0 FR.",B2;production,de,matrices / matrixen,matrixje,,,,,,,,false
maximum,maximum,B2,noun,"People, objects and abstract concepts",Merk op dat het maximum niet altijd bestaat.,Note that the maximum doesn't always exist.,"Definition adapted from Wiktionary contributors, CC BY-SA 4.0: https://en.wiktionary.org/wiki/maximum#Dutch. Example: Dorenda (Dutch, https://tatoeba.org/en/sentences/show/392936) and MUIRIEL (English, https://tatoeba.org/en/sentences/show/391678); CC BY 2.0 FR.",B2;production,het,maxima / maximums,maximumpje,,,,,,,,false
medaille,medal,B2,noun,"People, objects and abstract concepts",Geef die man een medaille.,Give the man a medal.,"Definition adapted from Wiktionary contributors, CC BY-SA 4.0: https://en.wiktionary.org/wiki/medaille#Dutch. Example: megamanenm (Dutch, https://tatoeba.org/en/sentences/show/11522254) and mailohilohi (English, https://tatoeba.org/en/sentences/show/6033839); CC BY 2.0 FR.",B2;production,de,medailles,medailletje,,,,,,,,false
medelijden,"compassion, sympathy for the suffering of another",B2,noun,"People, objects and abstract concepts","Ze heeft geen medelijden nodig, maar wel steun.","She doesn't need sympathy, but support.","No usual plural in this sense. Definition adapted from Wiktionary contributors, CC BY-SA 4.0: https://en.wiktionary.org/wiki/medelijden#Dutch. Example: megamanenm (Dutch, https://tatoeba.org/en/sentences/show/11522214) and rajulbat (English, https://tatoeba.org/en/sentences/show/3847381); CC BY 2.0 FR.",B2;production,het,,,,,,,,,,false
medewerking,cooperation,B2,noun,"People, objects and abstract concepts",Wij danken Tom en zijn vader voor hun medewerking.,We thank Tom and his father for their cooperation.,"No usual plural in this sense. Definition adapted from Wiktionary contributors, CC BY-SA 4.0: https://en.wiktionary.org/wiki/medewerking#Dutch. Example: Tom9358 (Dutch, https://tatoeba.org/en/sentences/show/12898644) and Tom9358 (English, https://tatoeba.org/en/sentences/show/12898645); CC BY 2.0 FR.",B2;production,de,,,,,,,,,,false
meditatie,meditation,B2,noun,"People, objects and abstract concepts",Slaap is de beste meditatie.,Sleep is the best meditation.,"Definition adapted from Wiktionary contributors, CC BY-SA 4.0: https://en.wiktionary.org/wiki/meditatie#Dutch. Example: doemaar14 (Dutch, https://tatoeba.org/en/sentences/show/5810765) and Adelpa (English, https://tatoeba.org/en/sentences/show/5181616); CC BY 2.0 FR.",B2;production,de,meditaties,meditatietje,,,,,,,,false
meester,"master, boss, superior",B2,noun,"People, objects and abstract concepts",Hij is een meester in het krijgen van zijn zin.,He is a master at getting his own way.,"Definition adapted from Wiktionary contributors, CC BY-SA 4.0: https://en.wiktionary.org/wiki/meester#Dutch. Example: doemaar14 (Dutch, https://tatoeba.org/en/sentences/show/5804494) and CK (English, https://tatoeba.org/en/sentences/show/297184); CC BY 2.0 FR.",B2;production,de,meesters,meestertje,,,,,,,,false
mengsel,mixture,B2,noun,"People, objects and abstract concepts",Lucht is een mengsel van gassen die we niet kunnen zien.,Air is a mixture of gases that we cannot see.,"Definition adapted from Wiktionary contributors, CC BY-SA 4.0: https://en.wiktionary.org/wiki/mengsel#Dutch. Example: doemaar14 (Dutch, https://tatoeba.org/en/sentences/show/12316015) and Zifre (English, https://tatoeba.org/en/sentences/show/18230); CC BY 2.0 FR.",B2;production,het,mengsels,mengseltje,,,,,,,,false
menigte,crowd,B2,noun,"People, objects and abstract concepts",Tom viel door zijn lengte op in de menigte.,Tom's height made him stand out in a crowd.,"Definition adapted from Wiktionary contributors, CC BY-SA 4.0: https://en.wiktionary.org/wiki/menigte#Dutch. Example: doemaar14 (Dutch, https://tatoeba.org/en/sentences/show/11749765) and CK (English, https://tatoeba.org/en/sentences/show/9246812); CC BY 2.0 FR.",B2;production,de,menigten / menigtes,,,,,,,,,false
menselijkheid,"humanity, humaneness",B2,noun,"People, objects and abstract concepts",Dit is een misdaad tegen de menselijkheid.,This is a crime against humanity.,"Definition adapted from Wiktionary contributors, CC BY-SA 4.0: https://en.wiktionary.org/wiki/menselijkheid#Dutch. Example: Nylez (Dutch, https://tatoeba.org/en/sentences/show/9463141) and Hybrid (English, https://tatoeba.org/en/sentences/show/2903285); CC BY 2.0 FR.",B2;production,de,menselijkheden,,,,,,,,,false
menu,menu,B2,noun,"People, objects and abstract concepts",Mag ik een blik op het menu werpen?,Can I have a look at the menu?,"Definition adapted from Wiktionary contributors, CC BY-SA 4.0: https://en.wiktionary.org/wiki/menu#Dutch. Example: PaulP (Dutch, https://tatoeba.org/en/sentences/show/4293364) and mccarras (English, https://tatoeba.org/en/sentences/show/8984157); CC BY 2.0 FR.",B2;production,het,menu's,menuutje,,,,,,,,false
merendeel,"majority, largest proportion",B2,noun,"People, objects and abstract concepts",Het merendeel van de landbouwers in dit godvergeten dorp kan niet lezen of schrijven.,The majority of the peasants living in this godforsaken village cannot read nor write.,"Definition adapted from Wiktionary contributors, CC BY-SA 4.0: https://en.wiktionary.org/wiki/merendeel#Dutch. Example: PaulP (Dutch, https://tatoeba.org/en/sentences/show/5321922) and Hybrid (English, https://tatoeba.org/en/sentences/show/4954795); CC BY 2.0 FR.",B2;production,het,merendelen,merendeeltje,,,,,,,,false
metaal,metal,B2,noun,"People, objects and abstract concepts",Zie je die zwarte metalen deur? Daarachter zit een geheim laboratorium.,Do you see the black metal door? Behind it is a secret laboratory.,"Definition adapted from Wiktionary contributors, CC BY-SA 4.0: https://en.wiktionary.org/wiki/metaal#Dutch. Example: megamanenm (Dutch, https://tatoeba.org/en/sentences/show/11518643) and ariarin (English, https://tatoeba.org/en/sentences/show/9723837); CC BY 2.0 FR.",B2;production,het,metalen,metaaltje,,,,,,,,false
meting,measurement,B2,noun,"People, objects and abstract concepts",De meting moet exact zijn.,The measurement has to be exact.,"Definition adapted from Wiktionary contributors, CC BY-SA 4.0: https://en.wiktionary.org/wiki/meting#Dutch. Example: MarijnKp (Dutch, https://tatoeba.org/en/sentences/show/8778163) and Source_VOA (English, https://tatoeba.org/en/sentences/show/680864); CC BY 2.0 FR.",B2;production,de,metingen,metinkje,,,,,,,,false
metrostation,"underground-railway station, a subway station, a metro station",B2,noun,"People, objects and abstract concepts","Het spijt me, maar is dit de juiste weg naar het metrostation?","Excuse me, but is this the right way to the subway station?","Definition adapted from Wiktionary contributors, CC BY-SA 4.0: https://en.wiktionary.org/wiki/metrostation#Dutch. Example: doemaar14 (Dutch, https://tatoeba.org/en/sentences/show/10326658) and Zifre (English, https://tatoeba.org/en/sentences/show/52419); CC BY 2.0 FR.",B2;production,het,metrostations,metrostationnetje,,,,,,,,false
microfoon,microphone,B2,noun,"People, objects and abstract concepts",Ik pakte de microfoon en begon spontaan te zingen.,I grabbed the microphone and suddenly began singing.,"Definition adapted from Wiktionary contributors, CC BY-SA 4.0: https://en.wiktionary.org/wiki/microfoon#Dutch. Example: vvv123 (Dutch, https://tatoeba.org/en/sentences/show/4146619) and GewoonLeonYT (English, https://tatoeba.org/en/sentences/show/11555819); CC BY 2.0 FR.",B2;production,de,microfoons,microfoontje,,,,,,,,false
middenklasse,middle class,B2,noun,"People, objects and abstract concepts",Er is een opkomende middenklasse in Algerije.,There is a rising middle class in Algeria.,"Definition adapted from Wiktionary contributors, CC BY-SA 4.0: https://en.wiktionary.org/wiki/middenklasse#Dutch. Example: Nylez (Dutch, https://tatoeba.org/en/sentences/show/9110861) and Amastan (English, https://tatoeba.org/en/sentences/show/7864604); CC BY 2.0 FR.",B2;production,de,middenklassen / middenklasses,middenklassetje,,,,,,,,false
middernacht,midnight,B2,noun,"People, objects and abstract concepts","Ondanks dat het middernacht is, zijn de kinderen nog op.","Despite it being midnight, the children are still up.","Definition adapted from Wiktionary contributors, CC BY-SA 4.0: https://en.wiktionary.org/wiki/middernacht#Dutch. Example: Elsofie (Dutch, https://tatoeba.org/en/sentences/show/8171348) and Ergulis (English, https://tatoeba.org/en/sentences/show/8171336); CC BY 2.0 FR.",B2;production,de,middernachten,middernachtje,,,,,,,,false
mijl,"English or American mile, a unit of length equivalent to about 1.6 km",B2,noun,"People, objects and abstract concepts",Een mijl is ongeveer gelijk aan 1600 meter.,"A mile is equal to about 1,600 meters.","Definition adapted from Wiktionary contributors, CC BY-SA 4.0: https://en.wiktionary.org/wiki/mijl#Dutch. Example: Yuzu_Sa_sushi (Dutch, https://tatoeba.org/en/sentences/show/12663519) and CM (English, https://tatoeba.org/en/sentences/show/73205); CC BY 2.0 FR.",B2;production,de,mijlen,mijltje,,,,,,,,false
mijlpaal,milestone,B2,noun,"People, objects and abstract concepts",Wij hebben een belangrijke mijlpaal bereikt.,We have reached an important milestone.,"Definition adapted from Wiktionary contributors, CC BY-SA 4.0: https://en.wiktionary.org/wiki/mijlpaal#Dutch. Example: raggione (Dutch, https://tatoeba.org/en/sentences/show/7461571) and megamanenm (English, https://tatoeba.org/en/sentences/show/12169798); CC BY 2.0 FR.",B2;production,de,mijlpalen,mijlpaaltje,,,,,,,,false
minderheid,minority,B2,noun,"People, objects and abstract concepts",Boeken lezen is niet langer een voorrecht van een minderheid.,Reading books ceased to be the privilege of a minority.,"Definition adapted from Wiktionary contributors, CC BY-SA 4.0: https://en.wiktionary.org/wiki/minderheid#Dutch. Example: megamanenm (Dutch, https://tatoeba.org/en/sentences/show/6283896) and sundown (English, https://tatoeba.org/en/sentences/show/6169148); CC BY 2.0 FR.",B2;production,de,minderheden,minderheidje,,,,,,,,false
minderjarige,"minor, underage person",B2,noun,"People, objects and abstract concepts","Tom is nog steeds een minderjarige, toch?","Tom is still a minor, isn't he?","Definition adapted from Wiktionary contributors, CC BY-SA 4.0: https://en.wiktionary.org/wiki/minderjarige#Dutch. Example: MarijnKp (Dutch, https://tatoeba.org/en/sentences/show/8689915) and CK (English, https://tatoeba.org/en/sentences/show/6917140); CC BY 2.0 FR.",B2;production,de,minderjarigen,,,,,,,,,false
minimum,minimum,B2,noun,"People, objects and abstract concepts",Veel bedrijven hebben hun personeel tot het minimum verlaagd.,A lot of companies have pared their staff down to a minimum.,"Definition adapted from Wiktionary contributors, CC BY-SA 4.0: https://en.wiktionary.org/wiki/minimum#Dutch. Example: megamanenm (Dutch, https://tatoeba.org/en/sentences/show/1111400) and CM (English, https://tatoeba.org/en/sentences/show/274803); CC BY 2.0 FR.",B2;production,het,minima,,,,,,,,,false
misbruik,abuse,B2,noun,"People, objects and abstract concepts",We moeten dit misbruik een halt toeroepen.,We need to put a stop to this abuse.,"No usual plural in this sense. Definition adapted from Wiktionary contributors, CC BY-SA 4.0: https://en.wiktionary.org/wiki/misbruik#Dutch. Example: Nylez (Dutch, https://tatoeba.org/en/sentences/show/8974586) and Amastan (English, https://tatoeba.org/en/sentences/show/3922344); CC BY 2.0 FR.",B2;production,het,,,,,,,,,,false
mislukking,failure,B2,noun,"People, objects and abstract concepts",Onze onderhandeling was ver van een mislukking: ze was een groot succes.,"Far from being a failure, our negotiation was a great success.","Definition adapted from Wiktionary contributors, CC BY-SA 4.0: https://en.wiktionary.org/wiki/mislukking#Dutch. Example: martinod (Dutch, https://tatoeba.org/en/sentences/show/2034174) and CK (English, https://tatoeba.org/en/sentences/show/23415); CC BY 2.0 FR.",B2;production,de,mislukkingen,mislukkingetje,,,,,,,,false
missie,"mission, task",B2,noun,"People, objects and abstract concepts",Ik wil de missie nu niet afbreken.,I don't want to abort the mission now.,"Definition adapted from Wiktionary contributors, CC BY-SA 4.0: https://en.wiktionary.org/wiki/missie#Dutch. Example: Micsmithel (Dutch, https://tatoeba.org/en/sentences/show/8692761) and Hybrid (English, https://tatoeba.org/en/sentences/show/3598168); CC BY 2.0 FR.",B2;production,de,missies / missiën,missietje,,,,,,,,false
mix,"mix, mixture",B2,noun,"People, objects and abstract concepts","Mijn eerste taal is Klingoranto, een mix tussen Klingon en Esperanto.","My mother tongue is Klingoranto, a mixture of Klingon and Esperanto.","Definition adapted from Wiktionary contributors, CC BY-SA 4.0: https://en.wiktionary.org/wiki/mix#Dutch. Example: LinguisticFusion (Dutch, https://tatoeba.org/en/sentences/show/5005320) and Adelpa (English, https://tatoeba.org/en/sentences/show/5001372); CC BY 2.0 FR.",B2;production,de,mixen,mixje,,,,,,,,false
mobiliteit,mobility,B2,noun,"People, objects and abstract concepts",De Schengenakkoorden hebben de Europese burgers meer mobiliteit geboden.,The Schengen Agreement enabled greater mobility for Europeans.,"No usual plural in this sense. Definition adapted from Wiktionary contributors, CC BY-SA 4.0: https://en.wiktionary.org/wiki/mobiliteit#Dutch. Example: Micsmithel (Dutch, https://tatoeba.org/en/sentences/show/10040735) and Miktsoanit (English, https://tatoeba.org/en/sentences/show/12340354); CC BY 2.0 FR.",B2;production,de,,,,,,,,,,false
mode,"fashion, trend",B2,noun,"People, objects and abstract concepts",Het was destijds het hoogtepunt van de mode.,It was the height of fashion at the time.,"Definition adapted from Wiktionary contributors, CC BY-SA 4.0: https://en.wiktionary.org/wiki/mode#Dutch. Example: Micsmithel (Dutch, https://tatoeba.org/en/sentences/show/6999272) and Hybrid (English, https://tatoeba.org/en/sentences/show/6996935); CC BY 2.0 FR.",B2;production,de,modes,modetje,,,,,,,,false
model,model,B2,noun,"People, objects and abstract concepts",Ze was een model toen ze jong was.,She used to model when she was young.,"Definition adapted from Wiktionary contributors, CC BY-SA 4.0: https://en.wiktionary.org/wiki/model#Dutch. Example: megamanenm (Dutch, https://tatoeba.org/en/sentences/show/9126931) and Amastan (English, https://tatoeba.org/en/sentences/show/8377091); CC BY 2.0 FR.",B2;production,het,modellen,modelletje,,,,,,,,false
modem,modem,B2,noun,"People, objects and abstract concepts",Je moet de modem opnieuw opstarten.,You should reset the modem.,"Definition adapted from Wiktionary contributors, CC BY-SA 4.0: https://en.wiktionary.org/wiki/modem#Dutch. Example: PaulP (Dutch, https://tatoeba.org/en/sentences/show/12362915) and CK (English, https://tatoeba.org/en/sentences/show/9953066); CC BY 2.0 FR.",B2;production,de,modems,modempje,,,,,,,,false
moeras,"swamp, morass",B2,noun,"People, objects and abstract concepts",Hij woont alleen in een huisje in het moeras.,He lives alone in a little cottage in the swamp.,"Definition adapted from Wiktionary contributors, CC BY-SA 4.0: https://en.wiktionary.org/wiki/moeras#Dutch. Example: MarijnKp (Dutch, https://tatoeba.org/en/sentences/show/9699259) and Barra (English, https://tatoeba.org/en/sentences/show/4751743); CC BY 2.0 FR.",B2;production,het,moerassen,moerasje,,,,,,,,false
mol,"mole, any insectivore of the family Talpidae",B2,noun,"People, objects and abstract concepts",Het schijnt dat we een mol in ons midden hebben.,It seems as though we have a mole in our midst.,"Definition adapted from Wiktionary contributors, CC BY-SA 4.0: https://en.wiktionary.org/wiki/mol#Dutch. Example: PaulP (Dutch, https://tatoeba.org/en/sentences/show/4574294) and _undertoad (English, https://tatoeba.org/en/sentences/show/1955345); CC BY 2.0 FR.",B2;production,de,mollen,molletje,,,,,,,,false
molen,mill,B2,noun,"People, objects and abstract concepts",Er is overmorgen een markt op het plein naast de molen.,There’s a market on the square next to the mill the day after tomorrow.,"Definition adapted from Wiktionary contributors, CC BY-SA 4.0: https://en.wiktionary.org/wiki/molen#Dutch. Example: meshbags (Dutch, https://tatoeba.org/en/sentences/show/10575338) and Tom9358 (English, https://tatoeba.org/en/sentences/show/13843579); CC BY 2.0 FR.",B2;production,de,molens,molentje,,,,,,,,false
moord,murder,B2,noun,"People, objects and abstract concepts",De recherche onderzoekt de moord.,The detectives are investigating the murder.,,B2;production,de,moorden,moordje,,,,,,,,false
moordenaar,murderer,B2,noun,"People, objects and abstract concepts",De moordenaar pakte het slachtoffer bij de keel en wurgde hem.,The murderer grabbed the victim by the neck and strangled them.,"Definition adapted from Wiktionary contributors, CC BY-SA 4.0: https://en.wiktionary.org/wiki/moordenaar#Dutch. Example: Nylez (Dutch, https://tatoeba.org/en/sentences/show/9952567) and lucasmg123 (English, https://tatoeba.org/en/sentences/show/10700263); CC BY 2.0 FR.",B2;production,de,moordenaars,moordenaartje,,,,,,,,false
mop,"joke, jest",B2,noun,"People, objects and abstract concepts",Dat was een goede mop. Vertel er ons nog een.,That was a good joke. Tell us another one.,"Definition adapted from Wiktionary contributors, CC BY-SA 4.0: https://en.wiktionary.org/wiki/mop#Dutch. Example: martinod (Dutch, https://tatoeba.org/en/sentences/show/4946028) and CK (English, https://tatoeba.org/en/sentences/show/3166202); CC BY 2.0 FR.",B2;production,de,moppen,mopje,,,,,,,,false
moraal,moral; morals,B2,noun,"People, objects and abstract concepts",De moraal van het verhaal is duidelijk.,The moral of the story is clear.,,B2;production,de,moralen,moraaltje,,,,,,,,false
moslim,"Muslim; a Muslim person, adherent to Islam",B2,noun,"People, objects and abstract concepts",Ik ben een moslim en ik hou van het hindoeïsme.,I'm a Muslim and I love Hinduism.,"Definition adapted from Wiktionary contributors, CC BY-SA 4.0: https://en.wiktionary.org/wiki/moslim#Dutch. Example: MarijnKp (Dutch, https://tatoeba.org/en/sentences/show/8671987) and Amastan (English, https://tatoeba.org/en/sentences/show/8603890); CC BY 2.0 FR.",B2;production,de,moslims,moslimmetje,,,,,,,,false
mosterd,mustard,B2,noun,"People, objects and abstract concepts",Wij doopten onze kaas in de mosterd.,We dipped our cheese in the mustard.,"Definition adapted from Wiktionary contributors, CC BY-SA 4.0: https://en.wiktionary.org/wiki/mosterd#Dutch. Example: MarijnKp (Dutch, https://tatoeba.org/en/sentences/show/8037268) and Miktsoanit (English, https://tatoeba.org/en/sentences/show/12259390); CC BY 2.0 FR.",B2;production,de,mosterds,mosterdje,,,,,,,,false
motief,motive,B2,noun,"People, objects and abstract concepts",Het motief voor de moord is nog niet bekend.,The motive for the murder isn't yet known.,"Definition adapted from Wiktionary contributors, CC BY-SA 4.0: https://en.wiktionary.org/wiki/motief#Dutch. Example: martinod (Dutch, https://tatoeba.org/en/sentences/show/1440452) and CK (English, https://tatoeba.org/en/sentences/show/7492913); CC BY 2.0 FR.",B2;production,het,motieven,motiefje,,,,,,,,false
muis,mouse,B2,noun,"People, objects and abstract concepts","Ze geeft hem een muis, en geeft ons een kat.","She gives him a mouse, and gives us a cat.","Definition adapted from Wiktionary contributors, CC BY-SA 4.0: https://en.wiktionary.org/wiki/muis#Dutch. Example: carlosalberto (Dutch, https://tatoeba.org/en/sentences/show/11759751) and carlosalberto (English, https://tatoeba.org/en/sentences/show/11759741); CC BY 2.0 FR.",B2;production,de,muizen,muisje,,,,,,,,false
munt,coin,B2,noun,"People, objects and abstract concepts",Een munt van tweeënhalf gulden werd een rijksdaalder genoemd.,A coin of two and a half guilders was called a rijksdaalder.,"Definition adapted from Wiktionary contributors, CC BY-SA 4.0: https://en.wiktionary.org/wiki/munt#Dutch. Example: Tom9358 (Dutch, https://tatoeba.org/en/sentences/show/13187650) and Tom9358 (English, https://tatoeba.org/en/sentences/show/13187678); CC BY 2.0 FR.",B2;production,de,munten,muntje,,,,,,,,false
musicus,musician,B2,noun,"People, objects and abstract concepts",Ik weet dat Tom een betere musicus is dan Mary.,I know Tom is a better musician than Mary.,"Definition adapted from Wiktionary contributors, CC BY-SA 4.0: https://en.wiktionary.org/wiki/musicus#Dutch. Example: purple_ice (Dutch, https://tatoeba.org/en/sentences/show/11901579) and CK (English, https://tatoeba.org/en/sentences/show/7514046); CC BY 2.0 FR.",B2;production,de,musici,musicusje,,,,,,,,false
muzikant,musician,B2,noun,"People, objects and abstract concepts",Uiteindelijk werd de muzikant verpletterd door een grote kerkklok.,"In the end, the musician ended up crushed by a large church bell.","Definition adapted from Wiktionary contributors, CC BY-SA 4.0: https://en.wiktionary.org/wiki/muzikant#Dutch. Example: Tom9358 (Dutch, https://tatoeba.org/en/sentences/show/13620920) and Tom9358 (English, https://tatoeba.org/en/sentences/show/13620922); CC BY 2.0 FR.",B2;production,de,muzikanten,muzikantje,,,,,,,,false
mysterie,mystery,B2,noun,"People, objects and abstract concepts",Het is niemand gelukt het mysterie op te lossen.,No one has succeeded in solving the mystery.,"Definition adapted from Wiktionary contributors, CC BY-SA 4.0: https://en.wiktionary.org/wiki/mysterie#Dutch. Example: Raizin (Dutch, https://tatoeba.org/en/sentences/show/4516558) and CK (English, https://tatoeba.org/en/sentences/show/241859); CC BY 2.0 FR.",B2;production,het,mysteries,mysterietje,,,,,,,,false
mythe,myth,B2,noun,"People, objects and abstract concepts",Volgens een bekende mythe zou de dans in de vijfde eeuw zijn ontstaan.,"According to a well-known myth, the dance originated in the fifth century.","Definition adapted from Wiktionary contributors, CC BY-SA 4.0: https://en.wiktionary.org/wiki/mythe#Dutch. Example from the same Wiktionary entry (CC BY-SA 4.0).",B2;production,de,mythen / mythes,mythetje,,,,,,,,false
naald,"needle, a pin",B2,noun,"People, objects and abstract concepts",De dikke stof heeft de naald van mijn naaimachine verbogen.,The thick material bent the needle of my sewing machine.,"Definition adapted from Wiktionary contributors, CC BY-SA 4.0: https://en.wiktionary.org/wiki/naald#Dutch. Example: Elsofie (Dutch, https://tatoeba.org/en/sentences/show/8237280) and tinowls (English, https://tatoeba.org/en/sentences/show/6404584); CC BY 2.0 FR.",B2;production,de,naalden,naaldje,,,,,,,,false
nachtmerrie,nightmare,B2,noun,"People, objects and abstract concepts","De jeugd is een droom, en de ouderdom is een nachtmerrie.","Youth is a dream, and old age is a nightmare.","Definition adapted from Wiktionary contributors, CC BY-SA 4.0: https://en.wiktionary.org/wiki/nachtmerrie#Dutch. Example: carlosalberto (Dutch, https://tatoeba.org/en/sentences/show/12209441) and carlosalberto (English, https://tatoeba.org/en/sentences/show/12209356); CC BY 2.0 FR.",B2;production,de,nachtmerries,nachtmerrietje,,,,,,,,false
nadruk,emphasis,B2,noun,"People, objects and abstract concepts",We leggen de nadruk op mondeling oefenen vanaf de eerste klassen.,We place an emphasis on verbal practice from the very first classes.,"No usual plural in this sense. Definition adapted from Wiktionary contributors, CC BY-SA 4.0: https://en.wiktionary.org/wiki/nadruk#Dutch. Example: Nylez (Dutch, https://tatoeba.org/en/sentences/show/9254076) and Tom9358 (English, https://tatoeba.org/en/sentences/show/13859901); CC BY 2.0 FR.",B2;production,de,,,,,,,,,,false
najaar,"fall, autumn",B2,noun,"People, objects and abstract concepts",In het najaar gaan veel vogels naar het zuiden.,"In autumn, many birds migrate to the south.","Definition adapted from Wiktionary contributors, CC BY-SA 4.0: https://en.wiktionary.org/wiki/najaar#Dutch. Example: megamanenm (Dutch, https://tatoeba.org/en/sentences/show/1089703) and sundown (English, https://tatoeba.org/en/sentences/show/10761573); CC BY 2.0 FR.",B2;production,het,najaren,najaartje,,,,,,,,false
nalatenschap,legacy,B2,noun,"People, objects and abstract concepts","Tegen het einde van zijn leven, begon hij zich veel zorgen te maken over wat zijn nalatenschap zou zijn.","Near the end of his life, he started to worry a lot about what his legacy would be.","Definition adapted from Wiktionary contributors, CC BY-SA 4.0: https://en.wiktionary.org/wiki/nalatenschap#Dutch. Example: Micsmithel (Dutch, https://tatoeba.org/en/sentences/show/10002806) and bobking12 (English, https://tatoeba.org/en/sentences/show/3764942); CC BY 2.0 FR.",B2;production,de,nalatenschappen,nalatenschapje,,,,,,,,false
nasleep,aftermath,B2,noun,"People, objects and abstract concepts",In de nasleep van de ramp werd een onderzoek ingesteld.,An investigation was launched in the aftermath of the disaster.,"Definition adapted from Wiktionary contributors, CC BY-SA 4.0: https://en.wiktionary.org/wiki/nasleep#Dutch. Example from the same Wiktionary entry (CC BY-SA 4.0).",B2;production,de,naslepen,nasleepje,,,,,,,,false
natie,nation,B2,noun,"People, objects and abstract concepts",Vandaag is een dag van rouw voor de hele natie.,Today is a day of mourning for the whole nation.,"Definition adapted from Wiktionary contributors, CC BY-SA 4.0: https://en.wiktionary.org/wiki/natie#Dutch. Example: marcelostockle (Dutch, https://tatoeba.org/en/sentences/show/2873831) and megamanenm (English, https://tatoeba.org/en/sentences/show/2897114); CC BY 2.0 FR.",B2;production,de,naties / natiën,natietje,,,,,,,,false
natuurkunde,physics,B2,noun,"People, objects and abstract concepts",Wiskunde is net zoals de logica van de natuurkunde.,Mathematics is like the logic of physics.,"No usual plural in this sense. Definition adapted from Wiktionary contributors, CC BY-SA 4.0: https://en.wiktionary.org/wiki/natuurkunde#Dutch. Example: Micsmithel (Dutch, https://tatoeba.org/en/sentences/show/7462872) and orge (English, https://tatoeba.org/en/sentences/show/180286); CC BY 2.0 FR.",B2;production,de,,,,,,,,,,false
nederlaag,defeat,B2,noun,"People, objects and abstract concepts",We herdenken vandaag de nederlaag van het militaire regime.,Today we commemorate the defeat of the military regime.,"Definition adapted from Wiktionary contributors, CC BY-SA 4.0: https://en.wiktionary.org/wiki/nederlaag#Dutch. Example: marcelostockle (Dutch, https://tatoeba.org/en/sentences/show/2777947) and kiryopi (English, https://tatoeba.org/en/sentences/show/12749127); CC BY 2.0 FR.",B2;production,de,nederlagen,nederlaagje,,,,,,,,false
neiging,"tendency, inclination",B2,noun,"People, objects and abstract concepts",Je hebt de neiging om te snel te praten.,You have a tendency to talk too fast.,"Definition adapted from Wiktionary contributors, CC BY-SA 4.0: https://en.wiktionary.org/wiki/neiging#Dutch. Example: Vulgaris (Dutch, https://tatoeba.org/en/sentences/show/848910) and CK (English, https://tatoeba.org/en/sentences/show/17508); CC BY 2.0 FR.",B2;production,de,neigingen,neiginkje,,,,,,,,false
nest,nest,B2,noun,"People, objects and abstract concepts",Ik zal het eitje weer terug in het nest leggen.,I will put the egg back in the nest again.,"Definition adapted from Wiktionary contributors, CC BY-SA 4.0: https://en.wiktionary.org/wiki/nest#Dutch. Example: Tom9358 (Dutch, https://tatoeba.org/en/sentences/show/13023440) and Tom9358 (English, https://tatoeba.org/en/sentences/show/13023442); CC BY 2.0 FR.",B2;production,het,nesten,nestje,,,,,,,,false
nieuwbouw,"new development, newly built buildings particularly in reference to housing",B2,noun,"People, objects and abstract concepts",De nieuwbouw ligt stil.,There are no new houses getting built.,"No usual plural in this sense. Definition adapted from Wiktionary contributors, CC BY-SA 4.0: https://en.wiktionary.org/wiki/nieuwbouw#Dutch. Example: megamanenm (Dutch, https://tatoeba.org/en/sentences/show/11538820) and megamanenm (English, https://tatoeba.org/en/sentences/show/11538823); CC BY 2.0 FR.",B2;production,de,,,,,,,,,,false
nominatie,nomination,B2,noun,"People, objects and abstract concepts",Hij accepteerde de nominatie.,He accepted the nomination.,"Definition adapted from Wiktionary contributors, CC BY-SA 4.0: https://en.wiktionary.org/wiki/nominatie#Dutch. Example: Slam4 (Dutch, https://tatoeba.org/en/sentences/show/11758766) and Source_VOA (English, https://tatoeba.org/en/sentences/show/802965); CC BY 2.0 FR.",B2;production,de,nominaties,nominatietje,,,,,,,,false
non,nun,B2,noun,"People, objects and abstract concepts",Je ziet er niet uit als een non.,You don't look like a nun.,"Definition adapted from Wiktionary contributors, CC BY-SA 4.0: https://en.wiktionary.org/wiki/non#Dutch. Example: purple_ice (Dutch, https://tatoeba.org/en/sentences/show/12094410) and CK (English, https://tatoeba.org/en/sentences/show/9023079); CC BY 2.0 FR.",B2;production,de,nonnen,nonnetje,,,,,,,,false
noodtoestand,state of emergency,B2,noun,"People, objects and abstract concepts",Manitoba heeft de noodtoestand uitgeroepen om COVID-19 aan te pakken.,Manitoba declared a state of emergency to deal with the COVID-19.,"Definition adapted from Wiktionary contributors, CC BY-SA 4.0: https://en.wiktionary.org/wiki/noodtoestand#Dutch. Example: MarijnKp (Dutch, https://tatoeba.org/en/sentences/show/8624131) and Hybrid (English, https://tatoeba.org/en/sentences/show/8623815); CC BY 2.0 FR.",B2;production,de,noodtoestanden,noodtoestandje,,,,,,,,false
noodzaak,"necessity, need",B2,noun,"People, objects and abstract concepts",Weten hoe je werkwoorden moet vervoegen is een absolute noodzaak.,Knowing how to conjugate verbs is an absolute necessity.,"Definition adapted from Wiktionary contributors, CC BY-SA 4.0: https://en.wiktionary.org/wiki/noodzaak#Dutch. Example: Micsmithel (Dutch, https://tatoeba.org/en/sentences/show/10706202) and AmarMecheri (English, https://tatoeba.org/en/sentences/show/7062758); CC BY 2.0 FR.",B2;production,de,noodzaken,noodzaakje,,,,,,,,false
noordoosten,northeast,B2,noun,"People, objects and abstract concepts",De wind waait uit het noordoosten.,The wind is blowing from the northeast.,"No usual plural in this sense. Definition adapted from Wiktionary contributors, CC BY-SA 4.0: https://en.wiktionary.org/wiki/noordoosten#Dutch. Example: PaulP (Dutch, https://tatoeba.org/en/sentences/show/10879047) and CM (English, https://tatoeba.org/en/sentences/show/7120477); CC BY 2.0 FR.",B2;production,het,,,,,,,,,,false
norm,"norm, standard",B2,noun,"People, objects and abstract concepts",Een vector is een eenheidsvector als zijn norm gelijk is aan een.,A vector is a unit vector if its norm is 1.,"Definition adapted from Wiktionary contributors, CC BY-SA 4.0: https://en.wiktionary.org/wiki/norm#Dutch. Example: martinod (Dutch, https://tatoeba.org/en/sentences/show/768294) and halfb1t (English, https://tatoeba.org/en/sentences/show/2017397); CC BY 2.0 FR.",B2;production,de,normen,normpje,,,,,,,,false
nut,"use, point, utility, sense",B2,noun,"People, objects and abstract concepts",De info die je me gaf is van weinig nut.,The information you gave me is of little use.,"No usual plural in this sense. Definition adapted from Wiktionary contributors, CC BY-SA 4.0: https://en.wiktionary.org/wiki/nut#Dutch. Example: Vulgaris (Dutch, https://tatoeba.org/en/sentences/show/1372012) and kebukebu (English, https://tatoeba.org/en/sentences/show/17723); CC BY 2.0 FR.",B2;production,het,,,,,,,,,,false
object,"object, item",B2,noun,"People, objects and abstract concepts",De afstand tussen het object en de tekst is te groot.,The distance between the object and the text is too large.,"Definition adapted from Wiktionary contributors, CC BY-SA 4.0: https://en.wiktionary.org/wiki/object#Dutch. Example: kiryopi (Dutch, https://tatoeba.org/en/sentences/show/13049880) and kiryopi (English, https://tatoeba.org/en/sentences/show/13049883); CC BY 2.0 FR.",B2;production,het,objecten,objectje,,,,,,,,false
oceaan,ocean,B2,noun,"People, objects and abstract concepts",De Stille Oceaan vormt de oostelijke grens van de Russische Federatie.,The Pacific Ocean forms the eastern border of the Russian Federation.,"Definition adapted from Wiktionary contributors, CC BY-SA 4.0: https://en.wiktionary.org/wiki/oceaan#Dutch. Example: Mandalay (Dutch, https://tatoeba.org/en/sentences/show/6089486) and Miktsoanit (English, https://tatoeba.org/en/sentences/show/12228637); CC BY 2.0 FR.",B2;production,de,oceanen,oceaantje,,,,,,,,false
officier,officer,B2,noun,"People, objects and abstract concepts",Tom verzuimde om een hogere officier te gehoorzamen.,Tom disobeyed a direct order from a superior officer.,"Definition adapted from Wiktionary contributors, CC BY-SA 4.0: https://en.wiktionary.org/wiki/officier#Dutch. Example: Micsmithel (Dutch, https://tatoeba.org/en/sentences/show/6669389) and Hybrid (English, https://tatoeba.org/en/sentences/show/2984496); CC BY 2.0 FR.",B2;production,de,officieren / officiers,officiertje,,,,,,,,false
ogenblik,"moment, blink of an eye",B2,noun,"People, objects and abstract concepts",De oude man stopte een ogenblik om uit te rusten.,The old man stopped for a moment to rest.,"Definition adapted from Wiktionary contributors, CC BY-SA 4.0: https://en.wiktionary.org/wiki/ogenblik#Dutch. Example: Elsofie (Dutch, https://tatoeba.org/en/sentences/show/7980108) and CK (English, https://tatoeba.org/en/sentences/show/326443); CC BY 2.0 FR.",B2;production,het,ogenblikken,ogenblikje,,,,,,,,false
olifant,elephant,B2,noun,"People, objects and abstract concepts","Wie heeft de grootste hersenen, een olifant of een mens?","Which has the biggest brain, an elephant or a person?","Definition adapted from Wiktionary contributors, CC BY-SA 4.0: https://en.wiktionary.org/wiki/olifant#Dutch. Example: slavneui (Dutch, https://tatoeba.org/en/sentences/show/884114) and Ignoto (English, https://tatoeba.org/en/sentences/show/1206008); CC BY 2.0 FR.",B2;production,de,olifanten,olifantje,,,,,,,,false
omzet,"revenue, turnover; top line",B2,noun,"People, objects and abstract concepts",Tom heeft zijn omzet in drie jaar verdubbeld.,Tom has doubled his turnover in three years.,"Definition adapted from Wiktionary contributors, CC BY-SA 4.0: https://en.wiktionary.org/wiki/omzet#Dutch. Example: PaulP (Dutch, https://tatoeba.org/en/sentences/show/8433641) and Tom9358 (English, https://tatoeba.org/en/sentences/show/13982587); CC BY 2.0 FR.",B2;production,de,omzetten,omzetje,,,,,,,,false
onderbreking,interruption,B2,noun,"People, objects and abstract concepts",Onze excuses voor de onderbreking.,We are sorry for the interruption.,"Definition adapted from Wiktionary contributors, CC BY-SA 4.0: https://en.wiktionary.org/wiki/onderbreking#Dutch. Example: Mandalay (Dutch, https://tatoeba.org/en/sentences/show/6073217) and Gulliver (English, https://tatoeba.org/en/sentences/show/2320372); CC BY 2.0 FR.",B2;production,de,onderbrekingen,onderbrekinkje,,,,,,,,false
onderdrukking,oppression,B2,noun,"People, objects and abstract concepts",De onderdrukking van vrouwen is nauw verbonden met kapitalistische uitbuiting.,The oppression of women is closely linked to capitalist exploitation.,"Definition adapted from Wiktionary contributors, CC BY-SA 4.0: https://en.wiktionary.org/wiki/onderdrukking#Dutch. Example: Nylez (Dutch, https://tatoeba.org/en/sentences/show/9393766) and Miktsoanit (English, https://tatoeba.org/en/sentences/show/12200622); CC BY 2.0 FR.",B2;production,de,onderdrukkingen,onderdrukkinkje,,,,,,,,false
ondergoed,underwear,B2,noun,"People, objects and abstract concepts","Doe alstublieft al uw kleren uit, behalve uw ondergoed.","Please remove all of your clothes, except your underwear.","No usual plural in this sense. Definition adapted from Wiktionary contributors, CC BY-SA 4.0: https://en.wiktionary.org/wiki/ondergoed#Dutch. Example: Micsmithel (Dutch, https://tatoeba.org/en/sentences/show/9937185) and NurseMeeks (English, https://tatoeba.org/en/sentences/show/9851494); CC BY 2.0 FR.",B2;production,het,,ondergoedje,,,,,,,,false
onderkant,"bottom, underside",B2,noun,"People, objects and abstract concepts",De stickers aan de onderkant van mijn laptop zijn weggesleten.,The stickers on the bottom of my laptop have worn away.,"Definition adapted from Wiktionary contributors, CC BY-SA 4.0: https://en.wiktionary.org/wiki/onderkant#Dutch. Example: megamanenm (Dutch, https://tatoeba.org/en/sentences/show/12349288) and hecko2 (English, https://tatoeba.org/en/sentences/show/11156551); CC BY 2.0 FR.",B2;production,de,onderkanten,onderkantje,,,,,,,,false
onderscheid,difference,B2,noun,"People, objects and abstract concepts",Tom kent het onderscheid niet tussen moord en doodslag.,Tom doesn't know the difference between murder and manslaughter.,"No usual plural in this sense. Definition adapted from Wiktionary contributors, CC BY-SA 4.0: https://en.wiktionary.org/wiki/onderscheid#Dutch. Example: Elsofie (Dutch, https://tatoeba.org/en/sentences/show/8450261) and tatoebashrek (English, https://tatoeba.org/en/sentences/show/10344737); CC BY 2.0 FR.",B2;production,het,,,,,,,,,,false
ondersteuning,support,B2,noun,"People, objects and abstract concepts",Ik wil u hartelijk danken voor uw uitzonderlijke ondersteuning.,I would like to thank you very much for your special support.,"Definition adapted from Wiktionary contributors, CC BY-SA 4.0: https://en.wiktionary.org/wiki/ondersteuning#Dutch. Example: Micsmithel (Dutch, https://tatoeba.org/en/sentences/show/10015344) and Tesorium (English, https://tatoeba.org/en/sentences/show/7890143); CC BY 2.0 FR.",B2;production,de,ondersteuningen,ondersteuninkje,,,,,,,,false
onderwijzer,teacher,B2,noun,"People, objects and abstract concepts",Is een onderwijzer een man of een vrouw?,Is a teacher a man or a woman?,"Definition adapted from Wiktionary contributors, CC BY-SA 4.0: https://en.wiktionary.org/wiki/onderwijzer#Dutch. Example: Piet_c (Dutch, https://tatoeba.org/en/sentences/show/6196841) and rul (English, https://tatoeba.org/en/sentences/show/13125203); CC BY 2.0 FR.",B2;production,de,onderwijzers,onderwijzertje,,,,,,,,false
onenigheid,"disagreement, quarrel, friction",B2,noun,"People, objects and abstract concepts",Hij probeerde een eind aan hun onenigheid te maken.,He tried to put an end to their quarrel.,"Definition adapted from Wiktionary contributors, CC BY-SA 4.0: https://en.wiktionary.org/wiki/onenigheid#Dutch. Example: Elsofie (Dutch, https://tatoeba.org/en/sentences/show/8318293) and mattlb92 (English, https://tatoeba.org/en/sentences/show/302548); CC BY 2.0 FR.",B2;production,de,onenigheden,onenigheidje,,,,,,,,false
ongeval,accident,B2,noun,"People, objects and abstract concepts",De oorzaak van het ongeval is nog altijd niet duidelijk.,The cause of the accident is still not clear.,"Definition adapted from Wiktionary contributors, CC BY-SA 4.0: https://en.wiktionary.org/wiki/ongeval#Dutch. Example: PaulP (Dutch, https://tatoeba.org/en/sentences/show/3249275) and mervert1 (English, https://tatoeba.org/en/sentences/show/2746434); CC BY 2.0 FR.",B2;production,het,ongevallen,ongevalletje,,,,,,,,false
ontdekking,discovery,B2,noun,"People, objects and abstract concepts",Hawking is vooral bekend vanwege zijn ontdekking dat zwarte gaten straling afgeven.,Dr. Hawking is best known for his discovery that black holes emit radiation.,"Definition adapted from Wiktionary contributors, CC BY-SA 4.0: https://en.wiktionary.org/wiki/ontdekking#Dutch. Example: megamanenm (Dutch, https://tatoeba.org/en/sentences/show/12345947) and Hybrid (English, https://tatoeba.org/en/sentences/show/3958920); CC BY 2.0 FR.",B2;production,de,ontdekkingen,ontdekkinkje,,,,,,,,false
ontmoeting,meeting,B2,noun,"People, objects and abstract concepts",Ik wou onze ontmoeting niet uitstellen.,I didn't want to postpone our meeting.,"Definition adapted from Wiktionary contributors, CC BY-SA 4.0: https://en.wiktionary.org/wiki/ontmoeting#Dutch. Example: megamanenm (Dutch, https://tatoeba.org/en/sentences/show/10734670) and CK (English, https://tatoeba.org/en/sentences/show/2025836); CC BY 2.0 FR.",B2;production,de,ontmoetingen,ontmoetinkje,,,,,,,,false
ontploffing,explosion,B2,noun,"People, objects and abstract concepts",Door de ontploffing zijn er drie mensen omgekomen.,Three people were killed in the explosion.,"Definition adapted from Wiktionary contributors, CC BY-SA 4.0: https://en.wiktionary.org/wiki/ontploffing#Dutch. Example: casperdewith (Dutch, https://tatoeba.org/en/sentences/show/13883383) and CK (English, https://tatoeba.org/en/sentences/show/8462543); CC BY 2.0 FR.",B2;production,de,ontploffingen,ontploffinkje,,,,,,,,false
ontsteking,inflammation,B2,noun,"People, objects and abstract concepts",Er zijn geen aanwijzigingen van een ontsteking.,There are no signs of inflammation.,"Definition adapted from Wiktionary contributors, CC BY-SA 4.0: https://en.wiktionary.org/wiki/ontsteking#Dutch. Example: PaulP (Dutch, https://tatoeba.org/en/sentences/show/13123715) and Tom9358 (English, https://tatoeba.org/en/sentences/show/13694560); CC BY 2.0 FR.",B2;production,de,ontstekingen,ontstekinkje,,,,,,,,false
onwetendheid,ignorance,B2,noun,"People, objects and abstract concepts",Hij maakte misbruik van mijn onwetendheid en bedroog me.,He took advantage of my ignorance and deceived me.,"Definition adapted from Wiktionary contributors, CC BY-SA 4.0: https://en.wiktionary.org/wiki/onwetendheid#Dutch. Example: LaraCroft (Dutch, https://tatoeba.org/en/sentences/show/716806) and CM (English, https://tatoeba.org/en/sentences/show/246920); CC BY 2.0 FR.",B2;production,de,onwetendheden,onwetendheidje,,,,,,,,false
oogpunt,"point of view, perspective",B2,noun,"People, objects and abstract concepts","Als ik Esperanto gebruik met hem, voel ik dat we beiden op hetzelfde peil staan, tenminste als we dat zien uit het oogpunt van taal.","Using Esperanto with him, I sense that we both are at the same level, at least from a linguistic point of view.","Definition adapted from Wiktionary contributors, CC BY-SA 4.0: https://en.wiktionary.org/wiki/oogpunt#Dutch. Example: GrizaLeono (Dutch, https://tatoeba.org/en/sentences/show/565869) and sacredceltic (English, https://tatoeba.org/en/sentences/show/478008); CC BY 2.0 FR.",B2;production,het,oogpunten,oogpuntje,,,,,,,,false
oogst,harvest,B2,noun,"People, objects and abstract concepts",Het verlies van de oogst maakte de boer verdrietig.,The loss of the harvest made the farmer sad.,"Definition adapted from Wiktionary contributors, CC BY-SA 4.0: https://en.wiktionary.org/wiki/oogst#Dutch. Example: RobinvanderVliet (Dutch, https://tatoeba.org/en/sentences/show/10675640) and sundown (English, https://tatoeba.org/en/sentences/show/8855669); CC BY 2.0 FR.",B2;production,de,oogsten,oogstje,,,,,,,,false
opera,opera,B2,noun,"People, objects and abstract concepts",Heb je ooit naar de Franse versie van deze opera geluisterd?,Have you ever listened to the French version of this opera?,"Definition adapted from Wiktionary contributors, CC BY-SA 4.0: https://en.wiktionary.org/wiki/opera#Dutch. Example: megamanenm (Dutch, https://tatoeba.org/en/sentences/show/10746363) and WestofEden (English, https://tatoeba.org/en/sentences/show/2628995); CC BY 2.0 FR.",B2;production,de,opera's,operaatje,,,,,,,,false
opheffing,lifting,B2,noun,"People, objects and abstract concepts",Maximaal 20 personen kunnen bij de begrafenis de opheffing van het lichaam bijwonen.,Up to 20 persons can attend the lifting of the body at the funeral.,"Definition adapted from Wiktionary contributors, CC BY-SA 4.0: https://en.wiktionary.org/wiki/opheffing#Dutch. Example from the same Wiktionary entry (CC BY-SA 4.0).",B2;production,de,opheffingen,,,,,,,,,false
opinie,opinion,B2,noun,"People, objects and abstract concepts",Jouw opinie is totaal anders dan de mijne.,Your opinion is quite different from mine.,"Definition adapted from Wiktionary contributors, CC BY-SA 4.0: https://en.wiktionary.org/wiki/opinie#Dutch. Example: PaulP (Dutch, https://tatoeba.org/en/sentences/show/4452631) and CK (English, https://tatoeba.org/en/sentences/show/70836); CC BY 2.0 FR.",B2;production,de,opinies,opinietje,,,,,,,,false
opkomst,"turnout, attendance",B2,noun,"People, objects and abstract concepts",Wat een menigte; wat een opkomst.,What a crowd; what a turnout.,"Definition adapted from Wiktionary contributors, CC BY-SA 4.0: https://en.wiktionary.org/wiki/opkomst#Dutch. Example: Nylez (Dutch, https://tatoeba.org/en/sentences/show/9226160) and shekitten (English, https://tatoeba.org/en/sentences/show/8913118); CC BY 2.0 FR.",B2;production,de,opkomsten,opkomstje,,,,,,,,false
oplage,circulation,B2,noun,"People, objects and abstract concepts",Die krant heeft een grote oplage.,That newspaper has a large circulation.,"Definition adapted from Wiktionary contributors, CC BY-SA 4.0: https://en.wiktionary.org/wiki/oplage#Dutch. Example: rose_d (Dutch, https://tatoeba.org/en/sentences/show/10642378) and CK (English, https://tatoeba.org/en/sentences/show/9149521); CC BY 2.0 FR.",B2;production,de,oplages,oplagetje,,,,,,,,false
oppervlak,surface,B2,noun,"People, objects and abstract concepts",De onderzeeër bevindt zich veertig meter onder het oppervlak.,The submarine is forty meters below the surface.,"Definition adapted from Wiktionary contributors, CC BY-SA 4.0: https://en.wiktionary.org/wiki/oppervlak#Dutch. Example: Balamax (Dutch, https://tatoeba.org/en/sentences/show/12111814) and Amastan (English, https://tatoeba.org/en/sentences/show/11514183); CC BY 2.0 FR.",B2;production,het,oppervlakken,oppervlakje,,,,,,,,false
oppositie,parliamentary opposition,B2,noun,"People, objects and abstract concepts",De leider van de oppositie vroeg om een onafhankelijk onderzoek.,The leader of the opposition called for an independent investigation.,"Definition adapted from Wiktionary contributors, CC BY-SA 4.0: https://en.wiktionary.org/wiki/oppositie#Dutch. Example: LinguisticFusion (Dutch, https://tatoeba.org/en/sentences/show/5048086) and Hybrid (English, https://tatoeba.org/en/sentences/show/5046218); CC BY 2.0 FR.",B2;production,de,opposities,oppositietje,,,,,,,,false
oprit,driveway,B2,noun,"People, objects and abstract concepts",Tom parkeerde zijn auto op de oprit.,Tom parked his car in the driveway.,"Definition adapted from Wiktionary contributors, CC BY-SA 4.0: https://en.wiktionary.org/wiki/oprit#Dutch. Example: rose_d (Dutch, https://tatoeba.org/en/sentences/show/10636904) and CK (English, https://tatoeba.org/en/sentences/show/5786314); CC BY 2.0 FR.",B2;production,de,opritten,opritje,,,,,,,,false
opslag,raise,B2,noun,"People, objects and abstract concepts",Tom heeft al drie jaar geen opslag gehad.,Tom hasn't had a pay raise for three years.,"Definition adapted from Wiktionary contributors, CC BY-SA 4.0: https://en.wiktionary.org/wiki/opslag#Dutch. Example: Raizin (Dutch, https://tatoeba.org/en/sentences/show/6617268) and CK (English, https://tatoeba.org/en/sentences/show/6569193); CC BY 2.0 FR.",B2;production,de,opslagen,opslagje,,,,,,,,false
opwarming,warming,B2,noun,"People, objects and abstract concepts",Fossiele brandstoffen zijn de belangrijkste oorzaak van de globale opwarming.,Fossil fuels are the main causes of global warming.,"No usual plural in this sense. Definition adapted from Wiktionary contributors, CC BY-SA 4.0: https://en.wiktionary.org/wiki/opwarming#Dutch. Example: martinod (Dutch, https://tatoeba.org/en/sentences/show/4952716) and LanguageExpert (English, https://tatoeba.org/en/sentences/show/1846542); CC BY 2.0 FR.",B2;production,de,,opwarminkje,,,,,,,,false
opwinding,"state of emotional arrousal, excitement, thrill",B2,noun,"People, objects and abstract concepts",Tom kon zijn opwinding niet verbergen.,Tom wasn't able to hide his excitement.,"Definition adapted from Wiktionary contributors, CC BY-SA 4.0: https://en.wiktionary.org/wiki/opwinding#Dutch. Example: Micsmithel (Dutch, https://tatoeba.org/en/sentences/show/6940087) and CK (English, https://tatoeba.org/en/sentences/show/6927858); CC BY 2.0 FR.",B2;production,de,opwindingen,opwindinkje,,,,,,,,false
opzicht,"relation, regard",B2,noun,"People, objects and abstract concepts",In dat opzicht ben ik het met je eens.,"In that regard, I agree with you.","Definition adapted from Wiktionary contributors, CC BY-SA 4.0: https://en.wiktionary.org/wiki/opzicht#Dutch. Example: rose_d (Dutch, https://tatoeba.org/en/sentences/show/10633172) and sharptoothed (English, https://tatoeba.org/en/sentences/show/2959297); CC BY 2.0 FR.",B2;production,het,opzichten,opzichtje,,,,,,,,false
order,order,B2,noun,"People, objects and abstract concepts",Wanneer ik een order geef wil ik dat het wordt uitgevoerd!,When I give an order I would like it to be executed!,"Definition adapted from Wiktionary contributors, CC BY-SA 4.0: https://en.wiktionary.org/wiki/order#Dutch. Example: Aubrey (Dutch, https://tatoeba.org/en/sentences/show/4300875) and negativeclock (English, https://tatoeba.org/en/sentences/show/4300615); CC BY 2.0 FR.",B2;production,de,orders,,,,,,,,,false
orgaan,organ,B2,noun,"People, objects and abstract concepts",De lever is een orgaan in het menselijk lichaam.,The liver is an organ of the human body.,"Definition adapted from Wiktionary contributors, CC BY-SA 4.0: https://en.wiktionary.org/wiki/orgaan#Dutch. Example: megamanenm (Dutch, https://tatoeba.org/en/sentences/show/11529541) and AmarMecheri (English, https://tatoeba.org/en/sentences/show/7078320); CC BY 2.0 FR.",B2;production,het,organen,orgaantje,,,,,,,,false
orgel,organ,B2,noun,"People, objects and abstract concepts",Meestal is er in een kerk een orgel.,There is usually an organ in a church.,"Definition adapted from Wiktionary contributors, CC BY-SA 4.0: https://en.wiktionary.org/wiki/orgel#Dutch. Example: PaulP (Dutch, https://tatoeba.org/en/sentences/show/5315900) and U2FS (English, https://tatoeba.org/en/sentences/show/19097); CC BY 2.0 FR.",B2;production,het,orgels,orgeltje,,,,,,,,false
orkaan,hurricane,B2,noun,"People, objects and abstract concepts",Het is een wonder dat hij de orkaan heeft overleefd.,It's a miracle that he survived the hurricane.,"Definition adapted from Wiktionary contributors, CC BY-SA 4.0: https://en.wiktionary.org/wiki/orkaan#Dutch. Example: Elsofie (Dutch, https://tatoeba.org/en/sentences/show/8094808) and CM (English, https://tatoeba.org/en/sentences/show/3259427); CC BY 2.0 FR.",B2;production,de,orkanen,orkaantje,,,,,,,,false
orkest,orchestra,B2,noun,"People, objects and abstract concepts",Het orkest speelde wondermooie symfonieën.,The orchestra played wonderful symphonies.,"Definition adapted from Wiktionary contributors, CC BY-SA 4.0: https://en.wiktionary.org/wiki/orkest#Dutch. Example: meshbags (Dutch, https://tatoeba.org/en/sentences/show/8228785) and MarijnKp (English, https://tatoeba.org/en/sentences/show/9629252); CC BY 2.0 FR.",B2;production,het,orkesten,orkestje,,,,,,,,false
ouderdom,"age, annosity",B2,noun,"People, objects and abstract concepts","De jeugd is een droom, en de ouderdom is een nachtmerrie.","Youth is a dream, and old age is a nightmare.","Definition adapted from Wiktionary contributors, CC BY-SA 4.0: https://en.wiktionary.org/wiki/ouderdom#Dutch. Example: carlosalberto (Dutch, https://tatoeba.org/en/sentences/show/12209441) and carlosalberto (English, https://tatoeba.org/en/sentences/show/12209356); CC BY 2.0 FR.",B2;production,de,ouderdommen,,,,,,,,,false
oudheid,antiquity,B2,noun,"People, objects and abstract concepts","Socrates, Plato en Aristoteles zijn de drie grootste filosofen van de klassieke oudheid.","Socrates, Plato and Aristotle are the three greatest philosophers of classical antiquity.","Definition adapted from Wiktionary contributors, CC BY-SA 4.0: https://en.wiktionary.org/wiki/oudheid#Dutch. Example: simonbr (Dutch, https://tatoeba.org/en/sentences/show/4144116) and Nylez (English, https://tatoeba.org/en/sentences/show/9363896); CC BY 2.0 FR.",B2;production,de,oudheden,oudheidje,,,,,,,,false
oudste,elder,B2,noun,"People, objects and abstract concepts",Zijn oudere zuster is ouder dan mijn oudste broer.,His elder sister is older than my eldest brother.,"Definition adapted from Wiktionary contributors, CC BY-SA 4.0: https://en.wiktionary.org/wiki/oudste#Dutch. Example: martinod (Dutch, https://tatoeba.org/en/sentences/show/674912) and Swift (English, https://tatoeba.org/en/sentences/show/286447); CC BY 2.0 FR.",B2;production,de,oudsten,,,,,,,,,false
outfit,outfit,B2,noun,"People, objects and abstract concepts",Tom heeft mijn nieuwe outfit niet eens opgemerkt.,Tom didn't even notice my new outfit.,"Definition adapted from Wiktionary contributors, CC BY-SA 4.0: https://en.wiktionary.org/wiki/outfit#Dutch. Example: megamanenm (Dutch, https://tatoeba.org/en/sentences/show/9178833) and Hybrid (English, https://tatoeba.org/en/sentences/show/3382723); CC BY 2.0 FR.",B2;production,de,outfits,outfitje,,,,,,,,false
overgang,transition,B2,noun,"People, objects and abstract concepts",Sami heeft een moeilijke overgang doorgemaakt.,Sami has been through a hard transition.,"Definition adapted from Wiktionary contributors, CC BY-SA 4.0: https://en.wiktionary.org/wiki/overgang#Dutch. Example: megamanenm (Dutch, https://tatoeba.org/en/sentences/show/10800508) and OsoHombre (English, https://tatoeba.org/en/sentences/show/7219323); CC BY 2.0 FR.",B2;production,de,overgangen,overgangetje,,,,,,,,false
overgewicht,overweight,B2,noun,"People, objects and abstract concepts",Tom en Maria zeiden dat ze geen overgewicht hebben.,Tom and Mary said that they weren't overweight.,"Definition adapted from Wiktionary contributors, CC BY-SA 4.0: https://en.wiktionary.org/wiki/overgewicht#Dutch. Example: SunnyMoon (Dutch, https://tatoeba.org/en/sentences/show/11213365) and CT (English, https://tatoeba.org/en/sentences/show/7436853); CC BY 2.0 FR.",B2;production,het,overgewichten,overgewichtje,,,,,,,,false
overkant,"other side, the opposite side, the far side",B2,noun,"People, objects and abstract concepts",Het gras is altijd groener aan de overkant.,The grass is always greener on the other side.,"Definition adapted from Wiktionary contributors, CC BY-SA 4.0: https://en.wiktionary.org/wiki/overkant#Dutch. Example: kiryopi (Dutch, https://tatoeba.org/en/sentences/show/12779297) and CK (English, https://tatoeba.org/en/sentences/show/444120); CC BY 2.0 FR.",B2;production,de,overkanten,overkantje,,,,,,,,false
oversteek,crossing,B2,noun,"People, objects and abstract concepts",Hij is gezien bij het oversteken van de weg.,He was seen crossing the road.,"Definition adapted from Wiktionary contributors, CC BY-SA 4.0: https://en.wiktionary.org/wiki/oversteek#Dutch. Example: benscheelings (Dutch, https://tatoeba.org/en/sentences/show/5506165) and CK (English, https://tatoeba.org/en/sentences/show/284067); CC BY 2.0 FR.",B2;production,de,oversteken,oversteekje,,,,,,,,false
overtreding,foul,B2,noun,"People, objects and abstract concepts",De scheidsrechter heeft gefloten voor een overtreding in het strafschopgebied. Het is een penalty.,The referee whistled for a foul inside the box. It's a penalty.,"Definition adapted from Wiktionary contributors, CC BY-SA 4.0: https://en.wiktionary.org/wiki/overtreding#Dutch. Example: sportsfreak (Dutch, https://tatoeba.org/en/sentences/show/9182648) and sundown (English, https://tatoeba.org/en/sentences/show/11818424); CC BY 2.0 FR.",B2;production,de,overtredingen,overtredinkje,,,,,,,,false
overval,"robbery, hold-up",B2,noun,"People, objects and abstract concepts",Voor de overval moest hij de gevangenis in.,He was sent to jail for the robbery.,"Definition adapted from Wiktionary contributors, CC BY-SA 4.0: https://en.wiktionary.org/wiki/overval#Dutch. Example: megamanenm (Dutch, https://tatoeba.org/en/sentences/show/12333788) and sacredceltic (English, https://tatoeba.org/en/sentences/show/295312); CC BY 2.0 FR.",B2;production,de,overvallen,overvalletje,,,,,,,,false
overvloed,"abundance, plenty",B2,noun,"People, objects and abstract concepts","Het huishouden heeft een overvloed aan melk, kaas en honing.","The household has an abundance of milk, cheese, and honey.","Definition adapted from Wiktionary contributors, CC BY-SA 4.0: https://en.wiktionary.org/wiki/overvloed#Dutch. Example: MarijnKp (Dutch, https://tatoeba.org/en/sentences/show/9367449) and CarpeLanam (English, https://tatoeba.org/en/sentences/show/6824736); CC BY 2.0 FR.",B2;production,de,overvloeden,overvloedje,,,,,,,,false
paal,"post, stake, pole, pile",B2,noun,"People, objects and abstract concepts",Door onoplettendheid botste ze met haar auto tegen de paal.,"By lack of attention, she hit the post with her car.","Definition adapted from Wiktionary contributors, CC BY-SA 4.0: https://en.wiktionary.org/wiki/paal#Dutch. Example: javyoze (Dutch, https://tatoeba.org/en/sentences/show/473373) and FeuDRenais (English, https://tatoeba.org/en/sentences/show/471396); CC BY 2.0 FR.",B2;production,de,palen,paaltje,,,,,,,,false
pad,toad,B2,noun,"People, objects and abstract concepts",Ik kan een kikker niet van een pad onderscheiden.,I cannot distinguish a frog from a toad.,"Definition adapted from Wiktionary contributors, CC BY-SA 4.0: https://en.wiktionary.org/wiki/pad#Dutch. Example: PaulP (Dutch, https://tatoeba.org/en/sentences/show/7835465) and nickyeow (English, https://tatoeba.org/en/sentences/show/664980); CC BY 2.0 FR.",B2;production,de,padden,padje,,,,,,,,false
paleis,palace,B2,noun,"People, objects and abstract concepts",De toeristen komen hier om het paleis te zien.,All the tourists come here to see the palace.,"Definition adapted from Wiktionary contributors, CC BY-SA 4.0: https://en.wiktionary.org/wiki/paleis#Dutch. Example: megamanenm (Dutch, https://tatoeba.org/en/sentences/show/11063598) and megamanenm (English, https://tatoeba.org/en/sentences/show/11063597); CC BY 2.0 FR.",B2;production,het,paleizen,paleisje,,,,,,,,false
parade,parade; a festive or ceremonial procession,B2,noun,"People, objects and abstract concepts",Ze leunden uit het venster om de parade te bekijken.,They leant out of the window to watch the parade.,"Definition adapted from Wiktionary contributors, CC BY-SA 4.0: https://en.wiktionary.org/wiki/parade#Dutch. Example: martinod (Dutch, https://tatoeba.org/en/sentences/show/5405619) and sundown (English, https://tatoeba.org/en/sentences/show/11940170); CC BY 2.0 FR.",B2;production,de,parades,paradetje,,,,,,,,false
paradijs,"paradise, wonderland, place to be",B2,noun,"People, objects and abstract concepts","Neem mijn hand, ik ben een vreemdeling in het paradijs.","Take my hand, I'm a stranger in paradise.","Definition adapted from Wiktionary contributors, CC BY-SA 4.0: https://en.wiktionary.org/wiki/paradijs#Dutch. Example: carlosalberto (Dutch, https://tatoeba.org/en/sentences/show/13921560) and carlosalberto (English, https://tatoeba.org/en/sentences/show/13921544); CC BY 2.0 FR.",B2;production,het,paradijzen,paradijsje,,,,,,,,false
parel,"mother of pearl, the natural material pearls are made from",B2,noun,"People, objects and abstract concepts",Zijn het echte parels of namaakparels?,Are the pearls real or fake?,"Definition adapted from Wiktionary contributors, CC BY-SA 4.0: https://en.wiktionary.org/wiki/parel#Dutch. Example: megamanenm (Dutch, https://tatoeba.org/en/sentences/show/11508074) and Hybrid (English, https://tatoeba.org/en/sentences/show/4600434); CC BY 2.0 FR.",B2;production,de,parels / parelen,pareltje,,,,,,,,false
parfum,"perfume, a luxury product providing a fragrant scent",B2,noun,"People, objects and abstract concepts",Maria deed te veel parfum op.,Mary put on too much perfume.,"Definition adapted from Wiktionary contributors, CC BY-SA 4.0: https://en.wiktionary.org/wiki/parfum#Dutch. Example: MarijnKp (Dutch, https://tatoeba.org/en/sentences/show/7645300) and Eccles17 (English, https://tatoeba.org/en/sentences/show/6827012); CC BY 2.0 FR.",B2;production,het,parfums,parfumpje,,,,,,,,false
patroon,"pattern, model",B2,noun,"People, objects and abstract concepts",Is er sprake van een patroon?,Is there a pattern?,"Definition adapted from Wiktionary contributors, CC BY-SA 4.0: https://en.wiktionary.org/wiki/patroon#Dutch. Example: doemaar14 (Dutch, https://tatoeba.org/en/sentences/show/10336232) and CK (English, https://tatoeba.org/en/sentences/show/2891452); CC BY 2.0 FR.",B2;production,het,patronen,patroontje,,,,,,,,false
paus,pope,B2,noun,"People, objects and abstract concepts",De paus heeft niet het recht om te trouwen.,The Pope has no right to marry.,"Definition adapted from Wiktionary contributors, CC BY-SA 4.0: https://en.wiktionary.org/wiki/paus#Dutch. Example: MarijnKp (Dutch, https://tatoeba.org/en/sentences/show/7608457) and fanty (English, https://tatoeba.org/en/sentences/show/528243); CC BY 2.0 FR.",B2;production,de,pausen,pausje,,,,,,,,false
pauw,"A peacock, a fowl of the genus Pavo",B2,noun,"People, objects and abstract concepts",Er loopt een pauw op de binnenplaats.,There's a peacock in the courtyard.,"Definition adapted from Wiktionary contributors, CC BY-SA 4.0: https://en.wiktionary.org/wiki/pauw#Dutch. Example: Citrine (Dutch, https://tatoeba.org/en/sentences/show/1482797) and Spamster (English, https://tatoeba.org/en/sentences/show/1482609); CC BY 2.0 FR.",B2;production,de,pauwen,pauwtje,,,,,,,,false
peiling,"another test, e.g. by poll",B2,noun,"People, objects and abstract concepts",Het resultaat van de peiling zal spoedig bekend worden.,The result of the poll will be known soon.,"Definition adapted from Wiktionary contributors, CC BY-SA 4.0: https://en.wiktionary.org/wiki/peiling#Dutch. Example: Nylez (Dutch, https://tatoeba.org/en/sentences/show/9642599) and CM (English, https://tatoeba.org/en/sentences/show/279688); CC BY 2.0 FR.",B2;production,de,peilingen,peilinkje,,,,,,,,false
persconferentie,press conference,B2,noun,"People, objects and abstract concepts",De president zal later op de dag een persconferentie geven.,The president will hold a press conference later today.,"Definition adapted from Wiktionary contributors, CC BY-SA 4.0: https://en.wiktionary.org/wiki/persconferentie#Dutch. Example: martinod (Dutch, https://tatoeba.org/en/sentences/show/1135455) and CM (English, https://tatoeba.org/en/sentences/show/243048); CC BY 2.0 FR.",B2;production,de,persconferenties,persconferentietje,,,,,,,,false
pest,"plague, pest, pestilence",B2,noun,"People, objects and abstract concepts",Ratten zijn drager van de pest.,Rats carry the plague.,"No usual plural in this sense. Definition adapted from Wiktionary contributors, CC BY-SA 4.0: https://en.wiktionary.org/wiki/pest#Dutch. Example: megamanenm (Dutch, https://tatoeba.org/en/sentences/show/10745140) and CK (English, https://tatoeba.org/en/sentences/show/35793); CC BY 2.0 FR.",B2;production,de,,,,,,,,,,false
peuter,"toddler, small child, usually between one and four years of age; a little shaver, tyke, tot",B2,noun,"People, objects and abstract concepts",Dit speelgoed heb ik al sinds ik een peuter was.,I've had this toy since I was a toddler.,"Definition adapted from Wiktionary contributors, CC BY-SA 4.0: https://en.wiktionary.org/wiki/peuter#Dutch. Example: megamanenm (Dutch, https://tatoeba.org/en/sentences/show/10788167) and megamanenm (English, https://tatoeba.org/en/sentences/show/10788165); CC BY 2.0 FR.",B2;production,de,peuters,peutertje,,,,,,,,false
picknick,picnic,B2,noun,"People, objects and abstract concepts",Door de regen moesten we onze picknick binnen eten.,"Because of the rain, we had to eat our picnic inside.","Definition adapted from Wiktionary contributors, CC BY-SA 4.0: https://en.wiktionary.org/wiki/picknick#Dutch. Example: Micsmithel (Dutch, https://tatoeba.org/en/sentences/show/6706858) and karloelkebekio (English, https://tatoeba.org/en/sentences/show/3599102); CC BY 2.0 FR.",B2;production,de,picknicks,picknickje,,,,,,,,false
pier,"pier, jetty",B2,noun,"People, objects and abstract concepts",Tom is van de pier gevallen omdat hij niet goed uitkeek.,Tom fell off the pier because he wasn't looking where he was going.,"Definition adapted from Wiktionary contributors, CC BY-SA 4.0: https://en.wiktionary.org/wiki/pier#Dutch. Example: megamanenm (Dutch, https://tatoeba.org/en/sentences/show/12343775) and CK (English, https://tatoeba.org/en/sentences/show/8272026); CC BY 2.0 FR.",B2;production,de,pieren,piertje,,,,,,,,false
pijl,"arrow, projectile",B2,noun,"People, objects and abstract concepts",Cupido had zijn pijl midden in mijn hart geschoten.,Cupid had shot his arrow right into my heart.,"Definition adapted from Wiktionary contributors, CC BY-SA 4.0: https://en.wiktionary.org/wiki/pijl#Dutch. Example: Tom9358 (Dutch, https://tatoeba.org/en/sentences/show/13464533) and Tom9358 (English, https://tatoeba.org/en/sentences/show/13464534); CC BY 2.0 FR.",B2;production,de,pijlen,pijltje,,,,,,,,false
pijp,pipe,B2,noun,"People, objects and abstract concepts",Hij zat daar met een pijp in zijn mond.,He was sitting there with a pipe in his mouth.,"Definition adapted from Wiktionary contributors, CC BY-SA 4.0: https://en.wiktionary.org/wiki/pijp#Dutch. Example: anders (Dutch, https://tatoeba.org/en/sentences/show/2811749) and CK (English, https://tatoeba.org/en/sentences/show/296261); CC BY 2.0 FR.",B2;production,de,pijpen,pijpje,,,,,,,,false
pil,"pill, a usually ball- or oval-shaped, coated portion of a drug to be taken orally",B2,noun,"People, objects and abstract concepts",De waarheid vergelijkt men vaak met een bittere pil.,The truth is often compared to a bitter pill.,"Definition adapted from Wiktionary contributors, CC BY-SA 4.0: https://en.wiktionary.org/wiki/pil#Dutch. Example: doemaar14 (Dutch, https://tatoeba.org/en/sentences/show/4668511) and Miktsoanit (English, https://tatoeba.org/en/sentences/show/12244852); CC BY 2.0 FR.",B2;production,de,pillen,pilletje,,,,,,,,false
piloot,pilot,B2,noun,"People, objects and abstract concepts",De piloot leest haar huidige hoogte af van de hoogtemeter.,The pilot reads her current altitude from the altimeter.,"Definition adapted from Wiktionary contributors, CC BY-SA 4.0: https://en.wiktionary.org/wiki/piloot#Dutch. Example: Dozyjones (Dutch, https://tatoeba.org/en/sentences/show/13203852) and Dozyjones (English, https://tatoeba.org/en/sentences/show/13203850); CC BY 2.0 FR.",B2;production,de,piloten,pilootje,,,,,,,,false
pindakaas,peanut butter,B2,noun,"People, objects and abstract concepts",Wat is er met al de pindakaas gebeurd?,What happened to all the peanut butter?,"Definition adapted from Wiktionary contributors, CC BY-SA 4.0: https://en.wiktionary.org/wiki/pindakaas#Dutch. Example: PaulP (Dutch, https://tatoeba.org/en/sentences/show/7531300) and Eccles17 (English, https://tatoeba.org/en/sentences/show/6894739); CC BY 2.0 FR.",B2;production,de,pindakazen,pindakaasje,,,,,,,,false
piramide,pyramid,B2,noun,"People, objects and abstract concepts",Niemand weet hoe de Piramide van Cheops is gebouwd.,No one knows how the Great Pyramid of Giza was built.,"Definition adapted from Wiktionary contributors, CC BY-SA 4.0: https://en.wiktionary.org/wiki/piramide#Dutch. Example: MarijnKp (Dutch, https://tatoeba.org/en/sentences/show/8101446) and Hybrid (English, https://tatoeba.org/en/sentences/show/4869616); CC BY 2.0 FR.",B2;production,de,piramiden / piramides,piramidetje,,,,,,,,false
pistool,pistol,B2,noun,"People, objects and abstract concepts",Ik sliep met een pistool onder mijn kussen.,I slept with a pistol under my pillow.,"Definition adapted from Wiktionary contributors, CC BY-SA 4.0: https://en.wiktionary.org/wiki/pistool#Dutch. Example: Amastan (Dutch, https://tatoeba.org/en/sentences/show/10828576) and Amastan (English, https://tatoeba.org/en/sentences/show/10828575); CC BY 2.0 FR.",B2;production,het,pistolen,pistooltje,,,,,,,,false
plaat,record,B2,noun,"People, objects and abstract concepts",Zijn nieuwe plaat verkoopt goed.,His new record sells well.,"Definition adapted from Wiktionary contributors, CC BY-SA 4.0: https://en.wiktionary.org/wiki/plaat#Dutch. Example: doemaar14 (Dutch, https://tatoeba.org/en/sentences/show/10882696) and CM (English, https://tatoeba.org/en/sentences/show/286818); CC BY 2.0 FR.",B2;production,de,platen,plaatje,,,,,,,,false
planeet,planet,B2,noun,"People, objects and abstract concepts",Wat is het verschil tussen een ster en een planeet?,What's the difference between a star and a planet?,"Definition adapted from Wiktionary contributors, CC BY-SA 4.0: https://en.wiktionary.org/wiki/planeet#Dutch. Example: MarijnKp (Dutch, https://tatoeba.org/en/sentences/show/7715266) and Hybrid (English, https://tatoeba.org/en/sentences/show/2724151); CC BY 2.0 FR.",B2;production,de,planeten,planeetje,,,,,,,,false
plank,shelf,B2,noun,"People, objects and abstract concepts",Ze zette haar cd's op een rijtje op de plank.,She put her CDs in a row on the shelf.,"Definition adapted from Wiktionary contributors, CC BY-SA 4.0: https://en.wiktionary.org/wiki/plank#Dutch. Example: Dorenda (Dutch, https://tatoeba.org/en/sentences/show/384450) and CM (English, https://tatoeba.org/en/sentences/show/310226); CC BY 2.0 FR.",B2;production,de,planken,plankje,,,,,,,,false
platteland,"country, countryside",B2,noun,"People, objects and abstract concepts",Ik woon liever op het platteland dan in de stad.,I prefer living in the countryside to living in the city.,"Definition adapted from Wiktionary contributors, CC BY-SA 4.0: https://en.wiktionary.org/wiki/platteland#Dutch. Example: PaulP (Dutch, https://tatoeba.org/en/sentences/show/14040183) and AryKiss (English, https://tatoeba.org/en/sentences/show/1979392); CC BY 2.0 FR.",B2;production,het,plattelanden,plattelandje,,,,,,,,false
plicht,"duty, obligation",B2,noun,"People, objects and abstract concepts",Het is onze plicht om de wet altijd te gehoorzamen.,It's our duty to always obey the law.,"Definition adapted from Wiktionary contributors, CC BY-SA 4.0: https://en.wiktionary.org/wiki/plicht#Dutch. Example: LaraCroft (Dutch, https://tatoeba.org/en/sentences/show/699036) and CK (English, https://tatoeba.org/en/sentences/show/696746); CC BY 2.0 FR.",B2;production,de,plichten,plichtje,,,,,,,,false
poes,female cat,B2,noun,"People, objects and abstract concepts",Mijn poes zit op het dak. Hij durft niet meer naar beneden.,My cat is on the roof. He doesn't dare come down anymore.,"Definition adapted from Wiktionary contributors, CC BY-SA 4.0: https://en.wiktionary.org/wiki/poes#Dutch. Example: kiryopi (Dutch, https://tatoeba.org/en/sentences/show/12854030) and kiryopi (English, https://tatoeba.org/en/sentences/show/12854031); CC BY 2.0 FR.",B2;production,de,poezen,poesje,,,,,,,,false
poker,poker,B2,noun,"People, objects and abstract concepts",Speel geen poker met Tom.,Don't play poker with Tom.,"No usual plural in this sense. Definition adapted from Wiktionary contributors, CC BY-SA 4.0: https://en.wiktionary.org/wiki/poker#Dutch. Example: rose_d (Dutch, https://tatoeba.org/en/sentences/show/10634734) and CK (English, https://tatoeba.org/en/sentences/show/3522058); CC BY 2.0 FR.",B2;production,het,,,,,,,,,,false
politieagent,police officer,B2,noun,"People, objects and abstract concepts",Tom is trots op het feit dat zijn vader een politieagent is.,Tom is proud of the fact that his father is a police officer.,"Definition adapted from Wiktionary contributors, CC BY-SA 4.0: https://en.wiktionary.org/wiki/politieagent#Dutch. Example: purple_ice (Dutch, https://tatoeba.org/en/sentences/show/11899735) and CK (English, https://tatoeba.org/en/sentences/show/8985372); CC BY 2.0 FR.",B2;production,de,politieagenten,politieagentje,,,,,,,,false
politiebureau,police station,B2,noun,"People, objects and abstract concepts",Mijn foto hangt in alle politiebureaus van het land.,My picture's in every police station in the country.,"Definition adapted from Wiktionary contributors, CC BY-SA 4.0: https://en.wiktionary.org/wiki/politiebureau#Dutch. Example: Raizin (Dutch, https://tatoeba.org/en/sentences/show/4578368) and CM (English, https://tatoeba.org/en/sentences/show/3730187); CC BY 2.0 FR.",B2;production,het,politiebureaus,politiebureautje,,,,,,,,false
pomp,pump,B2,noun,"People, objects and abstract concepts",Het menselijk hart is vergelijkbaar met een pomp.,The human heart is analogous to a pump.,"Definition adapted from Wiktionary contributors, CC BY-SA 4.0: https://en.wiktionary.org/wiki/pomp#Dutch. Example: martinod (Dutch, https://tatoeba.org/en/sentences/show/1074745) and Eldad (English, https://tatoeba.org/en/sentences/show/268997); CC BY 2.0 FR.",B2;production,de,pompen,pompje,,,,,,,,false
pond,"unit of mass, often broadly similar to 500 grams; metric pound",B2,noun,"People, objects and abstract concepts",Hij gaat een pondje kaas kopen op de markt.,He is going to buy a pound (500 g) of cheese at the market.,"Definition adapted from Wiktionary contributors, CC BY-SA 4.0: https://en.wiktionary.org/wiki/pond#Dutch. Example from the same Wiktionary entry (CC BY-SA 4.0).",B2;production,het,ponden,pondje,,,,,,,,false
poort,gate,B2,noun,"People, objects and abstract concepts",Eens kijken of we de poort open kunnen krijgen.,Let's see if we can get the gate opened.,"Definition adapted from Wiktionary contributors, CC BY-SA 4.0: https://en.wiktionary.org/wiki/poort#Dutch. Example: megamanenm (Dutch, https://tatoeba.org/en/sentences/show/12390660) and CK (English, https://tatoeba.org/en/sentences/show/3732360); CC BY 2.0 FR.",B2;production,de,poorten,poortje,,,,,,,,false
pop,pretty girl or young woman,B2,noun,"People, objects and abstract concepts",Het meisje heeft een mooie pop.,The girl has a pretty doll.,"Definition adapted from Wiktionary contributors, CC BY-SA 4.0: https://en.wiktionary.org/wiki/pop#Dutch. Example: megamanenm (Dutch, https://tatoeba.org/en/sentences/show/11522470) and rul (English, https://tatoeba.org/en/sentences/show/14024962); CC BY 2.0 FR.",B2;production,de,poppen,popje,,,,,,,,false
populariteit,popularity,B2,noun,"People, objects and abstract concepts",Eigenlijk dankte hij een deel van zijn populariteit aan zijn moeder.,"Actually, he thanked some of his popularity to his mother.","No usual plural in this sense. Definition adapted from Wiktionary contributors, CC BY-SA 4.0: https://en.wiktionary.org/wiki/populariteit#Dutch. Example: martinod (Dutch, https://tatoeba.org/en/sentences/show/1016295) and bohande (English, https://tatoeba.org/en/sentences/show/1219383); CC BY 2.0 FR.",B2;production,de,,,,,,,,,,false
portret,portrait,B2,noun,"People, objects and abstract concepts",Er hangt een portret van Bob aan de muur.,There is a portrait of Bob on the wall.,"Definition adapted from Wiktionary contributors, CC BY-SA 4.0: https://en.wiktionary.org/wiki/portret#Dutch. Example: Dorenda (Dutch, https://tatoeba.org/en/sentences/show/535058) and CP (English, https://tatoeba.org/en/sentences/show/320246); CC BY 2.0 FR.",B2;production,het,portretten,portretje,,,,,,,,false
postbode,"postperson, mailperson, letter carrier",B2,noun,"People, objects and abstract concepts",Is de postbode al geweest?,Has the letter carrier been by yet?,"Definition adapted from Wiktionary contributors, CC BY-SA 4.0: https://en.wiktionary.org/wiki/postbode#Dutch. Example: vvv123 (Dutch, https://tatoeba.org/en/sentences/show/3613852) and Dejo (English, https://tatoeba.org/en/sentences/show/542032); CC BY 2.0 FR.",B2;production,de,postbodes,postbodetje,,,,,,,,false
poster,"poster, a large sheet of printed paper that is hung vertically",B2,noun,"People, objects and abstract concepts",Kijk naar mijn nieuwe poster.,Look at my new poster.,"Definition adapted from Wiktionary contributors, CC BY-SA 4.0: https://en.wiktionary.org/wiki/poster#Dutch. Example: Micsmithel (Dutch, https://tatoeba.org/en/sentences/show/10204927) and Eccles17 (English, https://tatoeba.org/en/sentences/show/8637505); CC BY 2.0 FR.",B2;production,de,posters,postertje,,,,,,,,false
pot,"jar, pot, solid container",B2,noun,"People, objects and abstract concepts",Er is bijna geen koffie over in de pot.,There's almost no coffee left in the pot.,"Definition adapted from Wiktionary contributors, CC BY-SA 4.0: https://en.wiktionary.org/wiki/pot#Dutch. Example: DjWLaan (Dutch, https://tatoeba.org/en/sentences/show/1401685) and CK (English, https://tatoeba.org/en/sentences/show/1066037); CC BY 2.0 FR.",B2;production,de,potten,potje,,,,,,,,false
poëzie,poetry,B2,noun,"People, objects and abstract concepts",Liefde is de poëzie van de zintuigen.,Love is the poetry of the senses.,"Definition adapted from Wiktionary contributors, CC BY-SA 4.0: https://en.wiktionary.org/wiki/po%C3%ABzie#Dutch. Example: carlosalberto (Dutch, https://tatoeba.org/en/sentences/show/13977453) and carlosalberto (English, https://tatoeba.org/en/sentences/show/3071883); CC BY 2.0 FR.",B2;production,de,poëzieën,poëzietje,,,,,,,,false
predikant,"preacher, minister",B2,noun,"People, objects and abstract concepts",Onze predikant houdt elke Kerstmis dezelfde preek.,Our preacher preaches the same sermon every Christmas.,"Definition adapted from Wiktionary contributors, CC BY-SA 4.0: https://en.wiktionary.org/wiki/predikant#Dutch. Example: Micsmithel (Dutch, https://tatoeba.org/en/sentences/show/9513349) and CK (English, https://tatoeba.org/en/sentences/show/7653909); CC BY 2.0 FR.",B2;production,de,predikanten,predikantje,,,,,,,,false
preek,sermon,B2,noun,"People, objects and abstract concepts",De priester heeft een preek gehouden.,The priest recited a sermon.,"Definition adapted from Wiktionary contributors, CC BY-SA 4.0: https://en.wiktionary.org/wiki/preek#Dutch. Example: megamanenm (Dutch, https://tatoeba.org/en/sentences/show/11522291) and Hybrid (English, https://tatoeba.org/en/sentences/show/8229750); CC BY 2.0 FR.",B2;production,de,preken,preekje,,,,,,,,false
première,premiere,B2,noun,"People, objects and abstract concepts",Tom ontmoette fans en zette handtekeningen bij de première.,"At the premiere, Tom met with fans and signed autographs.","Definition adapted from Wiktionary contributors, CC BY-SA 4.0: https://en.wiktionary.org/wiki/premi%C3%A8re#Dutch. Example: MarijnKp (Dutch, https://tatoeba.org/en/sentences/show/10021107) and arnxy20 (English, https://tatoeba.org/en/sentences/show/2427747); CC BY 2.0 FR.",B2;production,de,premières,premièretje,,,,,,,,false
pret,fun,B2,noun,"People, objects and abstract concepts",De pret was niet van lange duur.,The fun didn't last long.,"No usual plural in this sense. Definition adapted from Wiktionary contributors, CC BY-SA 4.0: https://en.wiktionary.org/wiki/pret#Dutch. Example: Raizin (Dutch, https://tatoeba.org/en/sentences/show/4914374) and CK (English, https://tatoeba.org/en/sentences/show/4889903); CC BY 2.0 FR.",B2;production,de,,pretje,,,,,,,,false
priester,"male priest, clergyman, religious officiant",B2,noun,"People, objects and abstract concepts","Tom draagt een soutane, maar hij is geen priester.","Tom wears a frock, but he's not a priest.","Definition adapted from Wiktionary contributors, CC BY-SA 4.0: https://en.wiktionary.org/wiki/priester#Dutch. Example: PaulP (Dutch, https://tatoeba.org/en/sentences/show/11592678) and shekitten (English, https://tatoeba.org/en/sentences/show/9995758); CC BY 2.0 FR.",B2;production,de,priesters / priesteren,priestertje,,,,,,,,false
principe,principle,B2,noun,"People, objects and abstract concepts","Het principe mag niet zijn, dat wie het luidst roept, gelijk heeft.",The principle should not be that whoever shouts the loudest is right.,"Definition adapted from Wiktionary contributors, CC BY-SA 4.0: https://en.wiktionary.org/wiki/principe#Dutch. Example: PaulP (Dutch, https://tatoeba.org/en/sentences/show/9140392) and SunnyMoon (English, https://tatoeba.org/en/sentences/show/11194755); CC BY 2.0 FR.",B2;production,het,principes,principetje,,,,,,,,false
prins,prince,B2,noun,"People, objects and abstract concepts",Het sprookje vertelde over de kikker die een prins werd.,The fairy tale told of the frog who turned into a prince.,"Definition adapted from Wiktionary contributors, CC BY-SA 4.0: https://en.wiktionary.org/wiki/prins#Dutch. Example: Nylez (Dutch, https://tatoeba.org/en/sentences/show/10079256) and megamanenm (English, https://tatoeba.org/en/sentences/show/12170587); CC BY 2.0 FR.",B2;production,de,prinsen,prinsje,,,,,,,,false
prinses,princess,B2,noun,"People, objects and abstract concepts",De prinses had van de koning zes prachtige jurken gekregen.,The princess had six beautiful dresses given to her by the king.,"Definition adapted from Wiktionary contributors, CC BY-SA 4.0: https://en.wiktionary.org/wiki/prinses#Dutch. Example: megamanenm (Dutch, https://tatoeba.org/en/sentences/show/11018584) and megamanenm (English, https://tatoeba.org/en/sentences/show/11018583); CC BY 2.0 FR.",B2;production,de,prinsessen,prinsesje,,,,,,,,false
prioriteit,priority,B2,noun,"People, objects and abstract concepts",Voor haar was het welzijn van haar familie altijd haar hoogste prioriteit.,"For her, her family's well-being was always her top priority.","Definition adapted from Wiktionary contributors, CC BY-SA 4.0: https://en.wiktionary.org/wiki/prioriteit#Dutch. Example: megamanenm (Dutch, https://tatoeba.org/en/sentences/show/11508802) and megamanenm (English, https://tatoeba.org/en/sentences/show/11508801); CC BY 2.0 FR.",B2;production,de,prioriteiten,prioriteitje,,,,,,,,false
productiviteit,productivity,B2,noun,"People, objects and abstract concepts",We hebben meer productiviteit nodig.,We need more productivity.,"No usual plural in this sense. Definition adapted from Wiktionary contributors, CC BY-SA 4.0: https://en.wiktionary.org/wiki/productiviteit#Dutch. Example: PaulP (Dutch, https://tatoeba.org/en/sentences/show/11929303) and CM (English, https://tatoeba.org/en/sentences/show/5738715); CC BY 2.0 FR.",B2;production,de,,,,,,,,,,false
proef,"test, exam",B2,noun,"People, objects and abstract concepts",Je moet alles weten als je wilt slagen voor deze proef.,You need to know everything if you want to pass this test.,"Definition adapted from Wiktionary contributors, CC BY-SA 4.0: https://en.wiktionary.org/wiki/proef#Dutch. Example: Nylez (Dutch, https://tatoeba.org/en/sentences/show/9367598) and megamanenm (English, https://tatoeba.org/en/sentences/show/9808638); CC BY 2.0 FR.",B2;production,de,proeven,proefje,,,,,,,,false
profielfoto,profile picture,B2,noun,"People, objects and abstract concepts",Waarom heb je jouw profielfoto veranderd?,Why have you changed your profile picture?,"Definition adapted from Wiktionary contributors, CC BY-SA 4.0: https://en.wiktionary.org/wiki/profielfoto#Dutch. Example: MarijnKp (Dutch, https://tatoeba.org/en/sentences/show/7548910) and Ricardo14 (English, https://tatoeba.org/en/sentences/show/3479773); CC BY 2.0 FR.",B2;production,de,profielfoto's,profielfotootje,,,,,,,,false
programmeur,programmer,B2,noun,"People, objects and abstract concepts",Tom is een programmeur in een klein bedrijf.,Tom is a programmer for a small business.,"Definition adapted from Wiktionary contributors, CC BY-SA 4.0: https://en.wiktionary.org/wiki/programmeur#Dutch. Example: PaulP (Dutch, https://tatoeba.org/en/sentences/show/3282980) and Miktsoanit (English, https://tatoeba.org/en/sentences/show/12243562); CC BY 2.0 FR.",B2;production,de,programmeurs,programmeurtje,,,,,,,,false
prooi,"prey, catch",B2,noun,"People, objects and abstract concepts",De adelaar dook naar zijn prooi.,The eagle dived at its prey.,"Definition adapted from Wiktionary contributors, CC BY-SA 4.0: https://en.wiktionary.org/wiki/prooi#Dutch. Example: Yuzu_Sa_sushi (Dutch, https://tatoeba.org/en/sentences/show/12409655) and blay_paul (English, https://tatoeba.org/en/sentences/show/29140); CC BY 2.0 FR.",B2;production,de,prooien,prooitje,,,,,,,,false
propaganda,propaganda,B2,noun,"People, objects and abstract concepts",Noemt u dat propaganda?,You call this propaganda?,"Definition adapted from Wiktionary contributors, CC BY-SA 4.0: https://en.wiktionary.org/wiki/propaganda#Dutch. Example: PaulP (Dutch, https://tatoeba.org/en/sentences/show/13765132) and DJ_Saidez (English, https://tatoeba.org/en/sentences/show/9337158); CC BY 2.0 FR.",B2;production,de,propaganda's,propagandaatje,,,,,,,,false
protest,protest,B2,noun,"People, objects and abstract concepts",De leerlingen onderbraken het protest en keerden terug naar de klaslokalen.,The students interrupted the protest and returned to the classrooms.,"Definition adapted from Wiktionary contributors, CC BY-SA 4.0: https://en.wiktionary.org/wiki/protest#Dutch. Example: Nylez (Dutch, https://tatoeba.org/en/sentences/show/9419583) and SunnyMoon (English, https://tatoeba.org/en/sentences/show/11173936); CC BY 2.0 FR.",B2;production,het,protesten,protestje,,,,,,,,false
pruik,"wig, peruke",B2,noun,"People, objects and abstract concepts","Even onder ons, ik hoor dat afdelingsleider Tanaka eigenlijk een pruik draagt.","Don't tell anybody else, but director Tanaka wears a wig.","Definition adapted from Wiktionary contributors, CC BY-SA 4.0: https://en.wiktionary.org/wiki/pruik#Dutch. Example: Raizin (Dutch, https://tatoeba.org/en/sentences/show/4555780) and WestofEden (English, https://tatoeba.org/en/sentences/show/2660350); CC BY 2.0 FR.",B2;production,de,pruiken,pruikje,,,,,,,,false
psychiater,psychiatrist,B2,noun,"People, objects and abstract concepts",Neem je momenteel medicijnen die je zijn voorgeschreven door een psychiater?,Do you currently take any medication prescribed to you by a psychiatrist?,"Definition adapted from Wiktionary contributors, CC BY-SA 4.0: https://en.wiktionary.org/wiki/psychiater#Dutch. Example: Micsmithel (Dutch, https://tatoeba.org/en/sentences/show/9928292) and NurseMeeks (English, https://tatoeba.org/en/sentences/show/9849575); CC BY 2.0 FR.",B2;production,de,psychiaters,psychiatertje,,,,,,,,false
psycholoog,psychologist,B2,noun,"People, objects and abstract concepts",Heel veel mensen hebben hulp van een psycholoog nodig.,A lot of people need help from a psychologist.,"Definition adapted from Wiktionary contributors, CC BY-SA 4.0: https://en.wiktionary.org/wiki/psycholoog#Dutch. Example: GrizaLeono (Dutch, https://tatoeba.org/en/sentences/show/2147985) and tatoebashrek (English, https://tatoeba.org/en/sentences/show/10054327); CC BY 2.0 FR.",B2;production,de,psychologen,psycholoogje,,,,,,,,false
puin,"rubble, debris, wreckage; also as recycled building material",B2,noun,"People, objects and abstract concepts",Hulpdiensten zoeken nog in het puin naar overlevenden.,Emergency services are still looking through the rubble for survivors.,"Definition adapted from Wiktionary contributors, CC BY-SA 4.0: https://en.wiktionary.org/wiki/puin#Dutch. Example: marcelostockle (Dutch, https://tatoeba.org/en/sentences/show/2874008) and megamanenm (English, https://tatoeba.org/en/sentences/show/2897108); CC BY 2.0 FR.",B2;production,het,puinen,puintje,,,,,,,,false
puinhoop,"terrible mess, anything in a disastrous state; a rotten job or result",B2,noun,"People, objects and abstract concepts","Ja, dit is wel een mooie puinhoop...","Well, this is a fine mess...","Definition adapted from Wiktionary contributors, CC BY-SA 4.0: https://en.wiktionary.org/wiki/puinhoop#Dutch. Example: megamanenm (Dutch, https://tatoeba.org/en/sentences/show/9768631) and Eccles17 (English, https://tatoeba.org/en/sentences/show/6461320); CC BY 2.0 FR.",B2;production,de,puinhopen,puinhoopje,,,,,,,,false
put,"pit, well",B2,noun,"People, objects and abstract concepts","Wie voor een ander een put graaft, valt er zelf in.","He who digs a pit for others, falls into it himself.","Definition adapted from Wiktionary contributors, CC BY-SA 4.0: https://en.wiktionary.org/wiki/put#Dutch. Example: Adelpa (Dutch, https://tatoeba.org/en/sentences/show/11760410) and Adelpa (English, https://tatoeba.org/en/sentences/show/11760465); CC BY 2.0 FR.",B2;production,de,putten,putje,,,,,,,,false
quarantaine,"quarantine, sanitary measure of isolating infected people; its duration or site",B2,noun,"People, objects and abstract concepts",Het kan me niet schelen hoelang de quarantaine duurt!,I don't care how long quarantine lasts!,"Definition adapted from Wiktionary contributors, CC BY-SA 4.0: https://en.wiktionary.org/wiki/quarantaine#Dutch. Example: MarijnKp (Dutch, https://tatoeba.org/en/sentences/show/9032132) and DJ_Saidez (English, https://tatoeba.org/en/sentences/show/8950548); CC BY 2.0 FR.",B2;production,de,quarantaines,quarantainetje,,,,,,,,false
raadsel,riddle,B2,noun,"People, objects and abstract concepts",Al dit blijft voor mij een raadsel en een wonder.,All this is still for me a riddle and a wonder.,"Definition adapted from Wiktionary contributors, CC BY-SA 4.0: https://en.wiktionary.org/wiki/raadsel#Dutch. Example: Akradna (Dutch, https://tatoeba.org/en/sentences/show/1621338) and SunnyMoon (English, https://tatoeba.org/en/sentences/show/11176522); CC BY 2.0 FR.",B2;production,het,raadsels / raadselen,raadseltje,,,,,,,,false
race,"speed contest, a race",B2,noun,"People, objects and abstract concepts",Ze werd gediskwalificeerd van de race wegens twee valse starts.,She was disqualified from the race for two false starts.,"Definition adapted from Wiktionary contributors, CC BY-SA 4.0: https://en.wiktionary.org/wiki/race#Dutch. Example: Ronaldonl (Dutch, https://tatoeba.org/en/sentences/show/1690425) and shekitten (English, https://tatoeba.org/en/sentences/show/310143); CC BY 2.0 FR.",B2;production,de,races,raceje,,,,,,,,false
raket,"rocket, missile",B2,noun,"People, objects and abstract concepts",De astronauten gingen naar de maan in een raket.,The astronauts went up to the moon in a rocket.,"Definition adapted from Wiktionary contributors, CC BY-SA 4.0: https://en.wiktionary.org/wiki/raket#Dutch. Example: MarijnKp (Dutch, https://tatoeba.org/en/sentences/show/2339226) and Eldad (English, https://tatoeba.org/en/sentences/show/27020); CC BY 2.0 FR.",B2;production,de,raketten,raketje,,,,,,,,false
rand,"edge, brink, rim",B2,noun,"People, objects and abstract concepts","Daar waar een hoekpunt is, moet er een rand zijn.","Where there's a vertex, there must be an edge.","Definition adapted from Wiktionary contributors, CC BY-SA 4.0: https://en.wiktionary.org/wiki/rand#Dutch. Example: Micsmithel (Dutch, https://tatoeba.org/en/sentences/show/9310223) and AlanF_US (English, https://tatoeba.org/en/sentences/show/9076832); CC BY 2.0 FR.",B2;production,de,randen,randje,,,,,,,,false
rapper,rapper,B2,noun,"People, objects and abstract concepts",Tom is een goede rapper.,Tom is a good rapper.,"Definition adapted from Wiktionary contributors, CC BY-SA 4.0: https://en.wiktionary.org/wiki/rapper#Dutch. Example: doemaar14 (Dutch, https://tatoeba.org/en/sentences/show/10844283) and CK (English, https://tatoeba.org/en/sentences/show/9996392); CC BY 2.0 FR.",B2;production,de,rappers,rappertje,,,,,,,,false
rat,"any of the numerous, fairly large members of several rodent families that resemble true rats in appearance",B2,noun,"People, objects and abstract concepts","Als het schip lek is, gaan de ratten van boord.",His followers were quitting their positions like rats deserting a sinking ship.,"Definition adapted from Wiktionary contributors, CC BY-SA 4.0: https://en.wiktionary.org/wiki/rat#Dutch. Example: Dorenda (Dutch, https://tatoeba.org/en/sentences/show/422749) and mccarras (English, https://tatoeba.org/en/sentences/show/8988152); CC BY 2.0 FR.",B2;production,de,ratten,ratje,,,,,,,,false
rechercheur,"police detective, police investigator",B2,noun,"People, objects and abstract concepts",De rechercheur heeft het mysterie succesvol opgelost.,The detective has successfully solved the mystery.,"Definition adapted from Wiktionary contributors, CC BY-SA 4.0: https://en.wiktionary.org/wiki/rechercheur#Dutch. Example: Micsmithel (Dutch, https://tatoeba.org/en/sentences/show/6951193) and Eccles17 (English, https://tatoeba.org/en/sentences/show/6942753); CC BY 2.0 FR.",B2;production,de,rechercheurs,rechercheurtje,,,,,,,,false
rechterhand,"right hand, part of the arm",B2,noun,"People, objects and abstract concepts","Tom eet met zijn linker-, maar schrijft met zijn rechterhand.","Tom eats with his left hand, but he writes with his right.","Definition adapted from Wiktionary contributors, CC BY-SA 4.0: https://en.wiktionary.org/wiki/rechterhand#Dutch. Example: casperdewith (Dutch, https://tatoeba.org/en/sentences/show/13987917) and CK (English, https://tatoeba.org/en/sentences/show/1025840); CC BY 2.0 FR.",B2;production,de,rechterhanden,rechterhandje,,,,,,,,false
rechtsstaat,"nation of laws, constitutional state",B2,noun,"People, objects and abstract concepts",Veel rechtsstaten sloten geen uitleveringsverdrag met deze dictatuur.,Many nations of laws didn't sign extradition treaties with this dictatorship.,"Definition adapted from Wiktionary contributors, CC BY-SA 4.0: https://en.wiktionary.org/wiki/rechtsstaat#Dutch. Example from the same Wiktionary entry (CC BY-SA 4.0).",B2;production,de,rechtsstaten,rechtsstaatje,,,,,,,,false
rechtszaak,lawsuit,B2,noun,"People, objects and abstract concepts",Ik zou alles liever willen dan een rechtszaak.,I would prefer any alternative to a lawsuit.,"Definition adapted from Wiktionary contributors, CC BY-SA 4.0: https://en.wiktionary.org/wiki/rechtszaak#Dutch. Example: Nylez (Dutch, https://tatoeba.org/en/sentences/show/9431610) and CK (English, https://tatoeba.org/en/sentences/show/259161); CC BY 2.0 FR.",B2;production,de,rechtszaken,rechtszaakje,,,,,,,,false
rechtszaal,courtroom,B2,noun,"People, objects and abstract concepts",Iedereen behalve de rechter verliet de rechtszaal.,Everyone except the judge left the courtroom.,"Definition adapted from Wiktionary contributors, CC BY-SA 4.0: https://en.wiktionary.org/wiki/rechtszaal#Dutch. Example: carlosalberto (Dutch, https://tatoeba.org/en/sentences/show/12129562) and carlosalberto (English, https://tatoeba.org/en/sentences/show/12129504); CC BY 2.0 FR.",B2;production,de,rechtszalen,rechtszaaltje,,,,,,,,false
redacteur,editor,B2,noun,"People, objects and abstract concepts",Haar vader was de redacteur van een Duitse krant in Letland.,Her father was the editor of a German newspaper in Latvia.,"Definition adapted from Wiktionary contributors, CC BY-SA 4.0: https://en.wiktionary.org/wiki/redacteur#Dutch. Example: MarijnKp (Dutch, https://tatoeba.org/en/sentences/show/7548935) and Lindoula (English, https://tatoeba.org/en/sentences/show/5269859); CC BY 2.0 FR.",B2;production,de,redacteurs / redacteuren,redacteurtje,,,,,,,,false
redding,"rescue, rescuing",B2,noun,"People, objects and abstract concepts",Hij voelde een grote opluchting na de geslaagde redding van het drenkeling.,He felt a great relief after the successful rescue of the drowning person.,"Definition adapted from Wiktionary contributors, CC BY-SA 4.0: https://en.wiktionary.org/wiki/redding#Dutch. Example from the same Wiktionary entry (CC BY-SA 4.0).",B2;production,de,reddingen,reddinkje,,,,,,,,false
reflectie,reflection,B2,noun,"People, objects and abstract concepts",Ze staarde naar haar reflectie in de spiegel.,She stared at her reflection in the mirror.,"Definition adapted from Wiktionary contributors, CC BY-SA 4.0: https://en.wiktionary.org/wiki/reflectie#Dutch. Example: doemaar14 (Dutch, https://tatoeba.org/en/sentences/show/4654655) and Hybrid (English, https://tatoeba.org/en/sentences/show/4073308); CC BY 2.0 FR.",B2;production,de,reflecties,reflectietje,,,,,,,,false
regime,regime,B2,noun,"People, objects and abstract concepts",We herdenken vandaag de nederlaag van het militaire regime.,Today we commemorate the defeat of the military regime.,"Definition adapted from Wiktionary contributors, CC BY-SA 4.0: https://en.wiktionary.org/wiki/regime#Dutch. Example: marcelostockle (Dutch, https://tatoeba.org/en/sentences/show/2777947) and kiryopi (English, https://tatoeba.org/en/sentences/show/12749127); CC BY 2.0 FR.",B2;production,het,regimes,regimetje,,,,,,,,false
regisseur,director,B2,noun,"People, objects and abstract concepts",De Amerikaanse regisseur creëerde een eerbetoon aan de spaghetti western films.,The American director made an homage to spaghetti western films.,"Definition adapted from Wiktionary contributors, CC BY-SA 4.0: https://en.wiktionary.org/wiki/regisseur#Dutch. Example: Mandalay (Dutch, https://tatoeba.org/en/sentences/show/6122186) and shekitten (English, https://tatoeba.org/en/sentences/show/6122032); CC BY 2.0 FR.",B2;production,de,regisseurs,regisseurtje,,,,,,,,false
religie,"faith, religion, a system of beliefs dealing with soul, deity and/or life after death",B2,noun,"People, objects and abstract concepts",De islam is echt een wonderbaarlijke religie.,Islam is a really wonderful religion.,"Definition adapted from Wiktionary contributors, CC BY-SA 4.0: https://en.wiktionary.org/wiki/religie#Dutch. Example: megamanenm (Dutch, https://tatoeba.org/en/sentences/show/10846712) and Amastan (English, https://tatoeba.org/en/sentences/show/8254762); CC BY 2.0 FR.",B2;production,de,religies,religietje,,,,,,,,false
renner,"runner, one who runs",B2,noun,"People, objects and abstract concepts",Tom is de snelste renner van ons drieën.,Tom is the fastest runner out of the three of us.,"Definition adapted from Wiktionary contributors, CC BY-SA 4.0: https://en.wiktionary.org/wiki/renner#Dutch. Example: doemaar14 (Dutch, https://tatoeba.org/en/sentences/show/10358500) and CK (English, https://tatoeba.org/en/sentences/show/10201488); CC BY 2.0 FR.",B2;production,de,renners,rennertje,,,,,,,,false
republiek,republic,B2,noun,"People, objects and abstract concepts",In een republiek is het staatshoofd geen erfelijke monarch.,In a republic the head of state is not a hereditary monarch.,,B2;production,de,republieken,republiekje,,,,,,,,false
resolutie,resolution,B2,noun,"People, objects and abstract concepts",Deze monitor heeft een veel hogere resolutie dan mijn oude.,This monitor has a much larger resolution than my old one.,"Definition adapted from Wiktionary contributors, CC BY-SA 4.0: https://en.wiktionary.org/wiki/resolutie#Dutch. Example: Raizin (Dutch, https://tatoeba.org/en/sentences/show/5932673) and mailohilohi (English, https://tatoeba.org/en/sentences/show/5930411); CC BY 2.0 FR.",B2;production,de,resoluties,resolutietje,,,,,,,,false
restauratie,restoration of an object of artistic or historical significance,B2,noun,"People, objects and abstract concepts",Tijdens de restauratie hebben de bezoekers beperkt toegang tot het museum.,"During the restoration work, visitors have limited access to the museum.","Definition adapted from Wiktionary contributors, CC BY-SA 4.0: https://en.wiktionary.org/wiki/restauratie#Dutch. Example: Nipotina (Dutch, https://tatoeba.org/en/sentences/show/4709358) and sundown (English, https://tatoeba.org/en/sentences/show/9199749); CC BY 2.0 FR.",B2;production,de,restauraties,restauratietje,,,,,,,,false
reus,giant,B2,noun,"People, objects and abstract concepts",Wij hebben een Vlaamse reus.,We have a Flemish Giant rabbit.,"Definition adapted from Wiktionary contributors, CC BY-SA 4.0: https://en.wiktionary.org/wiki/reus#Dutch. Example: handstands (Dutch, https://tatoeba.org/en/sentences/show/8764084) and shekitten (English, https://tatoeba.org/en/sentences/show/8757070); CC BY 2.0 FR.",B2;production,de,reuzen,reusje,,,,,,,,false
revolutie,revolution,B2,noun,"People, objects and abstract concepts",De Franse Revolutie vond plaats in 1789.,The French Revolution took place in 1789.,"Definition adapted from Wiktionary contributors, CC BY-SA 4.0: https://en.wiktionary.org/wiki/revolutie#Dutch. Example: PaulP (Dutch, https://tatoeba.org/en/sentences/show/12928599) and AlanF_US (English, https://tatoeba.org/en/sentences/show/5006828); CC BY 2.0 FR.",B2;production,de,revoluties,revolutietje,,,,,,,,false
rijkdom,wealth,B2,noun,"People, objects and abstract concepts",Ondanks al zijn rijkdom is hij toch gierig.,"Despite all his wealth, he is stingy.","Definition adapted from Wiktionary contributors, CC BY-SA 4.0: https://en.wiktionary.org/wiki/rijkdom#Dutch. Example: javyoze (Dutch, https://tatoeba.org/en/sentences/show/459950) and Scott (English, https://tatoeba.org/en/sentences/show/318751); CC BY 2.0 FR.",B2;production,de,rijkdommen,rijkdommetje,,,,,,,,false
riool,"sewer, drain to remove filth",B2,noun,"People, objects and abstract concepts",Het riool was tot de rand gevuld.,The sewer was filled to the brim.,"Definition adapted from Wiktionary contributors, CC BY-SA 4.0: https://en.wiktionary.org/wiki/riool#Dutch. Example: MarijnKp (Dutch, https://tatoeba.org/en/sentences/show/12947117) and rul (English, https://tatoeba.org/en/sentences/show/12857732); CC BY 2.0 FR.",B2;production,het,riolen,riooltje,,,,,,,,false
ritme,"rhythm, beat",B2,noun,"People, objects and abstract concepts",Mary loopt op het ritme van haar eigen trommel.,Mary walks to the beat of her own drum.,"Definition adapted from Wiktionary contributors, CC BY-SA 4.0: https://en.wiktionary.org/wiki/ritme#Dutch. Example: Mandalay (Dutch, https://tatoeba.org/en/sentences/show/6122143) and shekitten (English, https://tatoeba.org/en/sentences/show/6122076); CC BY 2.0 FR.",B2;production,het,ritmen / ritmes,ritmetje,,,,,,,,false
robot,robot,B2,noun,"People, objects and abstract concepts",Hoe zou ik een robot kunnen zijn? Robots dromen niet.,How could I be a robot? Robots don't dream.,"Definition adapted from Wiktionary contributors, CC BY-SA 4.0: https://en.wiktionary.org/wiki/robot#Dutch. Example: Dorenda (Dutch, https://tatoeba.org/en/sentences/show/380294) and Zifre (English, https://tatoeba.org/en/sentences/show/1456); CC BY 2.0 FR.",B2;production,de,robots / robotten,robotje,,,,,,,,false
roeping,"vocation, calling",B2,noun,"People, objects and abstract concepts",Het kloosterleven was zijn roeping.,Monasticism was his calling.,"Definition adapted from Wiktionary contributors, CC BY-SA 4.0: https://en.wiktionary.org/wiki/roeping#Dutch. Example from the same Wiktionary entry (CC BY-SA 4.0).",B2;production,de,roepingen,roepinkje,,,,,,,,false
rolstoel,wheelchair,B2,noun,"People, objects and abstract concepts",Een jongen in een rolstoel vroeg Tom hoe laat het was.,A young boy in a wheelchair asked Tom what time it was.,"Definition adapted from Wiktionary contributors, CC BY-SA 4.0: https://en.wiktionary.org/wiki/rolstoel#Dutch. Example: SunnyMoon (Dutch, https://tatoeba.org/en/sentences/show/11145885) and CK (English, https://tatoeba.org/en/sentences/show/1910426); CC BY 2.0 FR.",B2;production,de,rolstoelen,rolstoeltje,,,,,,,,false
rommel,"junk, low-quality stuff",B2,noun,"People, objects and abstract concepts",Eén van je buren had over de vele rommel in je tuin geklaagd.,One of your neighbors complained about all the junk in your front yard.,"No usual plural in this sense. Definition adapted from Wiktionary contributors, CC BY-SA 4.0: https://en.wiktionary.org/wiki/rommel#Dutch. Example: SunnyMoon (Dutch, https://tatoeba.org/en/sentences/show/11133733) and CK (English, https://tatoeba.org/en/sentences/show/3158729); CC BY 2.0 FR.",B2;production,de,,rommeltje,,,,,,,,false
romp,hull,B2,noun,"People, objects and abstract concepts",De romp van het schip stortte in.,The hull of the ship collapsed.,"Definition adapted from Wiktionary contributors, CC BY-SA 4.0: https://en.wiktionary.org/wiki/romp#Dutch. Example: MarijnKp (Dutch, https://tatoeba.org/en/sentences/show/12967551) and CM (English, https://tatoeba.org/en/sentences/show/10911372); CC BY 2.0 FR.",B2;production,de,rompen,rompje,,,,,,,,false
ronde,"tour, stage race",B2,noun,"People, objects and abstract concepts",Contador won de gele trui in de ronde van Frankrijk.,Contador won the maillot jaune in the Tour de France.,"Definition adapted from Wiktionary contributors, CC BY-SA 4.0: https://en.wiktionary.org/wiki/ronde#Dutch. Example: Vulgaris (Dutch, https://tatoeba.org/en/sentences/show/844782) and eljaque (English, https://tatoeba.org/en/sentences/show/440992); CC BY 2.0 FR.",B2;production,de,ronden / rondes,rondje,,,,,,,,false
rook,smoke,B2,noun,"People, objects and abstract concepts",Er is geen rook en dus ook geen vuur.,"There is no smoke, and hence no fire.","No usual plural in this sense. Definition adapted from Wiktionary contributors, CC BY-SA 4.0: https://en.wiktionary.org/wiki/rook#Dutch. Example: Nylez (Dutch, https://tatoeba.org/en/sentences/show/9231766) and SunnyMoon (English, https://tatoeba.org/en/sentences/show/11164986); CC BY 2.0 FR.",B2;production,de,,,,,,,,,,false
rots,rock,B2,noun,"People, objects and abstract concepts",Ik hield de wacht in de holte van de rots.,I kept watch in the hollow of the rock.,"Definition adapted from Wiktionary contributors, CC BY-SA 4.0: https://en.wiktionary.org/wiki/rots#Dutch. Example: Micsmithel (Dutch, https://tatoeba.org/en/sentences/show/10541189) and AmarMecheri (English, https://tatoeba.org/en/sentences/show/9286057); CC BY 2.0 FR.",B2;production,de,rotsen,rotsje,,,,,,,,false
rotzooi,"rubbish, garbage",B2,noun,"People, objects and abstract concepts",Waarom kijk je naar deze rotzooi?,Why are you watching this garbage?,"Definition adapted from Wiktionary contributors, CC BY-SA 4.0: https://en.wiktionary.org/wiki/rotzooi#Dutch. Example: rose_d (Dutch, https://tatoeba.org/en/sentences/show/10641291) and Hybrid (English, https://tatoeba.org/en/sentences/show/6942106); CC BY 2.0 FR.",B2;production,de,rotzooien,rotzooitje,,,,,,,,false
rover,robber,B2,noun,"People, objects and abstract concepts",De rover naderde onder dekking van de nacht.,The robber approached under cover of night.,"Definition adapted from Wiktionary contributors, CC BY-SA 4.0: https://en.wiktionary.org/wiki/rover#Dutch. Example: martinod (Dutch, https://tatoeba.org/en/sentences/show/7824168) and rul (English, https://tatoeba.org/en/sentences/show/12542816); CC BY 2.0 FR.",B2;production,de,rovers,rovertje,,,,,,,,false
rugzak,"rucksack, backpack",B2,noun,"People, objects and abstract concepts",Hij voelde in zijn rugzak en haalde een 9mm-pistool tevoorschijn.,He reached into his backpack and pulled out a 9mm pistol.,"Definition adapted from Wiktionary contributors, CC BY-SA 4.0: https://en.wiktionary.org/wiki/rugzak#Dutch. Example: doemaar14 (Dutch, https://tatoeba.org/en/sentences/show/8434874) and Amastan (English, https://tatoeba.org/en/sentences/show/8380047); CC BY 2.0 FR.",B2;production,de,rugzakken,rugzakje,,,,,,,,false
ruil,"swap, exchange",B2,noun,"People, objects and abstract concepts",Op de markt kun je vaak een goede ruil doen.,"At the market, you can often make a good exchange.","Definition adapted from Wiktionary contributors, CC BY-SA 4.0: https://en.wiktionary.org/wiki/ruil#Dutch. Example from the same Wiktionary entry (CC BY-SA 4.0).",B2;production,de,ruilen,ruiltje,,,,,,,,false
ruimte,"space, outer space",B2,noun,"People, objects and abstract concepts",De bemanning bereidde zich voor op de reis naar de ruimte.,The crew prepared for the voyage to outer space.,"Definition adapted from Wiktionary contributors, CC BY-SA 4.0: https://en.wiktionary.org/wiki/ruimte#Dutch. Example: Vulgaris (Dutch, https://tatoeba.org/en/sentences/show/861631) and H_Liliom (English, https://tatoeba.org/en/sentences/show/268423); CC BY 2.0 FR.",B2;production,de,ruimtes / ruimten,,,,,,,,,false
ruit,"glass panel in a window; hence, the whole window",B2,noun,"People, objects and abstract concepts",Een ruit is een stuk glas in een raam.,A pane is a piece of glass in a window.,"Definition adapted from Wiktionary contributors, CC BY-SA 4.0: https://en.wiktionary.org/wiki/ruit#Dutch. Example: Tom9358 (Dutch, https://tatoeba.org/en/sentences/show/12888236) and Tom9358 (English, https://tatoeba.org/en/sentences/show/12888237); CC BY 2.0 FR.",B2;production,de,ruiten,ruitje,,,,,,,,false
ruzie,"quarrel, row, conflict, dispute",B2,noun,"People, objects and abstract concepts",Hij probeerde een eind aan hun ruzie te maken.,He tried to put an end to their quarrel.,"Definition adapted from Wiktionary contributors, CC BY-SA 4.0: https://en.wiktionary.org/wiki/ruzie#Dutch. Example: Elsofie (Dutch, https://tatoeba.org/en/sentences/show/8318794) and mattlb92 (English, https://tatoeba.org/en/sentences/show/302548); CC BY 2.0 FR.",B2;production,de,ruzies,ruzietje,,,,,,,,false
salon,"salon, room for receiving guests",B2,noun,"People, objects and abstract concepts","Er zijn 3 slaapkamers, een keuken, een eetkamer, een salon en een badkamer.","There are three bedrooms, a kitchen, a dining room, a living room, and a bathroom.","Definition adapted from Wiktionary contributors, CC BY-SA 4.0: https://en.wiktionary.org/wiki/salon#Dutch. Example: martinod (Dutch, https://tatoeba.org/en/sentences/show/840014) and lukaszpp (English, https://tatoeba.org/en/sentences/show/463070); CC BY 2.0 FR.",B2;production,de,salons,salonnetje,,,,,,,,false
samenstelling,composition,B2,noun,"People, objects and abstract concepts",Het Verdrag van Lissabon wijzigt de samenstelling van de Europese Raad.,The Treaty of Lisbon changes the composition of the European Council.,"Definition adapted from Wiktionary contributors, CC BY-SA 4.0: https://en.wiktionary.org/wiki/samenstelling#Dutch. Example: Micsmithel (Dutch, https://tatoeba.org/en/sentences/show/10302747) and Miktsoanit (English, https://tatoeba.org/en/sentences/show/12228554); CC BY 2.0 FR.",B2;production,de,samenstellingen,samenstellinkje,,,,,,,,false
samenzwering,conspiracy,B2,noun,"People, objects and abstract concepts",De samenzwering zal doorgaan.,The conspiracy will continue.,"Definition adapted from Wiktionary contributors, CC BY-SA 4.0: https://en.wiktionary.org/wiki/samenzwering#Dutch. Example: MarijnKp (Dutch, https://tatoeba.org/en/sentences/show/10023870) and CM (English, https://tatoeba.org/en/sentences/show/5735023); CC BY 2.0 FR.",B2;production,de,samenzweringen,samenzwerinkje,,,,,,,,false
satelliet,satellite,B2,noun,"People, objects and abstract concepts",De satelliet bevindt zich in een baan om de maan.,The satellite is in orbit around the moon.,"Definition adapted from Wiktionary contributors, CC BY-SA 4.0: https://en.wiktionary.org/wiki/satelliet#Dutch. Example: Dorenda (Dutch, https://tatoeba.org/en/sentences/show/392905) and CK (English, https://tatoeba.org/en/sentences/show/26117); CC BY 2.0 FR.",B2;production,de,satellieten,satellietje,,,,,,,,false
sauna,sauna,B2,noun,"People, objects and abstract concepts",In Finland heeft bijna iedereen een sauna in huis.,"In Finland, almost everyone has a sauna in their home.","Definition adapted from Wiktionary contributors, CC BY-SA 4.0: https://en.wiktionary.org/wiki/sauna#Dutch. Example: MarijnKp (Dutch, https://tatoeba.org/en/sentences/show/7811424) and Hybrid (English, https://tatoeba.org/en/sentences/show/6635472); CC BY 2.0 FR.",B2;production,de,sauna's,saunaatje,,,,,,,,false
scenario,scenario,B2,noun,"People, objects and abstract concepts",In het ideale scenario hoeft niemand zijn baan te verliezen.,"In the ideal scenario, no one needs to lose their job.","Definition adapted from Wiktionary contributors, CC BY-SA 4.0: https://en.wiktionary.org/wiki/scenario#Dutch. Example: megamanenm (Dutch, https://tatoeba.org/en/sentences/show/10740909) and megamanenm (English, https://tatoeba.org/en/sentences/show/10740910); CC BY 2.0 FR.",B2;production,het,scenario's,scenariootje,,,,,,,,false
schaal,shallow bowl,B2,noun,"People, objects and abstract concepts",Er zitten veel soorten snoep in de schaal.,The bowl contains many kinds of candy.,"Definition adapted from Wiktionary contributors, CC BY-SA 4.0: https://en.wiktionary.org/wiki/schaal#Dutch. Example: Elsofie (Dutch, https://tatoeba.org/en/sentences/show/7957557) and CK (English, https://tatoeba.org/en/sentences/show/68616); CC BY 2.0 FR.",B2;production,de,schalen,schaaltje,,,,,,,,false
schakel,link of a chain,B2,noun,"People, objects and abstract concepts",De keten is niet sterker dan de zwakste schakel.,A chain is no stronger than its weakest link.,"Definition adapted from Wiktionary contributors, CC BY-SA 4.0: https://en.wiktionary.org/wiki/schakel#Dutch. Example: megamanenm (Dutch, https://tatoeba.org/en/sentences/show/3131690) and qdii (English, https://tatoeba.org/en/sentences/show/619725); CC BY 2.0 FR.",B2;production,de,schakels,schakeltje,,,,,,,,false
schandaal,scandal,B2,noun,"People, objects and abstract concepts",Ik denk niet dat Tom betrokken was bij dat schandaal.,I don't think Tom was involved in the scandal.,"Definition adapted from Wiktionary contributors, CC BY-SA 4.0: https://en.wiktionary.org/wiki/schandaal#Dutch. Example: Akradna (Dutch, https://tatoeba.org/en/sentences/show/1620969) and CK (English, https://tatoeba.org/en/sentences/show/1027578); CC BY 2.0 FR.",B2;production,het,schandalen,schandaaltje,,,,,,,,false
schande,"shame, disgrace",B2,noun,"People, objects and abstract concepts",Het is geen schande om te zeggen dat je het niet weet.,There is no shame in saying 'I don't know'.,"Definition adapted from Wiktionary contributors, CC BY-SA 4.0: https://en.wiktionary.org/wiki/schande#Dutch. Example: lonepawn (Dutch, https://tatoeba.org/en/sentences/show/4570014) and maydoo (English, https://tatoeba.org/en/sentences/show/4567205); CC BY 2.0 FR.",B2;production,de,schanden / schandes,,,,,,,,,false
schat,"treasure, amassed valuables",B2,noun,"People, objects and abstract concepts",Wat ga je doen met jouw deel van de schat?,What are you going to do with your share of the treasure?,"Definition adapted from Wiktionary contributors, CC BY-SA 4.0: https://en.wiktionary.org/wiki/schat#Dutch. Example: megamanenm (Dutch, https://tatoeba.org/en/sentences/show/10734657) and Hybrid (English, https://tatoeba.org/en/sentences/show/4680084); CC BY 2.0 FR.",B2;production,de,schatten,schatje,,,,,,,,false
scheepvaart,"shipping, navigation",B2,noun,"People, objects and abstract concepts",De scheepvaart was tijdelijk gestremd.,The navigation was temporarily interrupted.,"No usual plural in this sense. Definition adapted from Wiktionary contributors, CC BY-SA 4.0: https://en.wiktionary.org/wiki/scheepvaart#Dutch. Example: carlosalberto (Dutch, https://tatoeba.org/en/sentences/show/3152109) and SunnyMoon (English, https://tatoeba.org/en/sentences/show/11173829); CC BY 2.0 FR.",B2;production,de,,,,,,,,,,false
schepper,"creator, author, inventor",B2,noun,"People, objects and abstract concepts",God is niet de schepper van alles wat bestaat. God is alles wat bestaat.,God is not the creator of everything that exists. God is everything that exists.,"Definition adapted from Wiktionary contributors, CC BY-SA 4.0: https://en.wiktionary.org/wiki/schepper#Dutch. Example: carlosalberto (Dutch, https://tatoeba.org/en/sentences/show/12932373) and carlosalberto (English, https://tatoeba.org/en/sentences/show/12932374); CC BY 2.0 FR.",B2;production,de,scheppers,scheppertje,,,,,,,,false
scherm,"screen, protection",B2,noun,"People, objects and abstract concepts",Het scherm van mijn telefoon heeft een kapotte pixel.,My phone's screen has a broken pixel.,"Definition adapted from Wiktionary contributors, CC BY-SA 4.0: https://en.wiktionary.org/wiki/scherm#Dutch. Example: Tom9358 (Dutch, https://tatoeba.org/en/sentences/show/13728248) and zzxjoanw (English, https://tatoeba.org/en/sentences/show/5569939); CC BY 2.0 FR.",B2;production,het,schermen,schermpje,,,,,,,,false
schets,sketch,B2,noun,"People, objects and abstract concepts",Tom maakt een schets van het huis.,Tom is drawing a sketch of the house.,"Definition adapted from Wiktionary contributors, CC BY-SA 4.0: https://en.wiktionary.org/wiki/schets#Dutch. Example: Micsmithel (Dutch, https://tatoeba.org/en/sentences/show/9829983) and CK (English, https://tatoeba.org/en/sentences/show/3436650); CC BY 2.0 FR.",B2;production,de,schetsen,schetsje,,,,,,,,false
schiereiland,peninsula,B2,noun,"People, objects and abstract concepts",De Perzische Golf ligt tussen Iran (Perzië) en het Arabische Schiereiland.,The Persian Gulf is located between Iran (Persia) and the Arabian Peninsula.,"Definition adapted from Wiktionary contributors, CC BY-SA 4.0: https://en.wiktionary.org/wiki/schiereiland#Dutch. Example: MarijnKp (Dutch, https://tatoeba.org/en/sentences/show/7899070) and AsliAbbasi (English, https://tatoeba.org/en/sentences/show/1589022); CC BY 2.0 FR.",B2;production,het,schiereilanden,schiereilandje,,,,,,,,false
schietpartij,"shooting, shootout",B2,noun,"People, objects and abstract concepts",Er was een schietpartij in het centrum van de stad.,There was a shooting in the city center.,"Definition adapted from Wiktionary contributors, CC BY-SA 4.0: https://en.wiktionary.org/wiki/schietpartij#Dutch. Example from the same Wiktionary entry (CC BY-SA 4.0).",B2;production,de,schietpartijen,schietpartijtje,,,,,,,,false
schijn,"appearance, semblance, especially when misleading",B2,noun,"People, objects and abstract concepts","Ze dacht in de verte kunstlicht te zien, maar het was slechts schijn.","She thought that she saw artificial light in the distance, but it merely seemed that way.","Definition adapted from Wiktionary contributors, CC BY-SA 4.0: https://en.wiktionary.org/wiki/schijn#Dutch. Example from the same Wiktionary entry (CC BY-SA 4.0).",B2;production,de,schijnen,schijntje,,,,,,,,false
schild,shield,B2,noun,"People, objects and abstract concepts",De godin gaf de krijger een zwaard en een schild.,The goddess gave the warrior a sword and a shield.,"Definition adapted from Wiktionary contributors, CC BY-SA 4.0: https://en.wiktionary.org/wiki/schild#Dutch. Example: carlosalberto (Dutch, https://tatoeba.org/en/sentences/show/11582376) and carlosalberto (English, https://tatoeba.org/en/sentences/show/11582357); CC BY 2.0 FR.",B2;production,het,schilden,schildje,,,,,,,,false
schilder,painter,B2,noun,"People, objects and abstract concepts",De toeristen hebben het huis van de beroemde schilder bezocht.,The tourists have visited the house of the famous painter.,"Definition adapted from Wiktionary contributors, CC BY-SA 4.0: https://en.wiktionary.org/wiki/schilder#Dutch. Example: carlosalberto (Dutch, https://tatoeba.org/en/sentences/show/11492228) and carlosalberto (English, https://tatoeba.org/en/sentences/show/11492211); CC BY 2.0 FR.",B2;production,de,schilders,schildertje,,,,,,,,false
schildpad,"tortoise, turtle; reptile of the order Testudines",B2,noun,"People, objects and abstract concepts",We hebben een schildpad in de tuin gevonden.,We found a turtle in the garden.,"Definition adapted from Wiktionary contributors, CC BY-SA 4.0: https://en.wiktionary.org/wiki/schildpad#Dutch. Example: MarijnKp (Dutch, https://tatoeba.org/en/sentences/show/7825034) and CK (English, https://tatoeba.org/en/sentences/show/376630); CC BY 2.0 FR.",B2;production,de,schildpadden,schildpadje,,,,,,,,false
schimmel,mould,B2,noun,"People, objects and abstract concepts",Er staat schimmel op je saus.,There's a mould on your sauce.,"Definition adapted from Wiktionary contributors, CC BY-SA 4.0: https://en.wiktionary.org/wiki/schimmel#Dutch. Example from the same Wiktionary entry (CC BY-SA 4.0).",B2;production,de,schimmels,schimmeltje,,,,,,,,false
schipper,"skipper, captain",B2,noun,"People, objects and abstract concepts",De schipper woont in een klein dorpje.,The skipper lives in a small village.,"Definition adapted from Wiktionary contributors, CC BY-SA 4.0: https://en.wiktionary.org/wiki/schipper#Dutch. Example: Tom9358 (Dutch, https://tatoeba.org/en/sentences/show/12994112) and Tom9358 (English, https://tatoeba.org/en/sentences/show/12994248); CC BY 2.0 FR.",B2;production,de,schippers,schippertje,,,,,,,,false
schok,shock,B2,noun,"People, objects and abstract concepts",Vroeg of laat zal zij de schok te boven komen.,"Sooner or later, she'll get over the shock.","Definition adapted from Wiktionary contributors, CC BY-SA 4.0: https://en.wiktionary.org/wiki/schok#Dutch. Example: PaulP (Dutch, https://tatoeba.org/en/sentences/show/3485950) and CK (English, https://tatoeba.org/en/sentences/show/277331); CC BY 2.0 FR.",B2;production,de,schokken,schokje,,,,,,,,false
schoonheid,beauty,B2,noun,"People, objects and abstract concepts",De hele wereld zou haar schoonheid moeten waarderen.,The whole world should appreciate her beauty.,"Definition adapted from Wiktionary contributors, CC BY-SA 4.0: https://en.wiktionary.org/wiki/schoonheid#Dutch. Example: megamanenm (Dutch, https://tatoeba.org/en/sentences/show/11063652) and megamanenm (English, https://tatoeba.org/en/sentences/show/11063651); CC BY 2.0 FR.",B2;production,de,schoonheden,schoonheidje,,,,,,,,false
schoonmaak,"cleanup, cleaning",B2,noun,"People, objects and abstract concepts","Bij het schoonmaken van deze oude boeken, heb ik veel stof ingeademd.","While cleaning this old book, I have inhaled a lot of dust.","Definition adapted from Wiktionary contributors, CC BY-SA 4.0: https://en.wiktionary.org/wiki/schoonmaak#Dutch. Example: Elsofie (Dutch, https://tatoeba.org/en/sentences/show/8113556) and SunnyMoon (English, https://tatoeba.org/en/sentences/show/11176482); CC BY 2.0 FR.",B2;production,de,schoonmaken,schoonmaakje,,,,,,,,false
schoonmoeder,mother-in-law,B2,noun,"People, objects and abstract concepts",Ik kan erg goed opschieten met mijn schoonmoeder.,I'm getting along with my mother-in-law very well.,"Definition adapted from Wiktionary contributors, CC BY-SA 4.0: https://en.wiktionary.org/wiki/schoonmoeder#Dutch. Example: Elsofie (Dutch, https://tatoeba.org/en/sentences/show/8143606) and CK (English, https://tatoeba.org/en/sentences/show/257309); CC BY 2.0 FR.",B2;production,de,schoonmoeders,schoonmoedertje,,,,,,,,false
schoorsteen,chimney,B2,noun,"People, objects and abstract concepts",Hoe kan ik vogels verhinderen om in mijn schoorsteen te nestelen?,How can I keep birds from nesting in my chimney?,"Definition adapted from Wiktionary contributors, CC BY-SA 4.0: https://en.wiktionary.org/wiki/schoorsteen#Dutch. Example: Elsofie (Dutch, https://tatoeba.org/en/sentences/show/8245372) and CK (English, https://tatoeba.org/en/sentences/show/7532568); CC BY 2.0 FR.",B2;production,de,schoorstenen,schoorsteentje,,,,,,,,false
schoot,"lap, upper leg",B2,noun,"People, objects and abstract concepts","De Madonna met het kindje Jezus op haar schoot wordt ""zetel der Wijsheid"" genoemd.","The Madonna with baby Jesus on her lap is called the ""seat of Wisdom"".","Definition adapted from Wiktionary contributors, CC BY-SA 4.0: https://en.wiktionary.org/wiki/schoot#Dutch. Example from the same Wiktionary entry (CC BY-SA 4.0).",B2;production,de,schoten,schootje,,,,,,,,false
schot,"shot, act of shooting",B2,noun,"People, objects and abstract concepts","Een schot, en de puck zit in het doel.","A shot, and the puck is in the goal.","Definition adapted from Wiktionary contributors, CC BY-SA 4.0: https://en.wiktionary.org/wiki/schot#Dutch. Example: doemaar14 (Dutch, https://tatoeba.org/en/sentences/show/10366278) and AlanF_US (English, https://tatoeba.org/en/sentences/show/10366271); CC BY 2.0 FR.",B2;production,het,schoten,schotje,,,,,,,,false
schrijfster,writer,B2,noun,"People, objects and abstract concepts",Zij is een goede schrijfster.,She is a good writer.,"Definition adapted from Wiktionary contributors, CC BY-SA 4.0: https://en.wiktionary.org/wiki/schrijfster#Dutch. Example: martinod (Dutch, https://tatoeba.org/en/sentences/show/10627290) and CK (English, https://tatoeba.org/en/sentences/show/316887); CC BY 2.0 FR.",B2;production,de,schrijfsters,schrijfstertje,,,,,,,,false
schuim,"foam, froth",B2,noun,"People, objects and abstract concepts",Bier maakt veel schuim.,Beer makes a lot of foam.,"No usual plural in this sense. Definition adapted from Wiktionary contributors, CC BY-SA 4.0: https://en.wiktionary.org/wiki/schuim#Dutch. Example: megamanenm (Dutch, https://tatoeba.org/en/sentences/show/9735469) and moman (English, https://tatoeba.org/en/sentences/show/8804377); CC BY 2.0 FR.",B2;production,het,,schuimpje,,,,,,,,false
schuur,barn,B2,noun,"People, objects and abstract concepts",Bij mij op het erf staat een oude schuur.,On my yard there is an old barn.,"Definition adapted from Wiktionary contributors, CC BY-SA 4.0: https://en.wiktionary.org/wiki/schuur#Dutch. Example: Tom9358 (Dutch, https://tatoeba.org/en/sentences/show/12944115) and Tom9358 (English, https://tatoeba.org/en/sentences/show/12944117); CC BY 2.0 FR.",B2;production,de,schuren,schuurtje,,,,,,,,false
scooter,motor scooter,B2,noun,"People, objects and abstract concepts",Tom gaf Mary de sleutel van zijn scooter.,Tom gave Mary the key to his scooter.,"Definition adapted from Wiktionary contributors, CC BY-SA 4.0: https://en.wiktionary.org/wiki/scooter#Dutch. Example: MarijnKp (Dutch, https://tatoeba.org/en/sentences/show/9423892) and CK (English, https://tatoeba.org/en/sentences/show/9387558); CC BY 2.0 FR.",B2;production,de,scooters,scootertje,,,,,,,,false
score,score,B2,noun,"People, objects and abstract concepts",Het is tot nu toe de beste score.,It's the best score up to now.,"Definition adapted from Wiktionary contributors, CC BY-SA 4.0: https://en.wiktionary.org/wiki/score#Dutch. Example: doemaar14 (Dutch, https://tatoeba.org/en/sentences/show/12340336) and sundown (English, https://tatoeba.org/en/sentences/show/43128); CC BY 2.0 FR.",B2;production,de,scores,scoretje,,,,,,,,false
script,script,B2,noun,"People, objects and abstract concepts","We weten allemaal dat je naar de bioscoop gaat om ""Twilight"" te zien vanwege het fantastische script en niet vanwege de acteurs.","We all know you go to the cinema to watch ""Twilight"" because of its ""brilliant script"" and not because of its actors.","Definition adapted from Wiktionary contributors, CC BY-SA 4.0: https://en.wiktionary.org/wiki/script#Dutch. Example: MarijnKp (Dutch, https://tatoeba.org/en/sentences/show/9752798) and Shishir (English, https://tatoeba.org/en/sentences/show/1335882); CC BY 2.0 FR.",B2;production,het,scripts,scriptje,,,,,,,,false
scène,"scene, stage",B2,noun,"People, objects and abstract concepts",De piloot beschreef de scène tot in detail.,The pilot described the scene in detail.,"Definition adapted from Wiktionary contributors, CC BY-SA 4.0: https://en.wiktionary.org/wiki/sc%C3%A8ne#Dutch. Example: megamanenm (Dutch, https://tatoeba.org/en/sentences/show/1111282) and CK (English, https://tatoeba.org/en/sentences/show/35516); CC BY 2.0 FR.",B2;production,de,scènes,scènetje,,,,,,,,false
seconde,second,B2,noun,"People, objects and abstract concepts",Hij aarzelde een fractie van een seconde te lang.,He hesitated for a fraction of a second too long.,"Definition adapted from Wiktionary contributors, CC BY-SA 4.0: https://en.wiktionary.org/wiki/seconde#Dutch. Example: Elsofie (Dutch, https://tatoeba.org/en/sentences/show/7971802) and sundown (English, https://tatoeba.org/en/sentences/show/10022031); CC BY 2.0 FR.",B2;production,de,seconden / secondes,secondje,,,,,,,,false
secretaresse,secretary,B2,noun,"People, objects and abstract concepts",De secretaresse opende de post welke die ochtend geleverd was.,The secretary opened the mail which had been delivered that morning.,"Definition adapted from Wiktionary contributors, CC BY-SA 4.0: https://en.wiktionary.org/wiki/secretaresse#Dutch. Example: javyoze (Dutch, https://tatoeba.org/en/sentences/show/438039) and CK (English, https://tatoeba.org/en/sentences/show/45078); CC BY 2.0 FR.",B2;production,de,secretaressen / secretaresses,secretaressetje,,,,,,,,false
secretaris,secretary,B2,noun,"People, objects and abstract concepts",De secretaris bleek een spion te zijn.,The secretary proved to be a spy.,"Definition adapted from Wiktionary contributors, CC BY-SA 4.0: https://en.wiktionary.org/wiki/secretaris#Dutch. Example: Raizin (Dutch, https://tatoeba.org/en/sentences/show/4780685) and orcrist (English, https://tatoeba.org/en/sentences/show/44378); CC BY 2.0 FR.",B2;production,de,secretarissen,secretarisje,,,,,,,,false
seks,sex,B2,noun,"People, objects and abstract concepts",Ik heb geen seks met hem gehad.,I did not have sex with him.,"No usual plural in this sense. Definition adapted from Wiktionary contributors, CC BY-SA 4.0: https://en.wiktionary.org/wiki/seks#Dutch. Example: Flip101 (Dutch, https://tatoeba.org/en/sentences/show/4154675) and Hybrid (English, https://tatoeba.org/en/sentences/show/3000816); CC BY 2.0 FR.",B2;production,de,,,,,,,,,,false
selfie,selfie,B2,noun,"People, objects and abstract concepts",Tom stak zijn tong uit en nam een selfie.,Tom stuck out his tongue and took a selfie.,"Definition adapted from Wiktionary contributors, CC BY-SA 4.0: https://en.wiktionary.org/wiki/selfie#Dutch. Example: Elsofie (Dutch, https://tatoeba.org/en/sentences/show/8371120) and Hybrid (English, https://tatoeba.org/en/sentences/show/7027999); CC BY 2.0 FR.",B2;production,de,selfies,selfietje,,,,,,,,false
semester,semester,B2,noun,"People, objects and abstract concepts",Wegens onvoorziene omstandigheden zullen alle lessen dit semester online plaatsvinden.,"Due to unforeseen circumstances, all classes will be held online this semester.","Definition adapted from Wiktionary contributors, CC BY-SA 4.0: https://en.wiktionary.org/wiki/semester#Dutch. Example: Nylez (Dutch, https://tatoeba.org/en/sentences/show/9006400) and mccarras (English, https://tatoeba.org/en/sentences/show/8997453); CC BY 2.0 FR.",B2;production,het,semesters,semestertje,,,,,,,,false
senator,senator,B2,noun,"People, objects and abstract concepts","Een assistent vertelde verslaggevers, onofficieel, dat de senator had gelogen.","An aide told reporters, off the record, that the senator had been lying.","Definition adapted from Wiktionary contributors, CC BY-SA 4.0: https://en.wiktionary.org/wiki/senator#Dutch. Example: purple_ice (Dutch, https://tatoeba.org/en/sentences/show/11901540) and Wagner1994 (English, https://tatoeba.org/en/sentences/show/5360972); CC BY 2.0 FR.",B2;production,de,senatoren / senators,senatortje,,,,,,,,false
sergeant,sergeant,B2,noun,"People, objects and abstract concepts",Een kapitein is hoger in rang dan een sergeant.,A captain is above a sergeant.,"Definition adapted from Wiktionary contributors, CC BY-SA 4.0: https://en.wiktionary.org/wiki/sergeant#Dutch. Example: PaulP (Dutch, https://tatoeba.org/en/sentences/show/13101739) and CK (English, https://tatoeba.org/en/sentences/show/275549); CC BY 2.0 FR.",B2;production,de,sergeants / sergeanten,sergeantje,,,,,,,,false
server,server,B2,noun,"People, objects and abstract concepts",Ik kan mijn e-mail niet controleren. De server is uitgevallen.,I can't check my mail. The server is down.,"Definition adapted from Wiktionary contributors, CC BY-SA 4.0: https://en.wiktionary.org/wiki/server#Dutch. Example: PaulP (Dutch, https://tatoeba.org/en/sentences/show/3434690) and CK (English, https://tatoeba.org/en/sentences/show/54206); CC BY 2.0 FR.",B2;production,de,servers,servertje,,,,,,,,false
sessie,session,B2,noun,"People, objects and abstract concepts",Laten we met de sessie beginnen!,Let's get started with the session!,"Definition adapted from Wiktionary contributors, CC BY-SA 4.0: https://en.wiktionary.org/wiki/sessie#Dutch. Example: Micsmithel (Dutch, https://tatoeba.org/en/sentences/show/9723930) and megamanenm (English, https://tatoeba.org/en/sentences/show/11516578); CC BY 2.0 FR.",B2;production,de,sessies,sessietje,,,,,,,,false
set,set,B2,noun,"People, objects and abstract concepts",Toms auto heeft blijkbaar een nieuwe set banden nodig.,"Apparently, Tom's car needs a new set of tires.","Definition adapted from Wiktionary contributors, CC BY-SA 4.0: https://en.wiktionary.org/wiki/set#Dutch. Example: doemaar14 (Dutch, https://tatoeba.org/en/sentences/show/13620105) and CK (English, https://tatoeba.org/en/sentences/show/1027648); CC BY 2.0 FR.",B2;production,de,sets,setje,,,,,,,,false
show,show,B2,noun,"People, objects and abstract concepts",Hij keek af en toe naar die show.,He watched that show occasionally.,"Definition adapted from Wiktionary contributors, CC BY-SA 4.0: https://en.wiktionary.org/wiki/show#Dutch. Example: megamanenm (Dutch, https://tatoeba.org/en/sentences/show/11518582) and Amastan (English, https://tatoeba.org/en/sentences/show/8396181); CC BY 2.0 FR.",B2;production,de,shows,showtje,,,,,,,,false
sigaret,cigarette,B2,noun,"People, objects and abstract concepts",Vindt u het erg als ik een sigaret rook?,Do you mind if I smoke a cigarette?,"Definition adapted from Wiktionary contributors, CC BY-SA 4.0: https://en.wiktionary.org/wiki/sigaret#Dutch. Example: megamanenm (Dutch, https://tatoeba.org/en/sentences/show/11508773) and shekitten (English, https://tatoeba.org/en/sentences/show/10517804); CC BY 2.0 FR.",B2;production,de,sigaretten,sigaretje,,,,,,,,false
slaaf,slave,B2,noun,"People, objects and abstract concepts",De slavin probeerde te ontsnappen aan haar wrede meester.,The slave woman tried to escape from her cruel master.,"Definition adapted from Wiktionary contributors, CC BY-SA 4.0: https://en.wiktionary.org/wiki/slaaf#Dutch. Example from the same Wiktionary entry (CC BY-SA 4.0).",B2;production,de,slaven,slaafje,,,,,,,,false
slaap,sleep,B2,noun,"People, objects and abstract concepts",Ik heb deze week veel slaap om in te halen.,I've a lot of sleep to catch up on this week.,"No usual plural in this sense. Definition adapted from Wiktionary contributors, CC BY-SA 4.0: https://en.wiktionary.org/wiki/slaap#Dutch. Example: Raizin (Dutch, https://tatoeba.org/en/sentences/show/9928521) and vvv123 (English, https://tatoeba.org/en/sentences/show/3582562); CC BY 2.0 FR.",B2;production,de,,,,,,,,,,false
slag,"battle, violent confrontation",B2,noun,"People, objects and abstract concepts",Deze slag heeft de loop van de geschiedenis veranderd.,This battle changed the course of history.,"Definition adapted from Wiktionary contributors, CC BY-SA 4.0: https://en.wiktionary.org/wiki/slag#Dutch. Example: megamanenm (Dutch, https://tatoeba.org/en/sentences/show/6218526) and Tangobango (English, https://tatoeba.org/en/sentences/show/6218106); CC BY 2.0 FR.",B2;production,de,slagen,slagje,,,,,,,,false
slagroom,whipped cream,B2,noun,"People, objects and abstract concepts",Waar is de slagroom?,Where's the whipped cream?,"No usual plural in this sense. Definition adapted from Wiktionary contributors, CC BY-SA 4.0: https://en.wiktionary.org/wiki/slagroom#Dutch. Example: PaulP (Dutch, https://tatoeba.org/en/sentences/show/2657493) and Spamster (English, https://tatoeba.org/en/sentences/show/1937647); CC BY 2.0 FR.",B2;production,de,,,,,,,,,,false
slang,"snake, squamate of the suborder Serpentes",B2,noun,"People, objects and abstract concepts",Dat is geen slang. Het is gewoon een stuk touw.,That isn't a snake. It's just a piece of rope.,"Definition adapted from Wiktionary contributors, CC BY-SA 4.0: https://en.wiktionary.org/wiki/slang#Dutch. Example: doemaar14 (Dutch, https://tatoeba.org/en/sentences/show/12743307) and CK (English, https://tatoeba.org/en/sentences/show/10624443); CC BY 2.0 FR.",B2;production,de,slangen,slangetje,,,,,,,,false
sloop,demolition,B2,noun,"People, objects and abstract concepts",Ruim drieduizend mensen hebben hun handtekening gezet om de sloop van dit historische pand tegen te houden.,Well over three thousand people signed to prevent the demolition of this historic building.,"No usual plural in this sense. Definition adapted from Wiktionary contributors, CC BY-SA 4.0: https://en.wiktionary.org/wiki/sloop#Dutch. Example: Dorenda (Dutch, https://tatoeba.org/en/sentences/show/397474) and Dorenda (English, https://tatoeba.org/en/sentences/show/397478); CC BY 2.0 FR.",B2;production,de,,,,,,,,,,false
slot,lock,B2,noun,"People, objects and abstract concepts",Hij stak de sleutel in het slot.,He inserted the key in the lock.,"Definition adapted from Wiktionary contributors, CC BY-SA 4.0: https://en.wiktionary.org/wiki/slot#Dutch. Example: PaulP (Dutch, https://tatoeba.org/en/sentences/show/3553035) and Christophe (English, https://tatoeba.org/en/sentences/show/1627436); CC BY 2.0 FR.",B2;production,het,sloten,slotje,,,,,,,,false
sluis,"sluice, lock",B2,noun,"People, objects and abstract concepts",Veel van de grootste sluizen van de wereld zijn in Nederland.,Many of the world's largest sluice gates are in the Netherlands.,"Definition adapted from Wiktionary contributors, CC BY-SA 4.0: https://en.wiktionary.org/wiki/sluis#Dutch. Example: Tom9358 (Dutch, https://tatoeba.org/en/sentences/show/12529539) and sundown (English, https://tatoeba.org/en/sentences/show/11097793); CC BY 2.0 FR.",B2;production,de,sluizen,sluisje,,,,,,,,false
smartphone,smartphone,B2,noun,"People, objects and abstract concepts",Gebruik je mijn smartphone of is dat die van jou?,Are you using my smartphone or is that yours?,"Definition adapted from Wiktionary contributors, CC BY-SA 4.0: https://en.wiktionary.org/wiki/smartphone#Dutch. Example: Tom9358 (Dutch, https://tatoeba.org/en/sentences/show/13757401) and Tom9358 (English, https://tatoeba.org/en/sentences/show/13757402); CC BY 2.0 FR.",B2;production,de,smartphones,,,,,,,,,false
sms,"SMS, a service for sending text messages on a cellular telephone system",B2,noun,"People, objects and abstract concepts",Ik kan me niet herinneren dat ik die sms gestuurd heb.,I don't remember sending that text message.,"Definition adapted from Wiktionary contributors, CC BY-SA 4.0: https://en.wiktionary.org/wiki/sms#Dutch. Example: LinguisticFusion (Dutch, https://tatoeba.org/en/sentences/show/5046001) and Hybrid (English, https://tatoeba.org/en/sentences/show/5045605); CC BY 2.0 FR.",B2;production,de,sms'en,sms'je,,,,,,,,false
snoep,"sweets, candy",B2,noun,"People, objects and abstract concepts",Pas op dat je niet te veel snoep eet.,Take care not to eat too much candy.,"No usual plural in this sense. Definition adapted from Wiktionary contributors, CC BY-SA 4.0: https://en.wiktionary.org/wiki/snoep#Dutch. Example: doemaar14 (Dutch, https://tatoeba.org/en/sentences/show/12316151) and terrywallwork (English, https://tatoeba.org/en/sentences/show/11810155); CC BY 2.0 FR.",B2;production,de,,,,,,,,,,false
snor,moustache,B2,noun,"People, objects and abstract concepts",Zijn snor is grijzer dan zijn baard.,His moustache is greyer than his beard.,"Definition adapted from Wiktionary contributors, CC BY-SA 4.0: https://en.wiktionary.org/wiki/snor#Dutch. Example: martinod (Dutch, https://tatoeba.org/en/sentences/show/1208578) and megamanenm (English, https://tatoeba.org/en/sentences/show/11516560); CC BY 2.0 FR.",B2;production,de,snorren,snorretje,,,,,,,,false
soldaat,"soldier, private",B2,noun,"People, objects and abstract concepts",De soldaat ging verder alsof zijn wonde niets betekende.,The soldier carried on as if his wound was nothing.,"Definition adapted from Wiktionary contributors, CC BY-SA 4.0: https://en.wiktionary.org/wiki/soldaat#Dutch. Example: martinod (Dutch, https://tatoeba.org/en/sentences/show/1047396) and sundown (English, https://tatoeba.org/en/sentences/show/44102); CC BY 2.0 FR.",B2;production,de,soldaten,soldaatje,,,,,,,,false
spaargeld,one's savings,B2,noun,"People, objects and abstract concepts",Hij heeft al zijn spaargeld voor die auto opgemaakt.,He used up all his savings for that car.,"Definition adapted from Wiktionary contributors, CC BY-SA 4.0: https://en.wiktionary.org/wiki/spaargeld#Dutch. Example: megamanenm (Dutch, https://tatoeba.org/en/sentences/show/11063603) and megamanenm (English, https://tatoeba.org/en/sentences/show/11063600); CC BY 2.0 FR.",B2;production,het,spaargelden,spaargeldje,,,,,,,,false
spaghetti,spaghetti,B2,noun,"People, objects and abstract concepts",De Amerikaanse regisseur creëerde een eerbetoon aan de spaghetti western films.,The American director made an homage to spaghetti western films.,"No usual plural in this sense. Definition adapted from Wiktionary contributors, CC BY-SA 4.0: https://en.wiktionary.org/wiki/spaghetti#Dutch. Example: Mandalay (Dutch, https://tatoeba.org/en/sentences/show/6122186) and shekitten (English, https://tatoeba.org/en/sentences/show/6122032); CC BY 2.0 FR.",B2;production,de,,,,,,,,,,false
specialiteit,specialty,B2,noun,"People, objects and abstract concepts",Wat is uw specialiteit?,What is your specialty?,"Definition adapted from Wiktionary contributors, CC BY-SA 4.0: https://en.wiktionary.org/wiki/specialiteit#Dutch. Example: kroeckx (Dutch, https://tatoeba.org/en/sentences/show/13759304) and ephirein (English, https://tatoeba.org/en/sentences/show/2142771); CC BY 2.0 FR.",B2;production,de,specialiteiten,specialiteitje,,,,,,,,false
speelgoed,toys,B2,noun,"People, objects and abstract concepts",Hij wil niet met zijn speelgoed spelen.,He doesn't want to play with his toys.,"No usual plural in this sense. Definition adapted from Wiktionary contributors, CC BY-SA 4.0: https://en.wiktionary.org/wiki/speelgoed#Dutch. Example: PaulP (Dutch, https://tatoeba.org/en/sentences/show/11890200) and Spamster (English, https://tatoeba.org/en/sentences/show/1702467); CC BY 2.0 FR.",B2;production,het,,speelgoedje,,,,,,,,false
spek,bacon,B2,noun,"People, objects and abstract concepts",Hij ging zitten en keek naar zijn spek en eieren.,He sat down and looked at his eggs and bacon.,"Definition adapted from Wiktionary contributors, CC BY-SA 4.0: https://en.wiktionary.org/wiki/spek#Dutch. Example: megamanenm (Dutch, https://tatoeba.org/en/sentences/show/10788482) and megamanenm (English, https://tatoeba.org/en/sentences/show/10788479); CC BY 2.0 FR.",B2;production,het,spekken,spekje,,,,,,,,false
spektakel,spectacle,B2,noun,"People, objects and abstract concepts",Het is een spektakel dat je niet snel zult vergeten.,It's a spectacle you won't forget.,"Definition adapted from Wiktionary contributors, CC BY-SA 4.0: https://en.wiktionary.org/wiki/spektakel#Dutch. Example: javyoze (Dutch, https://tatoeba.org/en/sentences/show/459917) and lukaszpp (English, https://tatoeba.org/en/sentences/show/456195); CC BY 2.0 FR.",B2;production,het,spektakels,spektakeltje,,,,,,,,false
spier,muscle,B2,noun,"People, objects and abstract concepts",De pees is een verbinding tussen de spier en het bot.,The tendon is a connection between the muscle and the bone.,"Definition adapted from Wiktionary contributors, CC BY-SA 4.0: https://en.wiktionary.org/wiki/spier#Dutch. Example: mvdstelt (Dutch, https://tatoeba.org/en/sentences/show/11199816) and Tom9358 (English, https://tatoeba.org/en/sentences/show/12533033); CC BY 2.0 FR.",B2;production,de,spieren,spiertje,,,,,,,,false
spin,spider,B2,noun,"People, objects and abstract concepts",Sami ving een gigantische spin in de jungle.,Sami caught a giant spider in the jungle.,"Definition adapted from Wiktionary contributors, CC BY-SA 4.0: https://en.wiktionary.org/wiki/spin#Dutch. Example: MarijnKp (Dutch, https://tatoeba.org/en/sentences/show/7536428) and OsoHombre (English, https://tatoeba.org/en/sentences/show/6456935); CC BY 2.0 FR.",B2;production,de,spinnen,spinnetje,,,,,,,,false
spion,"spy, person who secretly gathers information",B2,noun,"People, objects and abstract concepts",Hij werkt als leraar maar is in feite een spion.,"He works as a teacher, but actually he is a spy.","Definition adapted from Wiktionary contributors, CC BY-SA 4.0: https://en.wiktionary.org/wiki/spion#Dutch. Example: PaulP (Dutch, https://tatoeba.org/en/sentences/show/3747571) and CK (English, https://tatoeba.org/en/sentences/show/295361); CC BY 2.0 FR.",B2;production,de,spionnen,spionnetje,,,,,,,,false
spits,rush hour,B2,noun,"People, objects and abstract concepts",Ik ben vroeg vertrokken om de spits te vermijden.,I left early to avoid the rush hour traffic.,"Definition adapted from Wiktionary contributors, CC BY-SA 4.0: https://en.wiktionary.org/wiki/spits#Dutch. Example: rose_d (Dutch, https://tatoeba.org/en/sentences/show/10656735) and CK (English, https://tatoeba.org/en/sentences/show/8937901); CC BY 2.0 FR.",B2;production,de,spitsen,spitsje,,,,,,,,false
spoorlijn,railway line,B2,noun,"People, objects and abstract concepts",De spoorlijn splitst zich na de brug.,The railway line forks after the bridge.,"Definition adapted from Wiktionary contributors, CC BY-SA 4.0: https://en.wiktionary.org/wiki/spoorlijn#Dutch. Example: SunnyMoon (Dutch, https://tatoeba.org/en/sentences/show/11213428) and sundown (English, https://tatoeba.org/en/sentences/show/9159436); CC BY 2.0 FR.",B2;production,de,spoorlijnen,,,,,,,,,false
spot,spot; a spotlight,B2,noun,"People, objects and abstract concepts",De hond wordt door de familie Spot genoemd.,The dog is called Spot by the family.,"Definition adapted from Wiktionary contributors, CC BY-SA 4.0: https://en.wiktionary.org/wiki/spot#Dutch. Example: PaulP (Dutch, https://tatoeba.org/en/sentences/show/4270605) and CN (English, https://tatoeba.org/en/sentences/show/48264); CC BY 2.0 FR.",B2;production,de,spots,spotje,,,,,,,,false
sprong,"jump, leap",B2,noun,"People, objects and abstract concepts","Voor een man is dit slechts een kleine stap, maar voor de mensheid een gigantische sprong.","This is one small step for a man, one giant leap for mankind.","Definition adapted from Wiktionary contributors, CC BY-SA 4.0: https://en.wiktionary.org/wiki/sprong#Dutch. Example: Nylez (Dutch, https://tatoeba.org/en/sentences/show/9642588) and carlosalberto (English, https://tatoeba.org/en/sentences/show/3086821); CC BY 2.0 FR.",B2;production,de,sprongen,sprongetje,,,,,,,,false
spuit,spout,B2,noun,"People, objects and abstract concepts",Gisteren ontdekte hij dat de spuit van de tuinslang kapot is.,He discovered yesterday that the spout of the garden hose is broken.,"Definition adapted from Wiktionary contributors, CC BY-SA 4.0: https://en.wiktionary.org/wiki/spuit#Dutch. Example from the same Wiktionary entry (CC BY-SA 4.0).",B2;production,de,spuiten,spuitje,,,,,,,,false
staal,sample,B2,noun,"People, objects and abstract concepts","Hij keerde terug naar de apotheek, vond de machine, goot het staal in en stortte de $10,00.","He went back to the drug store, located the machine, poured in the sample and deposited the $10.00.","Definition adapted from Wiktionary contributors, CC BY-SA 4.0: https://en.wiktionary.org/wiki/staal#Dutch. Example: Micsmithel (Dutch, https://tatoeba.org/en/sentences/show/7794486) and papabear (English, https://tatoeba.org/en/sentences/show/243669); CC BY 2.0 FR.",B2;production,het,stalen,staaltje,,,,,,,,false
stadhuis,"town hall, city hall",B2,noun,"People, objects and abstract concepts",Het stadhuis bevindt zich in het centrum van de stad.,The city hall is located at the center of the city.,"Definition adapted from Wiktionary contributors, CC BY-SA 4.0: https://en.wiktionary.org/wiki/stadhuis#Dutch. Example: PaulP (Dutch, https://tatoeba.org/en/sentences/show/3530000) and CK (English, https://tatoeba.org/en/sentences/show/246196); CC BY 2.0 FR.",B2;production,het,stadhuizen,stadhuisje,,,,,,,,false
stadium,stage; a phase,B2,noun,"People, objects and abstract concepts","De hersengolven tijdens de remslaap zijn hetzelfde als wanneer je wakker bent, en het is het stadium waarin je droomt.","The brain waves during REM sleep are the same as when awake, and it's the stage when you have dreams.","Definition adapted from Wiktionary contributors, CC BY-SA 4.0: https://en.wiktionary.org/wiki/stadium#Dutch. Example: MarijnKp (Dutch, https://tatoeba.org/en/sentences/show/11480284) and fcbond (English, https://tatoeba.org/en/sentences/show/329470); CC BY 2.0 FR.",B2;production,het,stadiums / stadia,stadiumpje,,,,,,,,false
staking,strike,B2,noun,"People, objects and abstract concepts",Dit is de zevende staking van dit jaar.,This is the seventh strike of this year.,"Definition adapted from Wiktionary contributors, CC BY-SA 4.0: https://en.wiktionary.org/wiki/staking#Dutch. Example: carlosalberto (Dutch, https://tatoeba.org/en/sentences/show/11795334) and carlosalberto (English, https://tatoeba.org/en/sentences/show/11795317); CC BY 2.0 FR.",B2;production,de,stakingen,stakinkje,,,,,,,,false
stal,"stable, a place to keep hoofed animals",B2,noun,"People, objects and abstract concepts",De stal is net achter de boerderij.,The stable is right behind the farm house.,"Definition adapted from Wiktionary contributors, CC BY-SA 4.0: https://en.wiktionary.org/wiki/stal#Dutch. Example: PaulP (Dutch, https://tatoeba.org/en/sentences/show/647248) and CK (English, https://tatoeba.org/en/sentences/show/282293); CC BY 2.0 FR.",B2;production,de,stallen,stalletje,,,,,,,,false
stam,trunk of a tree,B2,noun,"People, objects and abstract concepts",De stam van de perenboom is groter dan die van de pruimenboom.,The trunk of the pear tree is bigger than that of the plum tree.,"Definition adapted from Wiktionary contributors, CC BY-SA 4.0: https://en.wiktionary.org/wiki/stam#Dutch. Example: carlosalberto (Dutch, https://tatoeba.org/en/sentences/show/12017303) and carlosalberto (English, https://tatoeba.org/en/sentences/show/12017279); CC BY 2.0 FR.",B2;production,de,stammen,stammetje,,,,,,,,false
stamboom,"family tree, genealogical stemma",B2,noun,"People, objects and abstract concepts",Vanavond hebben we plezier gehad met het samen opstellen van onze stamboom.,"Tonight, we had fun drawing up our family tree together.","Definition adapted from Wiktionary contributors, CC BY-SA 4.0: https://en.wiktionary.org/wiki/stamboom#Dutch. Example: Dorenda (Dutch, https://tatoeba.org/en/sentences/show/402346) and Zifre (English, https://tatoeba.org/en/sentences/show/401918); CC BY 2.0 FR.",B2;production,de,stambomen,stamboompje,,,,,,,,false
stank,"stench, stink",B2,noun,"People, objects and abstract concepts",Knijp je neus dicht opdat je de stank niet zou ruiken.,Hold your nose so you don't smell the stench.,"Definition adapted from Wiktionary contributors, CC BY-SA 4.0: https://en.wiktionary.org/wiki/stank#Dutch. Example: GrizaLeono (Dutch, https://tatoeba.org/en/sentences/show/892942) and AlanF_US (English, https://tatoeba.org/en/sentences/show/5222601); CC BY 2.0 FR.",B2;production,de,stanken,stankje,,,,,,,,false
stapel,pile,B2,noun,"People, objects and abstract concepts",We hebben dit onder een stapel stenen gevonden.,We found this buried under a pile of rocks.,"Definition adapted from Wiktionary contributors, CC BY-SA 4.0: https://en.wiktionary.org/wiki/stapel#Dutch. Example: SunnyMoon (Dutch, https://tatoeba.org/en/sentences/show/12159716) and CK (English, https://tatoeba.org/en/sentences/show/12159554); CC BY 2.0 FR.",B2;production,de,stapels,stapeltje,,,,,,,,false
start,start,B2,noun,"People, objects and abstract concepts",Kun je me laten zien hoe je deze machine start?,Could you show me how to start this machine?,"Definition adapted from Wiktionary contributors, CC BY-SA 4.0: https://en.wiktionary.org/wiki/start#Dutch. Example: Citrine (Dutch, https://tatoeba.org/en/sentences/show/3039579) and Amastan (English, https://tatoeba.org/en/sentences/show/1632142); CC BY 2.0 FR.",B2;production,de,starts,startje,,,,,,,,false
steeg,alleyway; a lane; a bystreet,B2,noun,"People, objects and abstract concepts",Ze wachtten hem op in een steegje.,They awaited him in an alley.,"Definition adapted from Wiktionary contributors, CC BY-SA 4.0: https://en.wiktionary.org/wiki/steeg#Dutch. Example from the same Wiktionary entry (CC BY-SA 4.0).",B2;production,de,stegen,steegje,,,,,,,,false
steen,stone,B2,noun,"People, objects and abstract concepts",Wie zou dat stenen hart van jou kunnen doen smelten?,Who could melt that stone heart of yours?,"Definition adapted from Wiktionary contributors, CC BY-SA 4.0: https://en.wiktionary.org/wiki/steen#Dutch. Example: LaraCroft (Dutch, https://tatoeba.org/en/sentences/show/793502) and FeuDRenais2 (English, https://tatoeba.org/en/sentences/show/793495); CC BY 2.0 FR.",B2;production,de,stenen,steentje,,,,,,,,false
stelsel,system,B2,noun,"People, objects and abstract concepts",Kunt u mij uitleggen wat het lymfatisch stelsel is?,Can you explain to me what the lymphatic system is?,"Definition adapted from Wiktionary contributors, CC BY-SA 4.0: https://en.wiktionary.org/wiki/stelsel#Dutch. Example from the same Wiktionary entry (CC BY-SA 4.0).",B2;production,het,stelsels,stelseltje,,,,,,,,false
stempel,"stamp, die, seal",B2,noun,"People, objects and abstract concepts",De stempel ging eraf.,The stamp came off.,"Definition adapted from Wiktionary contributors, CC BY-SA 4.0: https://en.wiktionary.org/wiki/stempel#Dutch. Example: megamanenm (Dutch, https://tatoeba.org/en/sentences/show/10788639) and _undertoad (English, https://tatoeba.org/en/sentences/show/2268547); CC BY 2.0 FR.",B2;production,de,stempels,stempeltje,,,,,,,,false
stemrecht,"right to vote, suffrage",B2,noun,"People, objects and abstract concepts",Iedereen zou van zijn stemrecht moeten gebruikmaken.,Everyone should exercise their right to vote.,"No usual plural in this sense. Definition adapted from Wiktionary contributors, CC BY-SA 4.0: https://en.wiktionary.org/wiki/stemrecht#Dutch. Example: martinod (Dutch, https://tatoeba.org/en/sentences/show/867394) and CK (English, https://tatoeba.org/en/sentences/show/51721); CC BY 2.0 FR.",B2;production,het,,,,,,,,,,false
ster,star,B2,noun,"People, objects and abstract concepts",Wat is het verschil tussen een ster en een planeet?,What's the difference between a star and a planet?,"Definition adapted from Wiktionary contributors, CC BY-SA 4.0: https://en.wiktionary.org/wiki/ster#Dutch. Example: MarijnKp (Dutch, https://tatoeba.org/en/sentences/show/7715266) and Hybrid (English, https://tatoeba.org/en/sentences/show/2724151); CC BY 2.0 FR.",B2;production,de,sterren,sterretje,,,,,,,,false
sterkte,strength,B2,noun,"People, objects and abstract concepts",De sterkte van het verband werd in toekomstige replicatiestudies ernstig verzwakt.,The strength of the correlation was severely weakened in future replication studies.,"Definition adapted from Wiktionary contributors, CC BY-SA 4.0: https://en.wiktionary.org/wiki/sterkte#Dutch. Example: megamanenm (Dutch, https://tatoeba.org/en/sentences/show/10185015) and megamanenm (English, https://tatoeba.org/en/sentences/show/10185009); CC BY 2.0 FR.",B2;production,de,sterkten / sterktes,,,,,,,,,false
sticker,sticker,B2,noun,"People, objects and abstract concepts",Plak deze sticker op uw koffer.,Put this sticker on your suitcase.,"Definition adapted from Wiktionary contributors, CC BY-SA 4.0: https://en.wiktionary.org/wiki/sticker#Dutch. Example: MarijnKp (Dutch, https://tatoeba.org/en/sentences/show/8093451) and CK (English, https://tatoeba.org/en/sentences/show/8078984); CC BY 2.0 FR.",B2;production,de,stickers,stickertje,,,,,,,,false
stiefvader,"stepfather, stepdad",B2,noun,"People, objects and abstract concepts",Tom is de stiefvader van Maria.,Tom is Mary's stepfather.,"Definition adapted from Wiktionary contributors, CC BY-SA 4.0: https://en.wiktionary.org/wiki/stiefvader#Dutch. Example: PaulP (Dutch, https://tatoeba.org/en/sentences/show/6046762) and CK (English, https://tatoeba.org/en/sentences/show/1093462); CC BY 2.0 FR.",B2;production,de,stiefvaders,stiefvadertje,,,,,,,,false
stier,"bull; a male of certain mammals, in particular bovines",B2,noun,"People, objects and abstract concepts",Ik pak nu de stier bij de horens.,I'm grabbing the bull by the horns.,"Definition adapted from Wiktionary contributors, CC BY-SA 4.0: https://en.wiktionary.org/wiki/stier#Dutch. Example: PaulP (Dutch, https://tatoeba.org/en/sentences/show/3448445) and AlanF_US (English, https://tatoeba.org/en/sentences/show/2599399); CC BY 2.0 FR.",B2;production,de,stieren,stiertje,,,,,,,,false
stok,"stick, natural or artificial",B2,noun,"People, objects and abstract concepts",Hij wandelde met een stok in de hand.,He was walking while holding a stick.,"Definition adapted from Wiktionary contributors, CC BY-SA 4.0: https://en.wiktionary.org/wiki/stok#Dutch. Example: martinod (Dutch, https://tatoeba.org/en/sentences/show/708681) and megamanenm (English, https://tatoeba.org/en/sentences/show/9808646); CC BY 2.0 FR.",B2;production,de,stokken,stokje,,,,,,,,false
stoom,steam,B2,noun,"People, objects and abstract concepts",De stoom was kokend heet.,The steam was scalding.,"No usual plural in this sense. Definition adapted from Wiktionary contributors, CC BY-SA 4.0: https://en.wiktionary.org/wiki/stoom#Dutch. Example: megamanenm (Dutch, https://tatoeba.org/en/sentences/show/10745855) and megamanenm (English, https://tatoeba.org/en/sentences/show/10745634); CC BY 2.0 FR.",B2;production,de,,,,,,,,,,false
stoornis,disorder,B2,noun,"People, objects and abstract concepts",Is er ooit een epileptische stoornis bij je vastgesteld?,Have you ever been diagnosed with a seizure disorder?,"Definition adapted from Wiktionary contributors, CC BY-SA 4.0: https://en.wiktionary.org/wiki/stoornis#Dutch. Example: Micsmithel (Dutch, https://tatoeba.org/en/sentences/show/9965088) and NurseMeeks (English, https://tatoeba.org/en/sentences/show/9849581); CC BY 2.0 FR.",B2;production,de,stoornissen,stoornisje,,,,,,,,false
storing,malfunction,B2,noun,"People, objects and abstract concepts",Door een storing konden we zaterdag geen televisie kijken.,Due to a malfunction we were unable to watch television on Saturday.,"Definition adapted from Wiktionary contributors, CC BY-SA 4.0: https://en.wiktionary.org/wiki/storing#Dutch. Example: kiryopi (Dutch, https://tatoeba.org/en/sentences/show/12853283) and kiryopi (English, https://tatoeba.org/en/sentences/show/12853284); CC BY 2.0 FR.",B2;production,de,storingen,storinkje,,,,,,,,false
straling,radiation,B2,noun,"People, objects and abstract concepts",In de ruimte is veel straling.,Space is full of radiation.,"Definition adapted from Wiktionary contributors, CC BY-SA 4.0: https://en.wiktionary.org/wiki/straling#Dutch. Example: megamanenm (Dutch, https://tatoeba.org/en/sentences/show/10793757) and megamanenm (English, https://tatoeba.org/en/sentences/show/10793752); CC BY 2.0 FR.",B2;production,de,stralingen,stralinkje,,,,,,,,false
strijd,"battle, active fighting, warfare",B2,noun,"People, objects and abstract concepts",De draak gaat de strijd aan met de held.,The dragon is fighting the hero.,"Definition adapted from Wiktionary contributors, CC BY-SA 4.0: https://en.wiktionary.org/wiki/strijd#Dutch. Example: megamanenm (Dutch, https://tatoeba.org/en/sentences/show/11018521) and megamanenm (English, https://tatoeba.org/en/sentences/show/11018520); CC BY 2.0 FR.",B2;production,de,strijden,strijdje,,,,,,,,false
studio,studio flat/apartment,B2,noun,"People, objects and abstract concepts","Toen ik nog student was, woonde ik in een kleine studio.","When I was still a student, I lived in a small studio apartment.","Definition adapted from Wiktionary contributors, CC BY-SA 4.0: https://en.wiktionary.org/wiki/studio#Dutch. Example: PaulP (Dutch, https://tatoeba.org/en/sentences/show/5450875) and Miktsoanit (English, https://tatoeba.org/en/sentences/show/12273820); CC BY 2.0 FR.",B2;production,de,studio's,studiootje,,,,,,,,false
subsidie,"subsidy, a subvention",B2,noun,"People, objects and abstract concepts",Ze wees de subsidie ​​die ik aanbood af.,She turned down the subsidy that I offered.,"Definition adapted from Wiktionary contributors, CC BY-SA 4.0: https://en.wiktionary.org/wiki/subsidie#Dutch. Example: MarijnKp (Dutch, https://tatoeba.org/en/sentences/show/12967758) and aliene (English, https://tatoeba.org/en/sentences/show/432828); CC BY 2.0 FR.",B2;production,de,subsidies,subsidietje,,,,,,,,false
suggestie,suggestion,B2,noun,"People, objects and abstract concepts",Tom deed een goede suggestie.,Tom made a good suggestion.,"Definition adapted from Wiktionary contributors, CC BY-SA 4.0: https://en.wiktionary.org/wiki/suggestie#Dutch. Example: Nylez (Dutch, https://tatoeba.org/en/sentences/show/9642568) and CK (English, https://tatoeba.org/en/sentences/show/3127984); CC BY 2.0 FR.",B2;production,de,suggesties,suggestietje,,,,,,,,false
synoniem,"synonym, word with the same meaning as another",B2,noun,"People, objects and abstract concepts","De naam ""Cleopatra"" is een synoniem geworden voor ""mooie vrouw"".","The name ""Cleopatra"" became a synonym for ""beautiful woman"".","Definition adapted from Wiktionary contributors, CC BY-SA 4.0: https://en.wiktionary.org/wiki/synoniem#Dutch. Example: martinod (Dutch, https://tatoeba.org/en/sentences/show/1426926) and megamanenm (English, https://tatoeba.org/en/sentences/show/9181929); CC BY 2.0 FR.",B2;production,het,synoniemen,synoniempje,,,,,,,,false
tabel,table,B2,noun,"People, objects and abstract concepts",Het corpus is niet gestructureerd als een tabel maar als een grafiek.,The corpus is not structured as a table but as a graph.,"Definition adapted from Wiktionary contributors, CC BY-SA 4.0: https://en.wiktionary.org/wiki/tabel#Dutch. Example: SunnyMoon (Dutch, https://tatoeba.org/en/sentences/show/11224511) and wallebot (English, https://tatoeba.org/en/sentences/show/2402818); CC BY 2.0 FR.",B2;production,de,tabellen,tabelletje,,,,,,,,false
taboe,"taboo, prohibition",B2,noun,"People, objects and abstract concepts",Seksualiteit is nog steeds een taboe.,Sexuality is still a taboo.,"Definition adapted from Wiktionary contributors, CC BY-SA 4.0: https://en.wiktionary.org/wiki/taboe#Dutch. Example: vvv123 (Dutch, https://tatoeba.org/en/sentences/show/3612474) and Miktsoanit (English, https://tatoeba.org/en/sentences/show/12299256); CC BY 2.0 FR.",B2;production,het,taboes,taboetje,,,,,,,,false
tactiek,tactics,B2,noun,"People, objects and abstract concepts",We moeten onze tactieken aanpassen.,We need to change our tactics.,"Definition adapted from Wiktionary contributors, CC BY-SA 4.0: https://en.wiktionary.org/wiki/tactiek#Dutch. Example: doemaar14 (Dutch, https://tatoeba.org/en/sentences/show/10350328) and CK (English, https://tatoeba.org/en/sentences/show/9612974); CC BY 2.0 FR.",B2;production,de,tactieken,tactiekje,,,,,,,,false
tang,tongs,B2,noun,"People, objects and abstract concepts",De smid gebruikte de tang om het hoefijzer op te pakken.,The smith used the tongs to pick up the horseshoe.,"Definition adapted from Wiktionary contributors, CC BY-SA 4.0: https://en.wiktionary.org/wiki/tang#Dutch. Example: Raizin (Dutch, https://tatoeba.org/en/sentences/show/4868522) and Hybrid (English, https://tatoeba.org/en/sentences/show/2327491); CC BY 2.0 FR.",B2;production,de,tangen,tangetje,,,,,,,,false
tank,tank,B2,noun,"People, objects and abstract concepts",Kunnen wij met een halve tank benzine naar Miami rijden?,Can we drive to Miami on half a tank of gas?,"Definition adapted from Wiktionary contributors, CC BY-SA 4.0: https://en.wiktionary.org/wiki/tank#Dutch. Example: megamanenm (Dutch, https://tatoeba.org/en/sentences/show/9173198) and Source_VOA (English, https://tatoeba.org/en/sentences/show/681130); CC BY 2.0 FR.",B2;production,de,tanks,tankje,,,,,,,,false
tankstation,"filling station, petrol station, gas station",B2,noun,"People, objects and abstract concepts",Ik ken een tankstation niet zo ver van hier.,I know a filling station not very far from here.,"Definition adapted from Wiktionary contributors, CC BY-SA 4.0: https://en.wiktionary.org/wiki/tankstation#Dutch. Example: Micsmithel (Dutch, https://tatoeba.org/en/sentences/show/6678140) and OsoHombre (English, https://tatoeba.org/en/sentences/show/5823076); CC BY 2.0 FR.",B2;production,het,tankstations,tankstationnetje,,,,,,,,false
tape,tape,B2,noun,"People, objects and abstract concepts",We moeten deze tape vernietigen.,We need to destroy this tape.,"Definition adapted from Wiktionary contributors, CC BY-SA 4.0: https://en.wiktionary.org/wiki/tape#Dutch. Example: MarijnKp (Dutch, https://tatoeba.org/en/sentences/show/7450932) and meerkat (English, https://tatoeba.org/en/sentences/show/2670850); CC BY 2.0 FR.",B2;production,de,tapes,tapeje,,,,,,,,false
tatoeage,tattoo,B2,noun,"People, objects and abstract concepts",Alles wat ik wil voor Kerstmis is een nieuwe tatoeage.,All I want for Christmas is a new tattoo.,"Definition adapted from Wiktionary contributors, CC BY-SA 4.0: https://en.wiktionary.org/wiki/tatoeage#Dutch. Example: Micsmithel (Dutch, https://tatoeba.org/en/sentences/show/9513547) and CM (English, https://tatoeba.org/en/sentences/show/2897796); CC BY 2.0 FR.",B2;production,de,tatoeages,tatoeagetje,,,,,,,,false
tegendeel,contrary,B2,noun,"People, objects and abstract concepts","Rijkdom is niet zonder voordelen en het tegendeel, hoewel het vaak naar voren is gebracht, heeft nooit een grote overtuigingskracht gehad.","Wealth is not without its advantages, and the case to the contrary, although it has often been made, has never proved widely persuasive.","No usual plural in this sense. Definition adapted from Wiktionary contributors, CC BY-SA 4.0: https://en.wiktionary.org/wiki/tegendeel#Dutch. Example: Micsmithel (Dutch, https://tatoeba.org/en/sentences/show/8288031) and Hybrid (English, https://tatoeba.org/en/sentences/show/6287121); CC BY 2.0 FR.",B2;production,het,,,,,,,,,,false
tegenslag,"setback, blow, misfortune",B2,noun,"People, objects and abstract concepts",Dit is een zware tegenslag.,This is a serious setback.,"Definition adapted from Wiktionary contributors, CC BY-SA 4.0: https://en.wiktionary.org/wiki/tegenslag#Dutch. Example: lonepawn (Dutch, https://tatoeba.org/en/sentences/show/4570165) and Spamster (English, https://tatoeba.org/en/sentences/show/1587252); CC BY 2.0 FR.",B2;production,de,tegenslagen,tegenslagje,,,,,,,,false
tegenstand,opposition,B2,noun,"People, objects and abstract concepts",De minste tegenstand maakt hem woedend.,The slightest opposition makes him furious.,"Definition adapted from Wiktionary contributors, CC BY-SA 4.0: https://en.wiktionary.org/wiki/tegenstand#Dutch. Example: martinod (Dutch, https://tatoeba.org/en/sentences/show/5170925) and SunnyMoon (English, https://tatoeba.org/en/sentences/show/11140451); CC BY 2.0 FR.",B2;production,de,tegenstanden,tegenstandje,,,,,,,,false
tegoed,"credit, amount you are owed",B2,noun,"People, objects and abstract concepts",Het lijkt erop dat het tegoed op mijn prepaid mobieltje is opgebruikt.,It seems that the credit for my prepaid mobile phone account has run out.,"Definition adapted from Wiktionary contributors, CC BY-SA 4.0: https://en.wiktionary.org/wiki/tegoed#Dutch. Example: Elsofie (Dutch, https://tatoeba.org/en/sentences/show/8331185) and hrin (English, https://tatoeba.org/en/sentences/show/817184); CC BY 2.0 FR.",B2;production,het,tegoeden,tegoedje,,,,,,,,false
tekenaar,"drawer, illustrator",B2,noun,"People, objects and abstract concepts",Albert werkt als technisch tekenaar bij een ingenieursbureau.,Albert works as an engineering draughtsman at an engineering consultancy.,"Definition adapted from Wiktionary contributors, CC BY-SA 4.0: https://en.wiktionary.org/wiki/tekenaar#Dutch. Example from the same Wiktionary entry (CC BY-SA 4.0).",B2;production,de,tekenaars,tekenaartje,,,,,,,,false
telegraaf,telegraph,B2,noun,"People, objects and abstract concepts",Weet je wie de telegraaf heeft uitgevonden?,Do you know who invented the telegraph?,"Definition adapted from Wiktionary contributors, CC BY-SA 4.0: https://en.wiktionary.org/wiki/telegraaf#Dutch. Example: megamanenm (Dutch, https://tatoeba.org/en/sentences/show/12345921) and CK (English, https://tatoeba.org/en/sentences/show/279221); CC BY 2.0 FR.",B2;production,de,telegrafen,telegraafje,,,,,,,,false
televisieprogramma,"television program, television show",B2,noun,"People, objects and abstract concepts",Welk is uw favoriete televisieprogramma?,What's your favorite television program?,"Definition adapted from Wiktionary contributors, CC BY-SA 4.0: https://en.wiktionary.org/wiki/televisieprogramma#Dutch. Example: martinod (Dutch, https://tatoeba.org/en/sentences/show/695481) and Zifre (English, https://tatoeba.org/en/sentences/show/70982); CC BY 2.0 FR.",B2;production,het,televisieprogramma's,televisieprogrammaatje,,,,,,,,false
tempel,"temple, building destined as place of worship; specifically:; a Jewish synagogue",B2,noun,"People, objects and abstract concepts",Het Erechtheion is een tempel op de Akropolis van Athene.,The Erechtheion is a temple located inside the Acropolis of Athens.,"Definition adapted from Wiktionary contributors, CC BY-SA 4.0: https://en.wiktionary.org/wiki/tempel#Dutch. Example: MarijnKp (Dutch, https://tatoeba.org/en/sentences/show/8673520) and Hybrid (English, https://tatoeba.org/en/sentences/show/8130594); CC BY 2.0 FR.",B2;production,de,tempels / tempelen,tempeltje,,,,,,,,false
terreur,regime of terror,B2,noun,"People, objects and abstract concepts",De bevolking leefde jarenlang onder een terreur van geweld en onderdrukking.,"For years, the population lived under a regime of terror marked by violence and oppression.","Definition adapted from Wiktionary contributors, CC BY-SA 4.0: https://en.wiktionary.org/wiki/terreur#Dutch. Example from the same Wiktionary entry (CC BY-SA 4.0).",B2;production,de,terreurs / terreuren,terreurtje,,,,,,,,false
terrorisme,terrorism,B2,noun,"People, objects and abstract concepts",Sami dacht dat terrorisme een onderdeel was van de islam.,Sami thought that terrorism was part of Islam.,"No usual plural in this sense. Definition adapted from Wiktionary contributors, CC BY-SA 4.0: https://en.wiktionary.org/wiki/terrorisme#Dutch. Example: MarijnKp (Dutch, https://tatoeba.org/en/sentences/show/8001626) and OsoHombre (English, https://tatoeba.org/en/sentences/show/6447768); CC BY 2.0 FR.",B2;production,het,,,,,,,,,,false
terugkeer,return,B2,noun,"People, objects and abstract concepts",De hond wachtte dagenlang op de terugkeer van zijn baasje.,The dog waited day after day for its master's return.,"No usual plural in this sense. Definition adapted from Wiktionary contributors, CC BY-SA 4.0: https://en.wiktionary.org/wiki/terugkeer#Dutch. Example: doemaar14 (Dutch, https://tatoeba.org/en/sentences/show/12334473) and CK (English, https://tatoeba.org/en/sentences/show/239207); CC BY 2.0 FR.",B2;production,de,,,,,,,,,,false
terugweg,way back,B2,noun,"People, objects and abstract concepts",We kopen op de terugweg wel wat brood.,"On the way back, we'll buy some bread.","No usual plural in this sense. Definition adapted from Wiktionary contributors, CC BY-SA 4.0: https://en.wiktionary.org/wiki/terugweg#Dutch. Example: megamanenm (Dutch, https://tatoeba.org/en/sentences/show/10734865) and CK (English, https://tatoeba.org/en/sentences/show/10359621); CC BY 2.0 FR.",B2;production,de,,,,,,,,,,false
testament,testament,B2,noun,"People, objects and abstract concepts",In zeventienhonderdzevenenzestig werd het Nieuwe Testament in het Schots-Gaelisch gedrukt.,"In seventeen sixty-seven, the New Testament was printed in Scottish Gaelic.","Definition adapted from Wiktionary contributors, CC BY-SA 4.0: https://en.wiktionary.org/wiki/testament#Dutch. Example: PaulP (Dutch, https://tatoeba.org/en/sentences/show/6040608) and mailohilohi (English, https://tatoeba.org/en/sentences/show/6040613); CC BY 2.0 FR.",B2;production,het,testamenten,testamentje,,,,,,,,false
therapie,therapy,B2,noun,"People, objects and abstract concepts","Vijf jaar lang heeft hij geleden onder depressie, en geen therapie of medicijnen konden hem helpen.","For five years he was formerly under depression, and no therapy or medicines could help him.","Definition adapted from Wiktionary contributors, CC BY-SA 4.0: https://en.wiktionary.org/wiki/therapie#Dutch. Example: Mandalay (Dutch, https://tatoeba.org/en/sentences/show/6131347) and SunnyMoon (English, https://tatoeba.org/en/sentences/show/11176476); CC BY 2.0 FR.",B2;production,de,therapieën,therapietje,,,,,,,,false
thriller,thriller,B2,noun,"People, objects and abstract concepts",Ik kijk liever naar een spannende thriller.,I would rather watch an exciting thriller.,"Definition adapted from Wiktionary contributors, CC BY-SA 4.0: https://en.wiktionary.org/wiki/thriller#Dutch. Example: Elsofie (Dutch, https://tatoeba.org/en/sentences/show/7992691) and megamanenm (English, https://tatoeba.org/en/sentences/show/9131559); CC BY 2.0 FR.",B2;production,de,thrillers,thrillertje,,,,,,,,false
thuisland,homeland,B2,noun,"People, objects and abstract concepts",Venezuela is mijn tweede thuisland.,Venezuela is my second homeland.,"Definition adapted from Wiktionary contributors, CC BY-SA 4.0: https://en.wiktionary.org/wiki/thuisland#Dutch. Example: MarijnKp (Dutch, https://tatoeba.org/en/sentences/show/12989155) and rul (English, https://tatoeba.org/en/sentences/show/12960147); CC BY 2.0 FR.",B2;production,het,thuislanden,thuislandje,,,,,,,,false
ticket,ticket or voucher,B2,noun,"People, objects and abstract concepts",Kan je ook voor Tom aan een ticket geraken?,"Can you get a ticket for Tom, too?","Definition adapted from Wiktionary contributors, CC BY-SA 4.0: https://en.wiktionary.org/wiki/ticket#Dutch. Example: PaulP (Dutch, https://tatoeba.org/en/sentences/show/6111098) and CK (English, https://tatoeba.org/en/sentences/show/5937427); CC BY 2.0 FR.",B2;production,het,tickets,ticketje,,,,,,,,false
tijdlijn,timeline,B2,noun,"People, objects and abstract concepts",Sami kan zich de tijdlijn niet herinneren.,Sami can't remember the timeline.,"Definition adapted from Wiktionary contributors, CC BY-SA 4.0: https://en.wiktionary.org/wiki/tijdlijn#Dutch. Example: MarijnKp (Dutch, https://tatoeba.org/en/sentences/show/8738831) and OsoHombre (English, https://tatoeba.org/en/sentences/show/7253662); CC BY 2.0 FR.",B2;production,de,tijdlijnen,tijdlijntje,,,,,,,,false
tijdstip,"moment in time, point in time, time of day",B2,noun,"People, objects and abstract concepts",Waar kan je rond dit tijdstip iets te eten kopen?,Where can you buy something to eat at this time of day?,"Definition adapted from Wiktionary contributors, CC BY-SA 4.0: https://en.wiktionary.org/wiki/tijdstip#Dutch. Example: doemaar14 (Dutch, https://tatoeba.org/en/sentences/show/11061069) and sundown (English, https://tatoeba.org/en/sentences/show/8893084); CC BY 2.0 FR.",B2;production,het,tijdstippen,tijdstipje,,,,,,,,false
tijger,tiger,B2,noun,"People, objects and abstract concepts",Tom kent het verschil niet tussen een tijger en een leeuw.,Tom does not know the difference between a tiger and a lion.,"Definition adapted from Wiktionary contributors, CC BY-SA 4.0: https://en.wiktionary.org/wiki/tijger#Dutch. Example: Micsmithel (Dutch, https://tatoeba.org/en/sentences/show/6792774) and SunnyMoon (English, https://tatoeba.org/en/sentences/show/11163032); CC BY 2.0 FR.",B2;production,de,tijgers,tijgertje,,,,,,,,false
timing,timing,B2,noun,"People, objects and abstract concepts",De timing is perfect.,The timing is perfect.,"Definition adapted from Wiktionary contributors, CC BY-SA 4.0: https://en.wiktionary.org/wiki/timing#Dutch. Example: Elsofie (Dutch, https://tatoeba.org/en/sentences/show/8281251) and CK (English, https://tatoeba.org/en/sentences/show/4501375); CC BY 2.0 FR.",B2;production,de,timings,,,,,,,,,false
timmerman,male carpenter,B2,noun,"People, objects and abstract concepts",Tom is een goede timmerman.,Tom is a good carpenter.,"Definition adapted from Wiktionary contributors, CC BY-SA 4.0: https://en.wiktionary.org/wiki/timmerman#Dutch. Example: Micsmithel (Dutch, https://tatoeba.org/en/sentences/show/7047513) and CK (English, https://tatoeba.org/en/sentences/show/3921526); CC BY 2.0 FR.",B2;production,de,timmermannen / timmerlieden,timmermannetje,,,,,,,,false
toetje,"dessert, afters",B2,noun,"People, objects and abstract concepts",Heb je Tom gevraagd om een toetje mee te nemen?,Did you ask Tom to bring a dessert?,"Definition adapted from Wiktionary contributors, CC BY-SA 4.0: https://en.wiktionary.org/wiki/toetje#Dutch. Example: Raizin (Dutch, https://tatoeba.org/en/sentences/show/9314686) and CK (English, https://tatoeba.org/en/sentences/show/9314648); CC BY 2.0 FR.",B2;production,het,toetjes,,,,,,,,,false
tol,"toll, customs",B2,noun,"People, objects and abstract concepts",Kamlesh' productieve drugsgebruik begon uiteindelijk zijn tol te eisen met betrekking tot zijn gezondheid.,Kamlesh's prolific drug abuse was finally starting to take its toll on his health.,"Definition adapted from Wiktionary contributors, CC BY-SA 4.0: https://en.wiktionary.org/wiki/tol#Dutch. Example: doemaar14 (Dutch, https://tatoeba.org/en/sentences/show/13624603) and sabretou (English, https://tatoeba.org/en/sentences/show/8681121); CC BY 2.0 FR.",B2;production,de,tollen,,,,,,,,,false
tolerantie,tolerance,B2,noun,"People, objects and abstract concepts",De Koran leert geen religieuze tolerantie.,The Qur'an doesn't teach religious tolerance.,"Definition adapted from Wiktionary contributors, CC BY-SA 4.0: https://en.wiktionary.org/wiki/tolerantie#Dutch. Example: doemaar14 (Dutch, https://tatoeba.org/en/sentences/show/13613482) and Ooneykcall (English, https://tatoeba.org/en/sentences/show/13610848); CC BY 2.0 FR.",B2;production,de,toleranties,tolerantietje,,,,,,,,false
toneel,"stage, scene, place for a performance in front of an assembled audience",B2,noun,"People, objects and abstract concepts",De actrice viel achteruit van het toneel.,The actress fell backwards from the stage.,"Definition adapted from Wiktionary contributors, CC BY-SA 4.0: https://en.wiktionary.org/wiki/toneel#Dutch. Example: Elsofie (Dutch, https://tatoeba.org/en/sentences/show/8059480) and danieljtah (English, https://tatoeba.org/en/sentences/show/3214233); CC BY 2.0 FR.",B2;production,het,tonelen,toneeltje,,,,,,,,false
toneelstuk,play,B2,noun,"People, objects and abstract concepts",Ik huil altijd als ik dit toneelstuk zie.,I always cry whenever I see this play.,"Definition adapted from Wiktionary contributors, CC BY-SA 4.0: https://en.wiktionary.org/wiki/toneelstuk#Dutch. Example: Nylez (Dutch, https://tatoeba.org/en/sentences/show/10041797) and megamanenm (English, https://tatoeba.org/en/sentences/show/10221475); CC BY 2.0 FR.",B2;production,het,toneelstukken,toneelstukje,,,,,,,,false
tong,tongue,B2,noun,"People, objects and abstract concepts",Ik had het woord op de tip van mijn tong.,I had the word on the tip of my tongue.,"Definition adapted from Wiktionary contributors, CC BY-SA 4.0: https://en.wiktionary.org/wiki/tong#Dutch. Example: SunnyMoon (Dutch, https://tatoeba.org/en/sentences/show/11147009) and freddy1 (English, https://tatoeba.org/en/sentences/show/2129937); CC BY 2.0 FR.",B2;production,de,tongen,tongetje,,,,,,,,false
touw,rope,B2,noun,"People, objects and abstract concepts","Wat je ook doet, trek niet aan deze touw.","No matter what you do, don't pull this rope.","Definition adapted from Wiktionary contributors, CC BY-SA 4.0: https://en.wiktionary.org/wiki/touw#Dutch. Example: doemaar14 (Dutch, https://tatoeba.org/en/sentences/show/12334043) and CK (English, https://tatoeba.org/en/sentences/show/3821084); CC BY 2.0 FR.",B2;production,het,touwen,touwtje,,,,,,,,false
tragedie,tragedy,B2,noun,"People, objects and abstract concepts",Met gezond verstand hadden we deze tragedie kunnen voorkomen.,We could've avoided this tragedy by using common sense.,"Definition adapted from Wiktionary contributors, CC BY-SA 4.0: https://en.wiktionary.org/wiki/tragedie#Dutch. Example: megamanenm (Dutch, https://tatoeba.org/en/sentences/show/11018536) and megamanenm (English, https://tatoeba.org/en/sentences/show/11018535); CC BY 2.0 FR.",B2;production,de,tragediën / tragedies,tragedietje,,,,,,,,false
transactie,transaction,B2,noun,"People, objects and abstract concepts",Ik moet deze transactie binnen een week afronden.,I need to complete this transaction within one week.,"Definition adapted from Wiktionary contributors, CC BY-SA 4.0: https://en.wiktionary.org/wiki/transactie#Dutch. Example: Slam4 (Dutch, https://tatoeba.org/en/sentences/show/11907729) and speedwell (English, https://tatoeba.org/en/sentences/show/3678980); CC BY 2.0 FR.",B2;production,de,transacties,transactietje,,,,,,,,false
transformatie,transformation,B2,noun,"People, objects and abstract concepts",De transformatie was begonnen.,The transformation had begun.,"Definition adapted from Wiktionary contributors, CC BY-SA 4.0: https://en.wiktionary.org/wiki/transformatie#Dutch. Example: MarijnKp (Dutch, https://tatoeba.org/en/sentences/show/10021083) and CM (English, https://tatoeba.org/en/sentences/show/5734782); CC BY 2.0 FR.",B2;production,de,transformaties,transformatietje,,,,,,,,false
trek,appetite,B2,noun,"People, objects and abstract concepts",Dankzij u heb ik geen trek meer.,Thanks to you I've lost my appetite.,"Definition adapted from Wiktionary contributors, CC BY-SA 4.0: https://en.wiktionary.org/wiki/trek#Dutch. Example: Micsmithel (Dutch, https://tatoeba.org/en/sentences/show/7682519) and CM (English, https://tatoeba.org/en/sentences/show/1679); CC BY 2.0 FR.",B2;production,de,trekken,trekje,,,,,,,,false
trekker,trigger,B2,noun,"People, objects and abstract concepts",Tom deed zijn ogen dicht en haalde de trekker over.,Tom closed his eyes and pulled the trigger.,"Definition adapted from Wiktionary contributors, CC BY-SA 4.0: https://en.wiktionary.org/wiki/trekker#Dutch. Example: doemaar14 (Dutch, https://tatoeba.org/en/sentences/show/12330218) and CK (English, https://tatoeba.org/en/sentences/show/9471780); CC BY 2.0 FR.",B2;production,de,trekkers,trekkertje,,,,,,,,false
troep,"mess, disorder",B2,noun,"People, objects and abstract concepts",Mijn buikgevoel zegt dat Tom niet verantwoordlijk is voor deze troep.,My gut-feeling is that Tom isn't the one responsible for this mess.,"Definition adapted from Wiktionary contributors, CC BY-SA 4.0: https://en.wiktionary.org/wiki/troep#Dutch. Example: SunnyMoon (Dutch, https://tatoeba.org/en/sentences/show/11146585) and CK (English, https://tatoeba.org/en/sentences/show/9188440); CC BY 2.0 FR.",B2;production,de,troepen,troepje,,,,,,,,false
trofee,trophy,B2,noun,"People, objects and abstract concepts",Trots liet hij zijn trofee op de plank zien.,He proudly displayed his trophy on the shelf.,"Definition adapted from Wiktionary contributors, CC BY-SA 4.0: https://en.wiktionary.org/wiki/trofee#Dutch. Example: megamanenm (Dutch, https://tatoeba.org/en/sentences/show/12496528) and Lumi (English, https://tatoeba.org/en/sentences/show/12483986); CC BY 2.0 FR.",B2;production,de,trofeeën,trofeetje,,,,,,,,false
troon,throne,B2,noun,"People, objects and abstract concepts",Allah is in de hemel boven Zijn troon.,Allah is in heaven above His throne.,"Definition adapted from Wiktionary contributors, CC BY-SA 4.0: https://en.wiktionary.org/wiki/troon#Dutch. Example: megamanenm (Dutch, https://tatoeba.org/en/sentences/show/12343519) and Amastan (English, https://tatoeba.org/en/sentences/show/8247613); CC BY 2.0 FR.",B2;production,de,tronen,troontje,,,,,,,,false
truc,trick,B2,noun,"People, objects and abstract concepts",Deze oude truc werkt nog steeds.,This old trick still works.,"Definition adapted from Wiktionary contributors, CC BY-SA 4.0: https://en.wiktionary.org/wiki/truc#Dutch. Example: Raizin (Dutch, https://tatoeba.org/en/sentences/show/4538110) and Hybrid (English, https://tatoeba.org/en/sentences/show/4538104); CC BY 2.0 FR.",B2;production,de,trucs / truken,trucje,,,,,,,,false
tunnel,tunnel,B2,noun,"People, objects and abstract concepts",Ik zag een licht aan het einde van de tunnel.,I saw a light at the end of the tunnel.,"Definition adapted from Wiktionary contributors, CC BY-SA 4.0: https://en.wiktionary.org/wiki/tunnel#Dutch. Example: PaulP (Dutch, https://tatoeba.org/en/sentences/show/3685682) and Hybrid (English, https://tatoeba.org/en/sentences/show/3682861); CC BY 2.0 FR.",B2;production,de,tunnels,tunneltje,,,,,,,,false
type,"type: a class, someone or something from a class. The diminutive is used when made into a caricature",B2,noun,"People, objects and abstract concepts",Ik ben niet het type dat zich in gevechten mengt.,I'm not the type to get into fights.,"Definition adapted from Wiktionary contributors, CC BY-SA 4.0: https://en.wiktionary.org/wiki/type#Dutch. Example: SunnyMoon (Dutch, https://tatoeba.org/en/sentences/show/11213330) and felidad (English, https://tatoeba.org/en/sentences/show/10611009); CC BY 2.0 FR.",B2;production,het,types / typen,typetje,,,,,,,,false
uil,"owl, bird of the order Strigiformes",B2,noun,"People, objects and abstract concepts",De uil is een roofvogel.,The owl is a bird of prey.,"Definition adapted from Wiktionary contributors, CC BY-SA 4.0: https://en.wiktionary.org/wiki/uil#Dutch. Example: Adelpa (Dutch, https://tatoeba.org/en/sentences/show/11916694) and Adelpa (English, https://tatoeba.org/en/sentences/show/11918655); CC BY 2.0 FR.",B2;production,de,uilen,uiltje,,,,,,,,false
uitbarsting,"eruption, outburst",B2,noun,"People, objects and abstract concepts",De uitbarsting van de vulkaan Vesuvius verwoestte de stad Pompeï.,The eruption of the volcano Vesuvius destroyed the city of Pompeii.,"Definition adapted from Wiktionary contributors, CC BY-SA 4.0: https://en.wiktionary.org/wiki/uitbarsting#Dutch. Example: MarijnKp (Dutch, https://tatoeba.org/en/sentences/show/7899085) and Objectivesea (English, https://tatoeba.org/en/sentences/show/4878602); CC BY 2.0 FR.",B2;production,de,uitbarstingen,uitbarstinkje,,,,,,,,false
uitbraak,"outbreak, esp. of diseases",B2,noun,"People, objects and abstract concepts",De virale uitbraak deed zich voor in de noordelijke sector.,The viral outbreak occurred in the northern sector.,"Definition adapted from Wiktionary contributors, CC BY-SA 4.0: https://en.wiktionary.org/wiki/uitbraak#Dutch. Example: MarijnKp (Dutch, https://tatoeba.org/en/sentences/show/9033944) and Eccles17 (English, https://tatoeba.org/en/sentences/show/5790030); CC BY 2.0 FR.",B2;production,de,uitbraken,uitbraakje,,,,,,,,false
uitdrukking,"expression, saying, idiom",B2,noun,"People, objects and abstract concepts",Het is een uitdrukking. Je hoeft de letterlijke betekenis ervan niet te begrijpen.,It's an idiom. You don't have to understand its literal meaning.,"Definition adapted from Wiktionary contributors, CC BY-SA 4.0: https://en.wiktionary.org/wiki/uitdrukking#Dutch. Example: doemaar14 (Dutch, https://tatoeba.org/en/sentences/show/12316652) and Shishir (English, https://tatoeba.org/en/sentences/show/2613054); CC BY 2.0 FR.",B2;production,de,uitdrukkingen,uitdrukkinkje,,,,,,,,false
uitgangspunt,"point of departure, starting point",B2,noun,"People, objects and abstract concepts",Het uitgangspunt van deze discussie is dat iedereen gelijk is.,The starting point of this discussion is that everyone is equal.,"Definition adapted from Wiktionary contributors, CC BY-SA 4.0: https://en.wiktionary.org/wiki/uitgangspunt#Dutch. Example from the same Wiktionary entry (CC BY-SA 4.0).",B2;production,het,uitgangspunten,uitgangspuntje,,,,,,,,false
uiting,"expression, utterance",B2,noun,"People, objects and abstract concepts",Haar lach is een authentieke uiting van levensvreugde.,Her laughter is an authentic expression of the joy of living.,"Definition adapted from Wiktionary contributors, CC BY-SA 4.0: https://en.wiktionary.org/wiki/uiting#Dutch. Example: Nylez (Dutch, https://tatoeba.org/en/sentences/show/9623494) and carlosalberto (English, https://tatoeba.org/en/sentences/show/6165212); CC BY 2.0 FR.",B2;production,de,uitingen,uitinkje,,,,,,,,false
uitkering,"benefit, subsidy",B2,noun,"People, objects and abstract concepts",Deze uitkering is van onschatbare waarde.,This benefit is invaluable.,"Definition adapted from Wiktionary contributors, CC BY-SA 4.0: https://en.wiktionary.org/wiki/uitkering#Dutch. Example: MarijnKp (Dutch, https://tatoeba.org/en/sentences/show/12963262) and Amastan (English, https://tatoeba.org/en/sentences/show/11950717); CC BY 2.0 FR.",B2;production,de,uitkeringen,uitkerinkje,,,,,,,,false
uitkomst,"outcome, a result",B2,noun,"People, objects and abstract concepts","De commissie deed wel onderzoek naar de zaak, maar hield de uitkomst geheim.","The committee did investigate the matter, but kept the outcome a secret.","Definition adapted from Wiktionary contributors, CC BY-SA 4.0: https://en.wiktionary.org/wiki/uitkomst#Dutch. Example from the same Wiktionary entry (CC BY-SA 4.0).",B2;production,de,uitkomsten,,,,,,,,,false
uitvinding,invention,B2,noun,"People, objects and abstract concepts",De uitvinding van de transistor luidde een nieuw tijdperk in.,The invention of the transistor marked a new era.,"Definition adapted from Wiktionary contributors, CC BY-SA 4.0: https://en.wiktionary.org/wiki/uitvinding#Dutch. Example: doemaar14 (Dutch, https://tatoeba.org/en/sentences/show/4705703) and CM (English, https://tatoeba.org/en/sentences/show/36922); CC BY 2.0 FR.",B2;production,de,uitvindingen,uitvindinkje,,,,,,,,false
uitwerking,"effect, consequence",B2,noun,"People, objects and abstract concepts",De uitwerking op het lichaam is volgens hem in beide gevallen ongeveer hetzelfde.,"According to him, the effect on the body is about the same in both cases.","Definition adapted from Wiktionary contributors, CC BY-SA 4.0: https://en.wiktionary.org/wiki/uitwerking#Dutch. Example from the same Wiktionary entry (CC BY-SA 4.0).",B2;production,de,uitwerkingen,,,,,,,,,false
unie,union,B2,noun,"People, objects and abstract concepts",Algerije is een zeer belangrijk partnerland voor de Europese Unie.,Algeria is a very important partner country for the European Union.,"Definition adapted from Wiktionary contributors, CC BY-SA 4.0: https://en.wiktionary.org/wiki/unie#Dutch. Example: MarijnKp (Dutch, https://tatoeba.org/en/sentences/show/7730641) and ryanwhiting (English, https://tatoeba.org/en/sentences/show/1852518); CC BY 2.0 FR.",B2;production,de,unies,unietje,,,,,,,,false
universum,universe,B2,noun,"People, objects and abstract concepts",Elke geurende bloem vertelt ons de geheimen van het universum.,Each fragrant flower is telling us the secrets of the Universe.,"Definition adapted from Wiktionary contributors, CC BY-SA 4.0: https://en.wiktionary.org/wiki/universum#Dutch. Example: Mandalay (Dutch, https://tatoeba.org/en/sentences/show/6122279) and carlosalberto (English, https://tatoeba.org/en/sentences/show/6122809); CC BY 2.0 FR.",B2;production,het,universa / universums,universumpje,,,,,,,,false
vaart,"voyage, navigation",B2,noun,"People, objects and abstract concepts",De Titanic zonk tijdens haar eerste vaart. Ze was een groot schip.,The Titanic sank on her maiden voyage. She was a large ship.,"Definition adapted from Wiktionary contributors, CC BY-SA 4.0: https://en.wiktionary.org/wiki/vaart#Dutch. Example: Citrine (Dutch, https://tatoeba.org/en/sentences/show/1386626) and CM (English, https://tatoeba.org/en/sentences/show/881432); CC BY 2.0 FR.",B2;production,de,vaarten,vaartje,,,,,,,,false
vaccin,vaccine,B2,noun,"People, objects and abstract concepts",Mennad weet niet wat de bijwerkingen van het vaccin zijn.,Mennad doesn't know what the side effects of the vaccine are.,"Definition adapted from Wiktionary contributors, CC BY-SA 4.0: https://en.wiktionary.org/wiki/vaccin#Dutch. Example: purple_ice (Dutch, https://tatoeba.org/en/sentences/show/12094427) and OsoHombre (English, https://tatoeba.org/en/sentences/show/8052587); CC BY 2.0 FR.",B2;production,het,vaccins,vaccintje,,,,,,,,false
val,fall,B2,noun,"People, objects and abstract concepts",De olie maakte de vloer glad en veroorzaakte zijn plotse val.,The oil made the floor slippery and caused his sudden fall.,"Definition adapted from Wiktionary contributors, CC BY-SA 4.0: https://en.wiktionary.org/wiki/val#Dutch. Example: GrizaLeono (Dutch, https://tatoeba.org/en/sentences/show/609489) and Ignoto (English, https://tatoeba.org/en/sentences/show/1181517); CC BY 2.0 FR.",B2;production,de,vallen,valletje,,,,,,,,false
valk,"falcon, bird of the family Falconidae, in particular of the genus Falco",B2,noun,"People, objects and abstract concepts",De valk heeft een perfect zicht.,The falcon has perfect vision.,"Definition adapted from Wiktionary contributors, CC BY-SA 4.0: https://en.wiktionary.org/wiki/valk#Dutch. Example: carlosalberto (Dutch, https://tatoeba.org/en/sentences/show/11524581) and carlosalberto (English, https://tatoeba.org/en/sentences/show/11524538); CC BY 2.0 FR.",B2;production,de,valken,valkje,,,,,,,,false
vallei,valley,B2,noun,"People, objects and abstract concepts",De herder dreef de schapen door de vallei.,The shepherd herded the sheep through the valley.,"Definition adapted from Wiktionary contributors, CC BY-SA 4.0: https://en.wiktionary.org/wiki/vallei#Dutch. Example: purple_ice (Dutch, https://tatoeba.org/en/sentences/show/11900291) and Hybrid (English, https://tatoeba.org/en/sentences/show/8733787); CC BY 2.0 FR.",B2;production,de,valleien,valleitje,,,,,,,,false
vasteland,mainland,B2,noun,"People, objects and abstract concepts",Een brug verbindt het eiland met het vasteland.,A bridge connects the island to the mainland.,"Definition adapted from Wiktionary contributors, CC BY-SA 4.0: https://en.wiktionary.org/wiki/vasteland#Dutch. Example from the same Wiktionary entry (CC BY-SA 4.0).",B2;production,het,vastelanden,,,,,,,,,false
veiling,auction,B2,noun,"People, objects and abstract concepts",De veiling eindigt maandag.,The auction ends Monday.,"Definition adapted from Wiktionary contributors, CC BY-SA 4.0: https://en.wiktionary.org/wiki/veiling#Dutch. Example: MarijnKp (Dutch, https://tatoeba.org/en/sentences/show/12968183) and CK (English, https://tatoeba.org/en/sentences/show/4498281); CC BY 2.0 FR.",B2;production,de,veilingen,veilinkje,,,,,,,,false
vel,"skin, a hide",B2,noun,"People, objects and abstract concepts",Ik zit niet zo ontzettend lekker in mijn vel.,I don't feel very comfortable in my own skin.,"Definition adapted from Wiktionary contributors, CC BY-SA 4.0: https://en.wiktionary.org/wiki/vel#Dutch. Example: kiryopi (Dutch, https://tatoeba.org/en/sentences/show/12867974) and kiryopi (English, https://tatoeba.org/en/sentences/show/12867980); CC BY 2.0 FR.",B2;production,het,vellen,velletje,,,,,,,,false
venster,window,B2,noun,"People, objects and abstract concepts",Ze leunden uit het venster om de parade te bekijken.,They leant out of the window to watch the parade.,"Definition adapted from Wiktionary contributors, CC BY-SA 4.0: https://en.wiktionary.org/wiki/venster#Dutch. Example: martinod (Dutch, https://tatoeba.org/en/sentences/show/5405619) and sundown (English, https://tatoeba.org/en/sentences/show/11940170); CC BY 2.0 FR.",B2;production,het,vensters,venstertje,,,,,,,,false
vent,"chap, fellow",B2,noun,"People, objects and abstract concepts",Die jonge vent draagt een zwarte sjaal.,That young chap is wearing a black scarf.,"Definition adapted from Wiktionary contributors, CC BY-SA 4.0: https://en.wiktionary.org/wiki/vent#Dutch. Example: Tom9358 (Dutch, https://tatoeba.org/en/sentences/show/12898745) and Tom9358 (English, https://tatoeba.org/en/sentences/show/12898748); CC BY 2.0 FR.",B2;production,de,venten,ventje,,,,,,,,false
verbeelding,imagination,B2,noun,"People, objects and abstract concepts",Deze jurk laat weinig aan de verbeelding over.,This dress leaves little to the imagination.,"Definition adapted from Wiktionary contributors, CC BY-SA 4.0: https://en.wiktionary.org/wiki/verbeelding#Dutch. Example: Raizin (Dutch, https://tatoeba.org/en/sentences/show/5340289) and Hybrid (English, https://tatoeba.org/en/sentences/show/2654464); CC BY 2.0 FR.",B2;production,de,verbeeldingen,,,,,,,,,false
verbintenis,"connection, relationship, particularly in an emotional sense",B2,noun,"People, objects and abstract concepts",Ik voel geen diepe verbintenis met vreemdelingen online.,I feel no deep connection with strangers online.,"Definition adapted from Wiktionary contributors, CC BY-SA 4.0: https://en.wiktionary.org/wiki/verbintenis#Dutch. Example from the same Wiktionary entry (CC BY-SA 4.0).",B2;production,de,verbintenissen,verbintenisje,,,,,,,,false
verblijfplaats,"residence, place of residence",B2,noun,"People, objects and abstract concepts",Kan je mij een verblijfplaats in Londen aanbevelen?,Can you recommend a place for me to stay in London?,"Definition adapted from Wiktionary contributors, CC BY-SA 4.0: https://en.wiktionary.org/wiki/verblijfplaats#Dutch. Example: lonepawn (Dutch, https://tatoeba.org/en/sentences/show/4570200) and CN (English, https://tatoeba.org/en/sentences/show/2157005); CC BY 2.0 FR.",B2;production,de,verblijfplaatsen,verblijfplaatsje,,,,,,,,false
verbond,"alliance, federation",B2,noun,"People, objects and abstract concepts",Duitsland heeft een verbond met Italië gesloten.,Germany made an alliance with Italy.,"Definition adapted from Wiktionary contributors, CC BY-SA 4.0: https://en.wiktionary.org/wiki/verbond#Dutch. Example: PaulP (Dutch, https://tatoeba.org/en/sentences/show/7835559) and CK (English, https://tatoeba.org/en/sentences/show/38965); CC BY 2.0 FR.",B2;production,het,verbonden,verbondje,,,,,,,,false
verdachte,"defendant, suspect",B2,noun,"People, objects and abstract concepts",De getuigen konden de valse verklaring van de verdachte weerleggen.,The witnesses were able to refute the false testimony of the suspect.,"Definition adapted from Wiktionary contributors, CC BY-SA 4.0: https://en.wiktionary.org/wiki/verdachte#Dutch. Example: megamanenm (Dutch, https://tatoeba.org/en/sentences/show/1106060) and AlanF_US (English, https://tatoeba.org/en/sentences/show/1973); CC BY 2.0 FR.",B2;production,de,verdachten,,,,,,,,,false
verdediging,"defense, defence",B2,noun,"People, objects and abstract concepts",De aanval is de beste verdediging.,The best defense is a good offense.,"Definition adapted from Wiktionary contributors, CC BY-SA 4.0: https://en.wiktionary.org/wiki/verdediging#Dutch. Example: vvv123 (Dutch, https://tatoeba.org/en/sentences/show/3535359) and CK (English, https://tatoeba.org/en/sentences/show/3501296); CC BY 2.0 FR.",B2;production,de,verdedigingen,verdediginkje,,,,,,,,false
verdenking,suspicion,B2,noun,"People, objects and abstract concepts",Hij was boven alle verdenking verheven.,He was above all suspicion.,"Definition adapted from Wiktionary contributors, CC BY-SA 4.0: https://en.wiktionary.org/wiki/verdenking#Dutch. Example: Micsmithel (Dutch, https://tatoeba.org/en/sentences/show/7109238) and Nylez (English, https://tatoeba.org/en/sentences/show/8955401); CC BY 2.0 FR.",B2;production,de,verdenkingen,verdenkinkje,,,,,,,,false
verdrag,treaty,B2,noun,"People, objects and abstract concepts",Het Verdrag van Lissabon wijzigt de samenstelling van de Europese Raad.,The Treaty of Lisbon changes the composition of the European Council.,"Definition adapted from Wiktionary contributors, CC BY-SA 4.0: https://en.wiktionary.org/wiki/verdrag#Dutch. Example: Micsmithel (Dutch, https://tatoeba.org/en/sentences/show/10302747) and Miktsoanit (English, https://tatoeba.org/en/sentences/show/12228554); CC BY 2.0 FR.",B2;production,het,verdragen,verdragje,,,,,,,,false
verdwijning,disappearance,B2,noun,"People, objects and abstract concepts",De omstandigheden van deze verdwijning sloegen de bevoegde diensten met verstomming.,The circumstances of this disappearance struck the opposing authorities.,"Definition adapted from Wiktionary contributors, CC BY-SA 4.0: https://en.wiktionary.org/wiki/verdwijning#Dutch. Example: martinod (Dutch, https://tatoeba.org/en/sentences/show/1058700) and SunnyMoon (English, https://tatoeba.org/en/sentences/show/11173824); CC BY 2.0 FR.",B2;production,de,verdwijningen,,,,,,,,,false
verf,paint,B2,noun,"People, objects and abstract concepts",De verf droogt veel te snel in de zon.,The paint dries way too quickly in the sun.,"Definition adapted from Wiktionary contributors, CC BY-SA 4.0: https://en.wiktionary.org/wiki/verf#Dutch. Example: MarijnKp (Dutch, https://tatoeba.org/en/sentences/show/7831079) and Tom9358 (English, https://tatoeba.org/en/sentences/show/12988137); CC BY 2.0 FR.",B2;production,de,verven,,,,,,,,,false
vergissing,mistake,B2,noun,"People, objects and abstract concepts",Ik besefte dat het een vergissing was zodra ik het deed.,I realized it was a mistake as soon as I did it.,"Definition adapted from Wiktionary contributors, CC BY-SA 4.0: https://en.wiktionary.org/wiki/vergissing#Dutch. Example: purple_ice (Dutch, https://tatoeba.org/en/sentences/show/11900364) and CK (English, https://tatoeba.org/en/sentences/show/3823477); CC BY 2.0 FR.",B2;production,de,vergissingen,vergissinkje,,,,,,,,false
verhoging,"elevated body temperature, mild fever, febrile hyperthermia",B2,noun,"People, objects and abstract concepts",Je hebt geen verhoging.,You don't have a temperature.,"Definition adapted from Wiktionary contributors, CC BY-SA 4.0: https://en.wiktionary.org/wiki/verhoging#Dutch. Example: Dorenda (Dutch, https://tatoeba.org/en/sentences/show/402539) and CK (English, https://tatoeba.org/en/sentences/show/15865); CC BY 2.0 FR.",B2;production,de,verhogingen,verhoginkje,,,,,,,,false
verleiding,temptation,B2,noun,"People, objects and abstract concepts",Ik kan de verleiding van een vers gebakken chocoladekoekje niet weerstaan.,I can't resist the temptation of a freshly baked chocolate chip cookie.,"Definition adapted from Wiktionary contributors, CC BY-SA 4.0: https://en.wiktionary.org/wiki/verleiding#Dutch. Example: megamanenm (Dutch, https://tatoeba.org/en/sentences/show/11509432) and megamanenm (English, https://tatoeba.org/en/sentences/show/11509431); CC BY 2.0 FR.",B2;production,de,verleidingen,verleidinkje,,,,,,,,false
verliezer,loser,B2,noun,"People, objects and abstract concepts","Ze is een slechte verliezer, vind je niet?","She's a sore loser, isn't she?","Definition adapted from Wiktionary contributors, CC BY-SA 4.0: https://en.wiktionary.org/wiki/verliezer#Dutch. Example: doemaar14 (Dutch, https://tatoeba.org/en/sentences/show/12300869) and CH (English, https://tatoeba.org/en/sentences/show/8527405); CC BY 2.0 FR.",B2;production,de,verliezers,verliezertje,,,,,,,,false
verloofde,"betrothed, a fiancée or fiancé",B2,noun,"People, objects and abstract concepts",Haar verloofde gaf haar een heel grote ring.,Her fiancé gave her a very big ring.,"Definition adapted from Wiktionary contributors, CC BY-SA 4.0: https://en.wiktionary.org/wiki/verloofde#Dutch. Example: Vulgaris (Dutch, https://tatoeba.org/en/sentences/show/847540) and lukaszpp (English, https://tatoeba.org/en/sentences/show/435086); CC BY 2.0 FR.",B2;production,de,verloofden,,,,,,,,,false
vermaak,"entertainment, amusement",B2,noun,"People, objects and abstract concepts",Ben je voor het vermaak gebleven?,Did you stay for the entertainment?,"Definition adapted from Wiktionary contributors, CC BY-SA 4.0: https://en.wiktionary.org/wiki/vermaak#Dutch. Example: doemaar14 (Dutch, https://tatoeba.org/en/sentences/show/9067862) and CM (English, https://tatoeba.org/en/sentences/show/7131548); CC BY 2.0 FR.",B2;production,het,vermaken,vermaakje,,,,,,,,false
vernieuwing,innovation,B2,noun,"People, objects and abstract concepts","De vernieuwing die het restaurant brengt, is dat het restaurantbezoek het doel op zich is, en dat de bezoeker kiest uit meerdere mogelijke gerechten.","The innovation that the restaurant brings, is that the restaurant visit is a goal in itself, and that the visitor chooses out of a greater variety of possible dishes.","Definition adapted from Wiktionary contributors, CC BY-SA 4.0: https://en.wiktionary.org/wiki/vernieuwing#Dutch. Example from the same Wiktionary entry (CC BY-SA 4.0).",B2;production,de,vernieuwingen,vernieuwinkje,,,,,,,,false
verraad,"betrayal, treason",B2,noun,"People, objects and abstract concepts",Ze kon niet geloven dat haar beste vriend zulk een verraad kon plegen.,She couldn't believe that her best friend could commit such betrayal.,"No usual plural in this sense. Definition adapted from Wiktionary contributors, CC BY-SA 4.0: https://en.wiktionary.org/wiki/verraad#Dutch. Example from the same Wiktionary entry (CC BY-SA 4.0).",B2;production,het,,,,,,,,,,false
verschijning,"appearance, act of appearing",B2,noun,"People, objects and abstract concepts",Niemand heeft de verschijning van de beer opgemerkt.,No one noticed the bear's appearance.,"Definition adapted from Wiktionary contributors, CC BY-SA 4.0: https://en.wiktionary.org/wiki/verschijning#Dutch. Example: megamanenm (Dutch, https://tatoeba.org/en/sentences/show/10749157) and Duck (English, https://tatoeba.org/en/sentences/show/18085); CC BY 2.0 FR.",B2;production,de,verschijningen,verschijninkje,,,,,,,,false
verschijnsel,phenomenon,B2,noun,"People, objects and abstract concepts",Dit verschijnsel is erg makkelijk te verklaren.,This phenomenon is very easy to explain.,"Definition adapted from Wiktionary contributors, CC BY-SA 4.0: https://en.wiktionary.org/wiki/verschijnsel#Dutch. Example: doemaar14 (Dutch, https://tatoeba.org/en/sentences/show/11041519) and al_ex_an_der (English, https://tatoeba.org/en/sentences/show/1847635); CC BY 2.0 FR.",B2;production,het,verschijnselen / verschijnsels,verschijnseltje,,,,,,,,false
verslaggever,reporter,B2,noun,"People, objects and abstract concepts",De verslaggever stond klaar met zijn microfoon om live verslag te doen van het evenement.,The reporter was ready with his microphone to do live coverage of the event.,"Definition adapted from Wiktionary contributors, CC BY-SA 4.0: https://en.wiktionary.org/wiki/verslaggever#Dutch. Example from the same Wiktionary entry (CC BY-SA 4.0).",B2;production,de,verslaggevers,verslaggevertje,,,,,,,,false
versnelling,gear,B2,noun,"People, objects and abstract concepts",Zij fietst altijd in de zwaarste versnelling.,She always cycles in the highest gear.,"Definition adapted from Wiktionary contributors, CC BY-SA 4.0: https://en.wiktionary.org/wiki/versnelling#Dutch. Example: Tom9358 (Dutch, https://tatoeba.org/en/sentences/show/13842986) and Tom9358 (English, https://tatoeba.org/en/sentences/show/13842987); CC BY 2.0 FR.",B2;production,de,versnellingen,versnellinkje,,,,,,,,false
verspilling,"waste, squandering",B2,noun,"People, objects and abstract concepts",Vandaag was gewoon een verspilling van tijd en geld.,This day was just a waste of time and money.,"Definition adapted from Wiktionary contributors, CC BY-SA 4.0: https://en.wiktionary.org/wiki/verspilling#Dutch. Example: doemaar14 (Dutch, https://tatoeba.org/en/sentences/show/12315939) and Zifre (English, https://tatoeba.org/en/sentences/show/2029); CC BY 2.0 FR.",B2;production,de,verspillingen,verspillinkje,,,,,,,,false
versterking,"reinforcement, backup",B2,noun,"People, objects and abstract concepts",Laat ons versterking vragen.,Let's call for backup.,"Definition adapted from Wiktionary contributors, CC BY-SA 4.0: https://en.wiktionary.org/wiki/versterking#Dutch. Example: PaulP (Dutch, https://tatoeba.org/en/sentences/show/5859951) and CM (English, https://tatoeba.org/en/sentences/show/1129706); CC BY 2.0 FR.",B2;production,de,versterkingen,versterkinkje,,,,,,,,false
vertaler,translator,B2,noun,"People, objects and abstract concepts",De vertaler heeft een onvergeeflijke fout gemaakt.,The translator made an unforgivable mistake.,"Definition adapted from Wiktionary contributors, CC BY-SA 4.0: https://en.wiktionary.org/wiki/vertaler#Dutch. Example: carlosalberto (Dutch, https://tatoeba.org/en/sentences/show/11739886) and carlosalberto (English, https://tatoeba.org/en/sentences/show/11739732); CC BY 2.0 FR.",B2;production,de,vertalers,vertalertje,,,,,,,,false
verte,distance,B2,noun,"People, objects and abstract concepts",In de verte was zoiets als een hut te zien.,Something like a hut could be seen in the distance.,"Definition adapted from Wiktionary contributors, CC BY-SA 4.0: https://en.wiktionary.org/wiki/verte#Dutch. Example: carlosalberto (Dutch, https://tatoeba.org/en/sentences/show/12304266) and carlosalberto (English, https://tatoeba.org/en/sentences/show/12304259); CC BY 2.0 FR.",B2;production,de,verten / vertes,,,,,,,,,false
vervanging,as a substitute for,B2,noun,"People, objects and abstract concepts",Het is een woord waarvoor ik graag een vervanging zou vinden.,It's a word I'd like to find a substitute for.,"No usual plural in this sense. Definition adapted from Wiktionary contributors, CC BY-SA 4.0: https://en.wiktionary.org/wiki/vervanging#Dutch. Example: Dorenda (Dutch, https://tatoeba.org/en/sentences/show/380094) and human600 (English, https://tatoeba.org/en/sentences/show/1350); CC BY 2.0 FR.",B2;production,de,,,,,,,,,,false
vervolging,persecution,B2,noun,"People, objects and abstract concepts",De geschiedenis kent vele voorbeelden van religieuze vervolging.,History has many examples of religious persecution.,"Definition adapted from Wiktionary contributors, CC BY-SA 4.0: https://en.wiktionary.org/wiki/vervolging#Dutch. Example from the same Wiktionary entry (CC BY-SA 4.0).",B2;production,de,vervolgingen,vervolginkje,,,,,,,,false
verwijdering,removal,B2,noun,"People, objects and abstract concepts",De operatieve verwijdering van een eierstok of eierstokken wordt een ovariëctomie genoemd.,The surgical removal of an ovary or ovaries is called an oophorectomy.,"Definition adapted from Wiktionary contributors, CC BY-SA 4.0: https://en.wiktionary.org/wiki/verwijdering#Dutch. Example: MarijnKp (Dutch, https://tatoeba.org/en/sentences/show/7594656) and Vanilla (English, https://tatoeba.org/en/sentences/show/3152398); CC BY 2.0 FR.",B2;production,de,verwijderingen,,,,,,,,,false
vicepresident,vice president,B2,noun,"People, objects and abstract concepts",Joe Biden is de vicepresident van de Verenigde Staten.,Joe Biden is the vice-president of the United States.,"Definition adapted from Wiktionary contributors, CC BY-SA 4.0: https://en.wiktionary.org/wiki/vicepresident#Dutch. Example: Raizin (Dutch, https://tatoeba.org/en/sentences/show/4552764) and Hybrid (English, https://tatoeba.org/en/sentences/show/4552743); CC BY 2.0 FR.",B2;production,de,vicepresidenten,,,,,,,,,false
vijand,enemy,B2,noun,"People, objects and abstract concepts",De gevaarlijkste vijand is de vijand die je niet ziet.,The most dangerous enemy is the enemy you do not see.,"Definition adapted from Wiktionary contributors, CC BY-SA 4.0: https://en.wiktionary.org/wiki/vijand#Dutch. Example: PaulP (Dutch, https://tatoeba.org/en/sentences/show/12428009) and adamtrousers (English, https://tatoeba.org/en/sentences/show/12427624); CC BY 2.0 FR.",B2;production,de,vijanden,vijandje,,,,,,,,false
vijver,pond,B2,noun,"People, objects and abstract concepts","Het meisje dat in de vijver zwemt, is mijn nicht.",The girl swimming in the pond is my cousin.,"Definition adapted from Wiktionary contributors, CC BY-SA 4.0: https://en.wiktionary.org/wiki/vijver#Dutch. Example: martinod (Dutch, https://tatoeba.org/en/sentences/show/721701) and Tom9358 (English, https://tatoeba.org/en/sentences/show/12878662); CC BY 2.0 FR.",B2;production,de,vijvers,vijvertje,,,,,,,,false
villa,"mansion expensive, sumptuous house)",B2,noun,"People, objects and abstract concepts",Sami begon visioenen te krijgen van hoe de villa er vroeger uitzag.,Sami started having visions of how the mansion used to look.,"Definition adapted from Wiktionary contributors, CC BY-SA 4.0: https://en.wiktionary.org/wiki/villa#Dutch. Example: megamanenm (Dutch, https://tatoeba.org/en/sentences/show/12350656) and OsoHombre (English, https://tatoeba.org/en/sentences/show/7146301); CC BY 2.0 FR.",B2;production,de,villa's,villaatje,,,,,,,,false
viool,"violin, fiddle",B2,noun,"People, objects and abstract concepts","De viool, de piano en de harp zijn muziekinstrumenten.","The violin, the piano, and the harp are musical instruments.","Definition adapted from Wiktionary contributors, CC BY-SA 4.0: https://en.wiktionary.org/wiki/viool#Dutch. Example: tatoebashrek (Dutch, https://tatoeba.org/en/sentences/show/10050476) and AlanF_US (English, https://tatoeba.org/en/sentences/show/4466442); CC BY 2.0 FR.",B2;production,de,violen,viooltje,,,,,,,,false
visser,"fisher, a fisherman or, less commonly, a fisherwoman",B2,noun,"People, objects and abstract concepts",De visser ving een parelkwal in zijn net.,The fisherman caught a purple jellyfish in his net.,"Definition adapted from Wiktionary contributors, CC BY-SA 4.0: https://en.wiktionary.org/wiki/visser#Dutch. Example: MarijnKp (Dutch, https://tatoeba.org/en/sentences/show/9211778) and Solana (English, https://tatoeba.org/en/sentences/show/8742990); CC BY 2.0 FR.",B2;production,de,vissers,vissertje,,,,,,,,false
visum,visa,B2,noun,"People, objects and abstract concepts",Je hebt een geschreven uitnodiging nodig om een visum te krijgen.,You need a letter of invitation to get a visa.,"Definition adapted from Wiktionary contributors, CC BY-SA 4.0: https://en.wiktionary.org/wiki/visum#Dutch. Example: slavneui (Dutch, https://tatoeba.org/en/sentences/show/656933) and rul (English, https://tatoeba.org/en/sentences/show/12798348); CC BY 2.0 FR.",B2;production,het,visa / visums,visumpje,,,,,,,,false
vitamine,vitamin,B2,noun,"People, objects and abstract concepts",Mandarijnen bevatten veel vitamine C.,Mandarin oranges have a lot of vitamin C.,"Definition adapted from Wiktionary contributors, CC BY-SA 4.0: https://en.wiktionary.org/wiki/vitamine#Dutch. Example: MarijnKp (Dutch, https://tatoeba.org/en/sentences/show/7585980) and CK (English, https://tatoeba.org/en/sentences/show/2860606); CC BY 2.0 FR.",B2;production,de,vitaminen / vitamines,vitamientje,,,,,,,,false
vlag,flag,B2,noun,"People, objects and abstract concepts","De Algerijnse vlag heeft drie kleuren: groen, wit en rood.","Algeria's flag has three colors: green, white and red.","Definition adapted from Wiktionary contributors, CC BY-SA 4.0: https://en.wiktionary.org/wiki/vlag#Dutch. Example: MarijnKp (Dutch, https://tatoeba.org/en/sentences/show/7803917) and MisterBrown (English, https://tatoeba.org/en/sentences/show/7551015); CC BY 2.0 FR.",B2;production,de,vlaggen,vlaggetje,,,,,,,,false
vlam,flame,B2,noun,"People, objects and abstract concepts",Charmander is een Pokémon met een vlam aan zijn staart.,Charmander is a Pokémon with a flame on its tail.,"Definition adapted from Wiktionary contributors, CC BY-SA 4.0: https://en.wiktionary.org/wiki/vlam#Dutch. Example: Tom9358 (Dutch, https://tatoeba.org/en/sentences/show/13790836) and Tom9358 (English, https://tatoeba.org/en/sentences/show/13790838); CC BY 2.0 FR.",B2;production,de,vlammen,vlammetje,,,,,,,,false
vlek,"spot, stain, speck",B2,noun,"People, objects and abstract concepts",De vlek op de labjas is te wijten aan zilvernitraat.,The stain on the lab coat is due to silver nitrate.,"Definition adapted from Wiktionary contributors, CC BY-SA 4.0: https://en.wiktionary.org/wiki/vlek#Dutch. Example: MarijnKp (Dutch, https://tatoeba.org/en/sentences/show/7323286) and mervert1 (English, https://tatoeba.org/en/sentences/show/4453759); CC BY 2.0 FR.",B2;production,de,vlekken,vlekje,,,,,,,,false
vleugel,wing to fly with,B2,noun,"People, objects and abstract concepts",Ik wou liefst aan een vleugel zitten.,I'd like a seat over a wing.,"Definition adapted from Wiktionary contributors, CC BY-SA 4.0: https://en.wiktionary.org/wiki/vleugel#Dutch. Example: PaulP (Dutch, https://tatoeba.org/en/sentences/show/4160454) and meerkat (English, https://tatoeba.org/en/sentences/show/2630383); CC BY 2.0 FR.",B2;production,de,vleugelen / vleugels,vleugeltje,,,,,,,,false
vlieg,fly,B2,noun,"People, objects and abstract concepts","""Leid me niet in bekoring!"" zei de kikker tot de vlieg.","""Lead me not into temptation,"" said the frog to the fly.","Definition adapted from Wiktionary contributors, CC BY-SA 4.0: https://en.wiktionary.org/wiki/vlieg#Dutch. Example: GrizaLeono (Dutch, https://tatoeba.org/en/sentences/show/892943) and raggione (English, https://tatoeba.org/en/sentences/show/4121920); CC BY 2.0 FR.",B2;production,de,vliegen,vliegje,,,,,,,,false
vlieger,kite,B2,noun,"People, objects and abstract concepts",Een vlieger oplaten kan gevaarlijk zijn.,Flying a kite can be dangerous.,"Definition adapted from Wiktionary contributors, CC BY-SA 4.0: https://en.wiktionary.org/wiki/vlieger#Dutch. Example: martinod (Dutch, https://tatoeba.org/en/sentences/show/688884) and CK (English, https://tatoeba.org/en/sentences/show/40912); CC BY 2.0 FR.",B2;production,de,vliegers,vliegertje,,,,,,,,false
vlinder,"butterfly, or generally any insect belonging to the order Lepidoptera",B2,noun,"People, objects and abstract concepts",De vlinder is een insect.,The butterfly is an insect.,"Definition adapted from Wiktionary contributors, CC BY-SA 4.0: https://en.wiktionary.org/wiki/vlinder#Dutch. Example: PaulP (Dutch, https://tatoeba.org/en/sentences/show/11132478) and carlosalberto (English, https://tatoeba.org/en/sentences/show/11131629); CC BY 2.0 FR.",B2;production,de,vlinders,vlindertje,,,,,,,,false
vloeistof,"liquid, as opposed to solid - and gaseous matter",B2,noun,"People, objects and abstract concepts",Ik bestudeer de eigenschappen van deze vloeistof.,I am studying the properties of this liquid.,"Definition adapted from Wiktionary contributors, CC BY-SA 4.0: https://en.wiktionary.org/wiki/vloeistof#Dutch. Example: carlosalberto (Dutch, https://tatoeba.org/en/sentences/show/12137134) and carlosalberto (English, https://tatoeba.org/en/sentences/show/12137110); CC BY 2.0 FR.",B2;production,de,vloeistoffen,vloeistofje,,,,,,,,false
vloek,curse,B2,noun,"People, objects and abstract concepts",Dit is zowel een zegen als een vloek.,This is both a blessing and a curse.,"Definition adapted from Wiktionary contributors, CC BY-SA 4.0: https://en.wiktionary.org/wiki/vloek#Dutch. Example: LinguisticFusion (Dutch, https://tatoeba.org/en/sentences/show/5045983) and Hybrid (English, https://tatoeba.org/en/sentences/show/5045797); CC BY 2.0 FR.",B2;production,de,vloeken,vloekje,,,,,,,,false
vloot,fleet,B2,noun,"People, objects and abstract concepts",De Romeinen bouwden een vloot van driehonderd schepen.,The Romans built a fleet of three hundred ships.,"Definition adapted from Wiktionary contributors, CC BY-SA 4.0: https://en.wiktionary.org/wiki/vloot#Dutch. Example: martinod (Dutch, https://tatoeba.org/en/sentences/show/815499) and CM (English, https://tatoeba.org/en/sentences/show/1108084); CC BY 2.0 FR.",B2;production,de,vloten,vlootje,,,,,,,,false
vluchteling,fugitive,B2,noun,"People, objects and abstract concepts",De vluchteling stak de rivier over.,The fugitive crossed the river.,"Definition adapted from Wiktionary contributors, CC BY-SA 4.0: https://en.wiktionary.org/wiki/vluchteling#Dutch. Example: Elsofie (Dutch, https://tatoeba.org/en/sentences/show/8583436) and Spamster (English, https://tatoeba.org/en/sentences/show/1931995); CC BY 2.0 FR.",B2;production,de,vluchtelingen,vluchtelingetje,,,,,,,,false
voedsel,food,B2,noun,"People, objects and abstract concepts",Ik koop bijna al het voedsel dat we hier eten.,I buy almost all the food we eat here.,"Definition adapted from Wiktionary contributors, CC BY-SA 4.0: https://en.wiktionary.org/wiki/voedsel#Dutch. Example: megamanenm (Dutch, https://tatoeba.org/en/sentences/show/10773360) and CK (English, https://tatoeba.org/en/sentences/show/6247052); CC BY 2.0 FR.",B2;production,het,voedsels,,,,,,,,,false
voetballer,"footballer; football player, soccer player",B2,noun,"People, objects and abstract concepts",De voetballer strikt de veters van zijn voetbalschoenen.,The footballer ties his bootlaces.,"Definition adapted from Wiktionary contributors, CC BY-SA 4.0: https://en.wiktionary.org/wiki/voetballer#Dutch. Example: simonbr (Dutch, https://tatoeba.org/en/sentences/show/3300999) and sundown (English, https://tatoeba.org/en/sentences/show/12397847); CC BY 2.0 FR.",B2;production,de,voetballers,voetballertje,,,,,,,,false
voetbalwedstrijd,football match,B2,noun,"People, objects and abstract concepts",De tijdsduur van een voetbalwedstrijd is 90 minuten.,The duration of a football match is 90 minutes.,"Definition adapted from Wiktionary contributors, CC BY-SA 4.0: https://en.wiktionary.org/wiki/voetbalwedstrijd#Dutch. Example: vvv123 (Dutch, https://tatoeba.org/en/sentences/show/3704515) and Nylez (English, https://tatoeba.org/en/sentences/show/8953518); CC BY 2.0 FR.",B2;production,de,voetbalwedstrijden,voetbalwedstrijdje,,,,,,,,false
volgorde,"order, ordering, sequence",B2,noun,"People, objects and abstract concepts",Je moet de volgorde van de woorden veranderen.,You have to change the word order.,"Definition adapted from Wiktionary contributors, CC BY-SA 4.0: https://en.wiktionary.org/wiki/volgorde#Dutch. Example: PaulP (Dutch, https://tatoeba.org/en/sentences/show/3800092) and Eldad (English, https://tatoeba.org/en/sentences/show/3800022); CC BY 2.0 FR.",B2;production,de,volgorden / volgordes,,,,,,,,,false
volume,volume,B2,noun,"People, objects and abstract concepts",Hoe bepaal je het volume van een cilinder?,How do you find the volume of a cylinder?,"Definition adapted from Wiktionary contributors, CC BY-SA 4.0: https://en.wiktionary.org/wiki/volume#Dutch. Example: Micsmithel (Dutch, https://tatoeba.org/en/sentences/show/10123928) and Lepotdeterre (English, https://tatoeba.org/en/sentences/show/4084633); CC BY 2.0 FR.",B2;production,het,volumen / volumes,volumetje,,,,,,,,false
vonk,spark,B2,noun,"People, objects and abstract concepts",Een krachtige vlam ontstaat uit een kleine vonk.,A powerful flame originates in a tiny spark.,"Definition adapted from Wiktionary contributors, CC BY-SA 4.0: https://en.wiktionary.org/wiki/vonk#Dutch. Example: megamanenm (Dutch, https://tatoeba.org/en/sentences/show/11555860) and carlosalberto (English, https://tatoeba.org/en/sentences/show/6328606); CC BY 2.0 FR.",B2;production,de,vonken,vonkje,,,,,,,,false
voogd,guardian,B2,noun,"People, objects and abstract concepts",Ze zullen een voogd voor hem toewijzen.,They will assign a guardian for him.,"Definition adapted from Wiktionary contributors, CC BY-SA 4.0: https://en.wiktionary.org/wiki/voogd#Dutch. Example: MarijnKp (Dutch, https://tatoeba.org/en/sentences/show/12966127) and ajje (English, https://tatoeba.org/en/sentences/show/8122669); CC BY 2.0 FR.",B2;production,de,voogden,voogdje,,,,,,,,false
vooravond,eve,B2,noun,"People, objects and abstract concepts",31 december is de vooravond van het nieuwe jaar.,December 31 is New Year's Eve.,"Definition adapted from Wiktionary contributors, CC BY-SA 4.0: https://en.wiktionary.org/wiki/vooravond#Dutch. Example: simonbr (Dutch, https://tatoeba.org/en/sentences/show/1534297) and Miktsoanit (English, https://tatoeba.org/en/sentences/show/12245268); CC BY 2.0 FR.",B2;production,de,vooravonden,vooravondje,,,,,,,,false
voordeur,front door,B2,noun,"People, objects and abstract concepts",We hebben een kerstkrans aan de voordeur gehangen.,We hung a Christmas wreath on the front door.,"Definition adapted from Wiktionary contributors, CC BY-SA 4.0: https://en.wiktionary.org/wiki/voordeur#Dutch. Example: Micsmithel (Dutch, https://tatoeba.org/en/sentences/show/9522805) and CK (English, https://tatoeba.org/en/sentences/show/7653916); CC BY 2.0 FR.",B2;production,de,voordeuren,voordeurtje,,,,,,,,false
voorganger,predecessor,B2,noun,"People, objects and abstract concepts",Deze kandidaat is duidelijk beter dan zijn voorganger.,This candidate is significantly better compared to his predecessor.,"Definition adapted from Wiktionary contributors, CC BY-SA 4.0: https://en.wiktionary.org/wiki/voorganger#Dutch. Example: PaulP (Dutch, https://tatoeba.org/en/sentences/show/3500336) and neron (English, https://tatoeba.org/en/sentences/show/3500143); CC BY 2.0 FR.",B2;production,de,voorgangers,voorgangertje,,,,,,,,false
voorhoofd,forehead,B2,noun,"People, objects and abstract concepts","Tom wreef over zijn voorhoofd, alsof hij zich iets probeerde te herinneren.","Tom rubbed his forehead, as if trying to remember something.","Definition adapted from Wiktionary contributors, CC BY-SA 4.0: https://en.wiktionary.org/wiki/voorhoofd#Dutch. Example: SunnyMoon (Dutch, https://tatoeba.org/en/sentences/show/11133821) and Hybrid (English, https://tatoeba.org/en/sentences/show/7367207); CC BY 2.0 FR.",B2;production,het,voorhoofden,voorhoofdje,,,,,,,,false
voorjaar,spring,B2,noun,"People, objects and abstract concepts",In het voorjaar gaat de klok een uur vooruit.,"Spring ahead, fall behind.","Definition adapted from Wiktionary contributors, CC BY-SA 4.0: https://en.wiktionary.org/wiki/voorjaar#Dutch. Example: PaulP (Dutch, https://tatoeba.org/en/sentences/show/3515501) and marafon (English, https://tatoeba.org/en/sentences/show/1977020); CC BY 2.0 FR.",B2;production,het,voorjaren,,,,,,,,,false
voorkant,front,B2,noun,"People, objects and abstract concepts",Er is een tuin aan de voorkant van het huis.,There is a garden in front of the house.,"Definition adapted from Wiktionary contributors, CC BY-SA 4.0: https://en.wiktionary.org/wiki/voorkant#Dutch. Example: MarijnKp (Dutch, https://tatoeba.org/en/sentences/show/12976726) and CK (English, https://tatoeba.org/en/sentences/show/24168); CC BY 2.0 FR.",B2;production,de,voorkanten,voorkantje,,,,,,,,false
voorrang,right-of-way,B2,noun,"People, objects and abstract concepts",Wij moeten hun voorrang geven.,We need to give them right of way.,"No usual plural in this sense. Definition adapted from Wiktionary contributors, CC BY-SA 4.0: https://en.wiktionary.org/wiki/voorrang#Dutch. Example: Micsmithel (Dutch, https://tatoeba.org/en/sentences/show/9042515) and megamanenm (English, https://tatoeba.org/en/sentences/show/9181971); CC BY 2.0 FR.",B2;production,de,,,,,,,,,,false
voorstander,advocate,B2,noun,"People, objects and abstract concepts",Ik ben een voorstander van democratie.,I'm an advocate of democracy.,"Definition adapted from Wiktionary contributors, CC BY-SA 4.0: https://en.wiktionary.org/wiki/voorstander#Dutch. Example: Nylez (Dutch, https://tatoeba.org/en/sentences/show/9666180) and Miktsoanit (English, https://tatoeba.org/en/sentences/show/12237395); CC BY 2.0 FR.",B2;production,de,voorstanders,voorstandertje,,,,,,,,false
vooruitgang,progress,B2,noun,"People, objects and abstract concepts",Is het een vooruitgang als een kannibaal mes en vork gebruikt?,Is it progress if a cannibal uses a knife and fork?,"Definition adapted from Wiktionary contributors, CC BY-SA 4.0: https://en.wiktionary.org/wiki/vooruitgang#Dutch. Example: Adelpa (Dutch, https://tatoeba.org/en/sentences/show/12154503) and megamanenm (English, https://tatoeba.org/en/sentences/show/10218359); CC BY 2.0 FR.",B2;production,de,vooruitgangen,vooruitgangetje,,,,,,,,false
voorval,"incident, event",B2,noun,"People, objects and abstract concepts",Verschillende mensen vertellen uiteenlopende versies van het voorval.,Different people tell different versions of the incident.,"Definition adapted from Wiktionary contributors, CC BY-SA 4.0: https://en.wiktionary.org/wiki/voorval#Dutch. Example: Micsmithel (Dutch, https://tatoeba.org/en/sentences/show/7064034) and sharptoothed (English, https://tatoeba.org/en/sentences/show/2512816); CC BY 2.0 FR.",B2;production,het,voorvallen,voorvalletje,,,,,,,,false
voorwerp,physical object,B2,noun,"People, objects and abstract concepts","Tom was het voorwerp van spot. Iedereen, waaronder zijn eigen ouders, maakte hem belachelijk.","Tom was the object of ridicule. Everyone, including his own parents, made fun of him.","Definition adapted from Wiktionary contributors, CC BY-SA 4.0: https://en.wiktionary.org/wiki/voorwerp#Dutch. Example: doemaar14 (Dutch, https://tatoeba.org/en/sentences/show/13601606) and doemaar14 (English, https://tatoeba.org/en/sentences/show/13601490); CC BY 2.0 FR.",B2;production,het,voorwerpen,voorwerpje,,,,,,,,false
vorst,frost,B2,noun,"People, objects and abstract concepts",De vorst heeft veel schade aan de gewassen gedaan.,The frost did a lot of damage to the crops.,"No usual plural in this sense. Definition adapted from Wiktionary contributors, CC BY-SA 4.0: https://en.wiktionary.org/wiki/vorst#Dutch. Example: Citrine (Dutch, https://tatoeba.org/en/sentences/show/1478323) and CK (English, https://tatoeba.org/en/sentences/show/1461056); CC BY 2.0 FR.",B2;production,de,,,,,,,,,,false
vos,"fox, carnivore of the tribe Vulpini",B2,noun,"People, objects and abstract concepts","Ik zag een wolf, een vos en een konijn.","I saw a wolf, a fox and a rabbit.","Definition adapted from Wiktionary contributors, CC BY-SA 4.0: https://en.wiktionary.org/wiki/vos#Dutch. Example: Elsofie (Dutch, https://tatoeba.org/en/sentences/show/8122729) and CarpeLanam (English, https://tatoeba.org/en/sentences/show/5025092); CC BY 2.0 FR.",B2;production,de,vossen,vosje,,,,,,,,false
vraagprijs,asking price,B2,noun,"People, objects and abstract concepts",De vraagprijs is astronomisch hoog.,The asking price is astronomical.,"Definition adapted from Wiktionary contributors, CC BY-SA 4.0: https://en.wiktionary.org/wiki/vraagprijs#Dutch. Example: doemaar14 (Dutch, https://tatoeba.org/en/sentences/show/11041508) and CM (English, https://tatoeba.org/en/sentences/show/3724541); CC BY 2.0 FR.",B2;production,de,vraagprijzen,vraagprijsje,,,,,,,,false
vraagstuk,"question, issue, problem",B2,noun,"People, objects and abstract concepts",Ik vond het vraagstuk gemakkelijker dan ik had verwacht.,I found the problem easier than I had expected.,"Definition adapted from Wiktionary contributors, CC BY-SA 4.0: https://en.wiktionary.org/wiki/vraagstuk#Dutch. Example: martinod (Dutch, https://tatoeba.org/en/sentences/show/679335) and Eldad (English, https://tatoeba.org/en/sentences/show/323881); CC BY 2.0 FR.",B2;production,het,vraagstukken,vraagstukje,,,,,,,,false
vrachtwagen,"truck, lorry",B2,noun,"People, objects and abstract concepts",Hoe slaagde hij erin een vrachtwagen om te kiepen?,How did he manage to flip over a truck?,"Definition adapted from Wiktionary contributors, CC BY-SA 4.0: https://en.wiktionary.org/wiki/vrachtwagen#Dutch. Example: megamanenm (Dutch, https://tatoeba.org/en/sentences/show/9752512) and megamanenm (English, https://tatoeba.org/en/sentences/show/9752510); CC BY 2.0 FR.",B2;production,de,vrachtwagens,vrachtwagentje,,,,,,,,false
vreemdeling,stranger,B2,noun,"People, objects and abstract concepts","Neem mijn hand, ik ben een vreemdeling in het paradijs.","Take my hand, I'm a stranger in paradise.","Definition adapted from Wiktionary contributors, CC BY-SA 4.0: https://en.wiktionary.org/wiki/vreemdeling#Dutch. Example: carlosalberto (Dutch, https://tatoeba.org/en/sentences/show/13921560) and carlosalberto (English, https://tatoeba.org/en/sentences/show/13921544); CC BY 2.0 FR.",B2;production,de,vreemdelingen,vreemdelingetje,,,,,,,,false
vreugde,joy,B2,noun,"People, objects and abstract concepts",Ze is de vreugde van het hele gezin.,She is the joy of the whole family.,"Definition adapted from Wiktionary contributors, CC BY-SA 4.0: https://en.wiktionary.org/wiki/vreugde#Dutch. Example: carlosalberto (Dutch, https://tatoeba.org/en/sentences/show/11342744) and carlosalberto (English, https://tatoeba.org/en/sentences/show/11342698); CC BY 2.0 FR.",B2;production,de,vreugden / vreugdes,vreugdetje,,,,,,,,false
vrucht,fruit,B2,noun,"People, objects and abstract concepts",In de Odyssee is de dadelpruim de vrucht der vergetelheid.,"In the Odyssey, the date-plum is the fruit of oblivion.","Definition adapted from Wiktionary contributors, CC BY-SA 4.0: https://en.wiktionary.org/wiki/vrucht#Dutch. Example: Nylez (Dutch, https://tatoeba.org/en/sentences/show/9935018) and Nylez (English, https://tatoeba.org/en/sentences/show/9827750); CC BY 2.0 FR.",B2;production,de,vruchten,vruchtje,,,,,,,,false
vuilnis,"rubbish, trash, garbage; waste products disposed off",B2,noun,"People, objects and abstract concepts",Neem het vuilnis mee als je naar buiten gaat.,"When you go out, take out the trash.","No usual plural in this sense. Definition adapted from Wiktionary contributors, CC BY-SA 4.0: https://en.wiktionary.org/wiki/vuilnis#Dutch. Example: Nylez (Dutch, https://tatoeba.org/en/sentences/show/9025584) and mccarras (English, https://tatoeba.org/en/sentences/show/9023340); CC BY 2.0 FR.",B2;production,de,,,,,,,,,,false
vuist,fist,B2,noun,"People, objects and abstract concepts",Tom bonsde op de deur met zijn vuist.,Tom banged on the door with his fist.,"Definition adapted from Wiktionary contributors, CC BY-SA 4.0: https://en.wiktionary.org/wiki/vuist#Dutch. Example: spruit (Dutch, https://tatoeba.org/en/sentences/show/10253154) and CK (English, https://tatoeba.org/en/sentences/show/7542794); CC BY 2.0 FR.",B2;production,de,vuisten,vuistje,,,,,,,,false
vulkaan,volcano,B2,noun,"People, objects and abstract concepts",De uitbarsting van de vulkaan Vesuvius verwoestte de stad Pompeï.,The eruption of the volcano Vesuvius destroyed the city of Pompeii.,"Definition adapted from Wiktionary contributors, CC BY-SA 4.0: https://en.wiktionary.org/wiki/vulkaan#Dutch. Example: MarijnKp (Dutch, https://tatoeba.org/en/sentences/show/7899085) and Objectivesea (English, https://tatoeba.org/en/sentences/show/4878602); CC BY 2.0 FR.",B2;production,de,vulkanen,vulkaantje,,,,,,,,false
vuur,fire,B2,noun,"People, objects and abstract concepts",De kinderen zaten rond het vuur met hun benen gekruist.,The children sat cross-legged around the fire.,"Definition adapted from Wiktionary contributors, CC BY-SA 4.0: https://en.wiktionary.org/wiki/vuur#Dutch. Example: megamanenm (Dutch, https://tatoeba.org/en/sentences/show/10743366) and Hybrid (English, https://tatoeba.org/en/sentences/show/5360527); CC BY 2.0 FR.",B2;production,het,vuren,vuurtje,,,,,,,,false
vuurwapen,firearm,B2,noun,"People, objects and abstract concepts",Kun je met een vuurwapen omgaan?,Can you handle a firearm?,"Definition adapted from Wiktionary contributors, CC BY-SA 4.0: https://en.wiktionary.org/wiki/vuurwapen#Dutch. Example: megamanenm (Dutch, https://tatoeba.org/en/sentences/show/10787717) and CK (English, https://tatoeba.org/en/sentences/show/3328175); CC BY 2.0 FR.",B2;production,het,vuurwapens,vuurwapentje,,,,,,,,false
vuurwerk,fireworks,B2,noun,"People, objects and abstract concepts",Ik wist dat het geen vuurwerk was.,I knew it wasn't fireworks.,"Definition adapted from Wiktionary contributors, CC BY-SA 4.0: https://en.wiktionary.org/wiki/vuurwerk#Dutch. Example: MarijnKp (Dutch, https://tatoeba.org/en/sentences/show/7669049) and CM (English, https://tatoeba.org/en/sentences/show/5738268); CC BY 2.0 FR.",B2;production,het,vuurwerken,vuurwerkje,,,,,,,,false
waardigheid,"dignity, honour",B2,noun,"People, objects and abstract concepts",Ik heb nog steeds mijn waardigheid.,I still have my dignity.,"Definition adapted from Wiktionary contributors, CC BY-SA 4.0: https://en.wiktionary.org/wiki/waardigheid#Dutch. Example: Raizin (Dutch, https://tatoeba.org/en/sentences/show/4516531) and CK (English, https://tatoeba.org/en/sentences/show/2406639); CC BY 2.0 FR.",B2;production,de,waardigheden,,,,,,,,,false
waarneming,observation,B2,noun,"People, objects and abstract concepts",Zijn waarneming van de gebeurtenissen was zeer gedetailleerd.,His observation of the events was very detailed.,"Definition adapted from Wiktionary contributors, CC BY-SA 4.0: https://en.wiktionary.org/wiki/waarneming#Dutch. Example from the same Wiktionary entry (CC BY-SA 4.0).",B2;production,de,waarnemingen,,,,,,,,,false
wachtwoord,password,B2,noun,"People, objects and abstract concepts",Je kan alleen binnen komen als je ons wachtwoord weet.,You can come in if and only if you know our password.,"Definition adapted from Wiktionary contributors, CC BY-SA 4.0: https://en.wiktionary.org/wiki/wachtwoord#Dutch. Example: Citrine (Dutch, https://tatoeba.org/en/sentences/show/1477991) and sundown (English, https://tatoeba.org/en/sentences/show/1477302); CC BY 2.0 FR.",B2;production,het,wachtwoorden,wachtwoordje,,,,,,,,false
walvis,"whale, mammal of the order Cetacea",B2,noun,"People, objects and abstract concepts",De walvis is een reusachtig zoogdier dat in de zee leeft.,The whale is a very large mammal that lives in the sea.,"Definition adapted from Wiktionary contributors, CC BY-SA 4.0: https://en.wiktionary.org/wiki/walvis#Dutch. Example: Raizin (Dutch, https://tatoeba.org/en/sentences/show/4589722) and CK (English, https://tatoeba.org/en/sentences/show/9768187); CC BY 2.0 FR.",B2;production,de,walvissen,walvisje,,,,,,,,false
wand,wall,B2,noun,"People, objects and abstract concepts","Spiegeltje, spiegeltje aan de wand, wie is de mooiste van het land?","Mirror, mirror, on the wall, who is the fairest one of all?","Definition adapted from Wiktionary contributors, CC BY-SA 4.0: https://en.wiktionary.org/wiki/wand#Dutch. Example: Adelpa (Dutch, https://tatoeba.org/en/sentences/show/13076740) and rul (English, https://tatoeba.org/en/sentences/show/13075689); CC BY 2.0 FR.",B2;production,de,wanden,wandje,,,,,,,,false
wandeling,"hike, long walk",B2,noun,"People, objects and abstract concepts",We hebben een lange wandeling voor de boeg.,We've got a long walk ahead of us.,"Definition adapted from Wiktionary contributors, CC BY-SA 4.0: https://en.wiktionary.org/wiki/wandeling#Dutch. Example: MarijnKp (Dutch, https://tatoeba.org/en/sentences/show/10014963) and CK (English, https://tatoeba.org/en/sentences/show/9803615); CC BY 2.0 FR.",B2;production,de,wandelingen,wandelingetje,,,,,,,,false
wang,cheek,B2,noun,"People, objects and abstract concepts",Het lijk werd geïdentificeerd door de moedervlek op de wang.,The dead body was identified by a mole on the cheek.,"Definition adapted from Wiktionary contributors, CC BY-SA 4.0: https://en.wiktionary.org/wiki/wang#Dutch. Example: PaulP (Dutch, https://tatoeba.org/en/sentences/show/4574295) and CM (English, https://tatoeba.org/en/sentences/show/49643); CC BY 2.0 FR.",B2;production,de,wangen,wangetje,,,,,,,,false
wanhoop,"state of despair, lack of hope",B2,noun,"People, objects and abstract concepts",Zij was de wanhoop nabij.,She was nearing despair.,"No usual plural in this sense. Definition adapted from Wiktionary contributors, CC BY-SA 4.0: https://en.wiktionary.org/wiki/wanhoop#Dutch. Example: carlosalberto (Dutch, https://tatoeba.org/en/sentences/show/3141541) and megamanenm (English, https://tatoeba.org/en/sentences/show/12219054); CC BY 2.0 FR.",B2;production,de,,,,,,,,,,false
wapen,weapon,B2,noun,"People, objects and abstract concepts",Er is in de buurt van Toms lijk geen wapen gevonden.,No weapon was found near Tom's body.,"Definition adapted from Wiktionary contributors, CC BY-SA 4.0: https://en.wiktionary.org/wiki/wapen#Dutch. Example: doemaar14 (Dutch, https://tatoeba.org/en/sentences/show/12362351) and CM (English, https://tatoeba.org/en/sentences/show/7126630); CC BY 2.0 FR.",B2;production,het,wapens / wapenen,wapentje,,,,,,,,false
warmte,"physical warmth, thermal energy, from moderate to heat",B2,noun,"People, objects and abstract concepts",Ze zeiden dat ze geen last van de warmte hadden.,They said the heat didn't bother them.,"Definition adapted from Wiktionary contributors, CC BY-SA 4.0: https://en.wiktionary.org/wiki/warmte#Dutch. Example: Elsofie (Dutch, https://tatoeba.org/en/sentences/show/8587280) and CH (English, https://tatoeba.org/en/sentences/show/7409481); CC BY 2.0 FR.",B2;production,de,warmtes,,,,,,,,,false
waterval,waterfall,B2,noun,"People, objects and abstract concepts",Tom heeft een landhuis in de buurt van een prachtige waterval gekocht.,Tom bought a mansion near a beautiful waterfall.,"Definition adapted from Wiktionary contributors, CC BY-SA 4.0: https://en.wiktionary.org/wiki/waterval#Dutch. Example: doemaar14 (Dutch, https://tatoeba.org/en/sentences/show/12488959) and CK (English, https://tatoeba.org/en/sentences/show/9822836); CC BY 2.0 FR.",B2;production,de,watervallen,watervalletje,,,,,,,,false
web,web,B2,noun,"People, objects and abstract concepts",De spin heeft een web geweven.,The spider wove a web.,"Definition adapted from Wiktionary contributors, CC BY-SA 4.0: https://en.wiktionary.org/wiki/web#Dutch. Example: MarijnKp (Dutch, https://tatoeba.org/en/sentences/show/7536321) and Hybrid (English, https://tatoeba.org/en/sentences/show/6695837); CC BY 2.0 FR.",B2;production,het,webben,webje,,,,,,,,false
webcam,webcam,B2,noun,"People, objects and abstract concepts",Tom heeft een webcam gekocht.,Tom bought a webcam.,"Definition adapted from Wiktionary contributors, CC BY-SA 4.0: https://en.wiktionary.org/wiki/webcam#Dutch. Example: esso (Dutch, https://tatoeba.org/en/sentences/show/2127855) and Spamster (English, https://tatoeba.org/en/sentences/show/1392302); CC BY 2.0 FR.",B2;production,de,webcams,webcammetje,,,,,,,,false
weduwe,"widow, surviving wife",B2,noun,"People, objects and abstract concepts",Een weduwe is een vrouw wier man is gestorven.,A widow is a woman whose husband has died.,"Definition adapted from Wiktionary contributors, CC BY-SA 4.0: https://en.wiktionary.org/wiki/weduwe#Dutch. Example: doemaar14 (Dutch, https://tatoeba.org/en/sentences/show/10342014) and RobinvanderVliet (English, https://tatoeba.org/en/sentences/show/6035386); CC BY 2.0 FR.",B2;production,de,weduwen / weduwes,weduwtje,,,,,,,,false
weegschaal,scale,B2,noun,"People, objects and abstract concepts","Kun je op de weegschaal gaan staan, alsjeblieft?","Can you stand on the scale, please?","Definition adapted from Wiktionary contributors, CC BY-SA 4.0: https://en.wiktionary.org/wiki/weegschaal#Dutch. Example: Micsmithel (Dutch, https://tatoeba.org/en/sentences/show/9919628) and NurseMeeks (English, https://tatoeba.org/en/sentences/show/9849487); CC BY 2.0 FR.",B2;production,de,weegschalen,weegschaaltje,,,,,,,,false
weekeinde,"weekend, Saturday and Sunday",B2,noun,"People, objects and abstract concepts",Laten we een excursie doen dit weekeinde.,Let's go on a field trip this weekend.,"Definition adapted from Wiktionary contributors, CC BY-SA 4.0: https://en.wiktionary.org/wiki/weekeinde#Dutch. Example: martinod (Dutch, https://tatoeba.org/en/sentences/show/746067) and megamanenm (English, https://tatoeba.org/en/sentences/show/12170525); CC BY 2.0 FR.",B2;production,het,weekeinden / weekeindes,weekeindje,,,,,,,,false
weerstand,resistance,B2,noun,"People, objects and abstract concepts",De elektriciteitskosten zijn evenredig met de totale weerstand van het circuit.,The electricity cost is proportional to the total resistance of the circuit.,"Definition adapted from Wiktionary contributors, CC BY-SA 4.0: https://en.wiktionary.org/wiki/weerstand#Dutch. Example: lonepawn (Dutch, https://tatoeba.org/en/sentences/show/4570882) and marcelostockle (English, https://tatoeba.org/en/sentences/show/1195806); CC BY 2.0 FR.",B2;production,de,weerstanden,weerstandje,,,,,,,,false
wekker,alarm clock,B2,noun,"People, objects and abstract concepts",Tom zette de wekker om zes uur 's ochtends.,Tom set the alarm clock to go off 6:00 a.m.,"Definition adapted from Wiktionary contributors, CC BY-SA 4.0: https://en.wiktionary.org/wiki/wekker#Dutch. Example: Slam4 (Dutch, https://tatoeba.org/en/sentences/show/11872629) and CK (English, https://tatoeba.org/en/sentences/show/1092944); CC BY 2.0 FR.",B2;production,de,wekkers,wekkertje,,,,,,,,false
welvaart,"welfare, prosperity",B2,noun,"People, objects and abstract concepts",Je moet begrijpen dat welvaart niet eeuwig duurt.,You must realize that prosperity does not last forever.,"No usual plural in this sense. Definition adapted from Wiktionary contributors, CC BY-SA 4.0: https://en.wiktionary.org/wiki/welvaart#Dutch. Example: Vulgaris (Dutch, https://tatoeba.org/en/sentences/show/848092) and CM (English, https://tatoeba.org/en/sentences/show/282810); CC BY 2.0 FR.",B2;production,de,,,,,,,,,,false
wereldkampioenschap,world championship,B2,noun,"People, objects and abstract concepts",In 1958 heeft Brazilië zijn eerste overwinning behaald op het Wereldkampioenschap.,"In 1958, Brazil won its first World Cup victory.","Definition adapted from Wiktionary contributors, CC BY-SA 4.0: https://en.wiktionary.org/wiki/wereldkampioenschap#Dutch. Example: Dorenda (Dutch, https://tatoeba.org/en/sentences/show/481128) and CK (English, https://tatoeba.org/en/sentences/show/479130); CC BY 2.0 FR.",B2;production,het,wereldkampioenschappen,wereldkampioenschapje,,,,,,,,false
wereldoorlog,world war,B2,noun,"People, objects and abstract concepts",Deze video gaat simpelweg over de Tweede Wereldoorlog in Europa.,This video is simply about the Second World War in Europe.,"Definition adapted from Wiktionary contributors, CC BY-SA 4.0: https://en.wiktionary.org/wiki/wereldoorlog#Dutch. Example: MarijnKp (Dutch, https://tatoeba.org/en/sentences/show/9779841) and rayshih715 (English, https://tatoeba.org/en/sentences/show/6146260); CC BY 2.0 FR.",B2;production,de,wereldoorlogen,wereldoorlogje,,,,,,,,false
wereldrecord,world record,B2,noun,"People, objects and abstract concepts",Hij brak het wereldrecord.,He broke the world record.,"Definition adapted from Wiktionary contributors, CC BY-SA 4.0: https://en.wiktionary.org/wiki/wereldrecord#Dutch. Example: Vulgaris (Dutch, https://tatoeba.org/en/sentences/show/844842) and CK (English, https://tatoeba.org/en/sentences/show/300273); CC BY 2.0 FR.",B2;production,het,wereldrecords,wereldrecordje,,,,,,,,false
werf,"wharf, quay",B2,noun,"People, objects and abstract concepts",Een keer per maand was er een rave in het verlaten pakhuis van de werf.,"Once a month, there was a rave in the wharf's abandoned warehouse.","Definition adapted from Wiktionary contributors, CC BY-SA 4.0: https://en.wiktionary.org/wiki/werf#Dutch. Example: Micsmithel (Dutch, https://tatoeba.org/en/sentences/show/9069203) and sundown (English, https://tatoeba.org/en/sentences/show/6453961); CC BY 2.0 FR.",B2;production,de,werven,werfje,,,,,,,,false
werkgroep,"workgroup, taskforce",B2,noun,"People, objects and abstract concepts",In die werkgroep ben ik verantwoordelijk voor digitale zaken en massamedia.,"In this workgroup, I'm responsible for digital affairs and mass media.","Definition adapted from Wiktionary contributors, CC BY-SA 4.0: https://en.wiktionary.org/wiki/werkgroep#Dutch. Example: GrizaLeono (Dutch, https://tatoeba.org/en/sentences/show/2148076) and Miktsoanit (English, https://tatoeba.org/en/sentences/show/12312750); CC BY 2.0 FR.",B2;production,de,werkgroepen,werkgroepje,,,,,,,,false
werkplek,workplace,B2,noun,"People, objects and abstract concepts",Ze is erg blij met haar nieuwe werkplek.,She is very happy with her new workplace.,"Definition adapted from Wiktionary contributors, CC BY-SA 4.0: https://en.wiktionary.org/wiki/werkplek#Dutch. Example from the same Wiktionary entry (CC BY-SA 4.0).",B2;production,de,werkplekken,werkplekje,,,,,,,,false
wetenschapper,scientist,B2,noun,"People, objects and abstract concepts",Hij is trots dat zijn vader een beroemde wetenschapper was.,He is proud that his father was a famous scientist.,"Definition adapted from Wiktionary contributors, CC BY-SA 4.0: https://en.wiktionary.org/wiki/wetenschapper#Dutch. Example: Gentlegoth (Dutch, https://tatoeba.org/en/sentences/show/2226192) and belgavox (English, https://tatoeba.org/en/sentences/show/1152213); CC BY 2.0 FR.",B2;production,de,wetenschappers,wetenschappertje,,,,,,,,false
wetsvoorstel,draft bill,B2,noun,"People, objects and abstract concepts",Volgende week neemt de Tweede Kamer een definitieve beslissing over dit wetsvoorstel.,The lower house will make a final decision on this bill next week.,"Definition adapted from Wiktionary contributors, CC BY-SA 4.0: https://en.wiktionary.org/wiki/wetsvoorstel#Dutch. Example: MarijnKp (Dutch, https://tatoeba.org/en/sentences/show/8780391) and Littoral (English, https://tatoeba.org/en/sentences/show/10111726); CC BY 2.0 FR.",B2;production,het,wetsvoorstellen,wetsvoorstelletje,,,,,,,,false
wezen,essence of something,B2,noun,"People, objects and abstract concepts",Zijn vloek had haar in haar diepste wezen geraakt.,His curse had hit her in her deepest core.,"Definition adapted from Wiktionary contributors, CC BY-SA 4.0: https://en.wiktionary.org/wiki/wezen#Dutch. Example from the same Wiktionary entry (CC BY-SA 4.0).",B2;production,het,wezens,wezentje,,,,,,,,false
whatsapp,WhatsApp,B2,noun,"People, objects and abstract concepts",Kun je me dat per whatsapp sturen?,Can you send that to me via WhatsApp?,"Definition adapted from Wiktionary contributors, CC BY-SA 4.0: https://en.wiktionary.org/wiki/whatsapp#Dutch. Example from the same Wiktionary entry (CC BY-SA 4.0).",B2;production,de,whatsapps,whatsappje,,,,,,,,false
whisky,"whisky, whiskey",B2,noun,"People, objects and abstract concepts",De whisky is met water verdund.,The whiskey has been watered down.,"Definition adapted from Wiktionary contributors, CC BY-SA 4.0: https://en.wiktionary.org/wiki/whisky#Dutch. Example: Micsmithel (Dutch, https://tatoeba.org/en/sentences/show/6977820) and Eccles17 (English, https://tatoeba.org/en/sentences/show/6976492); CC BY 2.0 FR.",B2;production,de,whisky's,whisky'tje,,,,,,,,false
wieg,cradle,B2,noun,"People, objects and abstract concepts",De baby in de wieg is erg schattig.,The baby in the cradle is very cute.,"Definition adapted from Wiktionary contributors, CC BY-SA 4.0: https://en.wiktionary.org/wiki/wieg#Dutch. Example: megamanenm (Dutch, https://tatoeba.org/en/sentences/show/11529452) and CK (English, https://tatoeba.org/en/sentences/show/2619593); CC BY 2.0 FR.",B2;production,de,wiegen,wiegje,,,,,,,,false
wiel,wheel,B2,noun,"People, objects and abstract concepts",Tom is echt het vijfde wiel aan de wagen.,Tom really is a fifth wheel.,"Definition adapted from Wiktionary contributors, CC BY-SA 4.0: https://en.wiktionary.org/wiki/wiel#Dutch. Example: PaulP (Dutch, https://tatoeba.org/en/sentences/show/7796910) and shekitten (English, https://tatoeba.org/en/sentences/show/7796914); CC BY 2.0 FR.",B2;production,het,wielen,wieltje,,,,,,,,false
wielrenner,"sports or fitness cyclist, someone who races bicycles, as opposed to a person riding a bike for any other purpose",B2,noun,"People, objects and abstract concepts",Tom werd aangereden door een wielrenner.,Tom was hit by a cyclist.,"Definition adapted from Wiktionary contributors, CC BY-SA 4.0: https://en.wiktionary.org/wiki/wielrenner#Dutch. Example: rose_d (Dutch, https://tatoeba.org/en/sentences/show/10644838) and CK (English, https://tatoeba.org/en/sentences/show/9188521); CC BY 2.0 FR.",B2;production,de,wielrenners,wielrennertje,,,,,,,,false
wijsheid,wisdom,B2,noun,"People, objects and abstract concepts",Aan een dwaas kan men geen wijsheid leren.,One cannot teach wisdom to a fool.,"Definition adapted from Wiktionary contributors, CC BY-SA 4.0: https://en.wiktionary.org/wiki/wijsheid#Dutch. Example: Micsmithel (Dutch, https://tatoeba.org/en/sentences/show/10694970) and carlosalberto (English, https://tatoeba.org/en/sentences/show/3140191); CC BY 2.0 FR.",B2;production,de,wijsheden,wijsheidje,,,,,,,,false
wijziging,"modification, edit, change",B2,noun,"People, objects and abstract concepts",Ik zou de volgende wijziging voorstellen.,I'd suggest the following change.,"Definition adapted from Wiktionary contributors, CC BY-SA 4.0: https://en.wiktionary.org/wiki/wijziging#Dutch. Example: SunnyMoon (Dutch, https://tatoeba.org/en/sentences/show/11224525) and CK (English, https://tatoeba.org/en/sentences/show/2109139); CC BY 2.0 FR.",B2;production,de,wijzigingen,wijziginkje,,,,,,,,false
woestijn,desert,B2,noun,"People, objects and abstract concepts",Ik denk niet dat ik de woestijn zou kunnen overleven.,I don't think I can survive the desert.,"Definition adapted from Wiktionary contributors, CC BY-SA 4.0: https://en.wiktionary.org/wiki/woestijn#Dutch. Example: doemaar14 (Dutch, https://tatoeba.org/en/sentences/show/13698863) and mervert1 (English, https://tatoeba.org/en/sentences/show/13686639); CC BY 2.0 FR.",B2;production,de,woestijnen,woestijntje,,,,,,,,false
wonder,"wonder, miracle",B2,noun,"People, objects and abstract concepts",Al dit blijft voor mij een raadsel en een wonder.,All this is still for me a riddle and a wonder.,"Definition adapted from Wiktionary contributors, CC BY-SA 4.0: https://en.wiktionary.org/wiki/wonder#Dutch. Example: Akradna (Dutch, https://tatoeba.org/en/sentences/show/1621338) and SunnyMoon (English, https://tatoeba.org/en/sentences/show/11176522); CC BY 2.0 FR.",B2;production,het,wonderen,wondertje,,,,,,,,false
worm,"worm, vernacular term for various, mostly legless invertebrates; often nematodes or legless arthropod larvae",B2,noun,"People, objects and abstract concepts",De worm is in de vrucht.,The worm is in the fruit.,"Definition adapted from Wiktionary contributors, CC BY-SA 4.0: https://en.wiktionary.org/wiki/worm#Dutch. Example: Mandalay (Dutch, https://tatoeba.org/en/sentences/show/6134982) and SunnyMoon (English, https://tatoeba.org/en/sentences/show/11178005); CC BY 2.0 FR.",B2;production,de,wormen,wormpje,,,,,,,,false
woud,"forest, woods, jungle",B2,noun,"People, objects and abstract concepts",Een hek omringde het woud.,A fence surrounded the forest.,"Definition adapted from Wiktionary contributors, CC BY-SA 4.0: https://en.wiktionary.org/wiki/woud#Dutch. Example: PaulP (Dutch, https://tatoeba.org/en/sentences/show/11522668) and Amastan (English, https://tatoeba.org/en/sentences/show/11231451); CC BY 2.0 FR.",B2;production,het,wouden,woudje,,,,,,,,false
wraak,revenge,B2,noun,"People, objects and abstract concepts",Hij heeft pas jaren later wraak genomen.,He did not exact revenge until years later.,"No usual plural in this sense. Definition adapted from Wiktionary contributors, CC BY-SA 4.0: https://en.wiktionary.org/wiki/wraak#Dutch. Example from the same Wiktionary entry (CC BY-SA 4.0).",B2;production,de,,,,,,,,,,false
zaag,saw,B2,noun,"People, objects and abstract concepts",Ze waren ernstig bezorgd over de veranderingen die ze zagen.,They were troubled deeply by the changes they saw.,"Definition adapted from Wiktionary contributors, CC BY-SA 4.0: https://en.wiktionary.org/wiki/zaag#Dutch. Example: Elsofie (Dutch, https://tatoeba.org/en/sentences/show/8075454) and Source_VOA (English, https://tatoeba.org/en/sentences/show/802668); CC BY 2.0 FR.",B2;production,de,zagen,zaagje,,,,,,,,false
zaal,"room, hall",B2,noun,"People, objects and abstract concepts",Wat Tom deed irriteerde iedereen in de zaal.,What Tom was doing annoyed everyone in the room.,"Definition adapted from Wiktionary contributors, CC BY-SA 4.0: https://en.wiktionary.org/wiki/zaal#Dutch. Example: Slam4 (Dutch, https://tatoeba.org/en/sentences/show/11760865) and CK (English, https://tatoeba.org/en/sentences/show/11740292); CC BY 2.0 FR.",B2;production,de,zalen,zaaltje,,,,,,,,false
zadel,saddle,B2,noun,"People, objects and abstract concepts",Het is eenzaam in het zadel sinds het paard is overleden.,It's lonely in the saddle since the horse died.,"Definition adapted from Wiktionary contributors, CC BY-SA 4.0: https://en.wiktionary.org/wiki/zadel#Dutch. Example: Micsmithel (Dutch, https://tatoeba.org/en/sentences/show/6703283) and Swift (English, https://tatoeba.org/en/sentences/show/1694); CC BY 2.0 FR.",B2;production,het,zadels,zadeltje,,,,,,,,false
zand,sand,B2,noun,"People, objects and abstract concepts",Hij stak zijn hoofd in het zand zoals een struisvogel.,He stuck his head in the sand like an ostrich.,"No usual plural in this sense. Definition adapted from Wiktionary contributors, CC BY-SA 4.0: https://en.wiktionary.org/wiki/zand#Dutch. Example: MarijnKp (Dutch, https://tatoeba.org/en/sentences/show/7447275) and patgfisher (English, https://tatoeba.org/en/sentences/show/3075064); CC BY 2.0 FR.",B2;production,het,,,,,,,,,,false
zangeres,"female singer; songstress, singeress",B2,noun,"People, objects and abstract concepts",Zal de zangeres eraan denken haar gitaar mee te nemen?,Will the singer remember to bring her guitar?,"Definition adapted from Wiktionary contributors, CC BY-SA 4.0: https://en.wiktionary.org/wiki/zangeres#Dutch. Example: carlosalberto (Dutch, https://tatoeba.org/en/sentences/show/11512307) and carlosalberto (English, https://tatoeba.org/en/sentences/show/11512238); CC BY 2.0 FR.",B2;production,de,zangeressen,zangeresje,,,,,,,,false
zeeniveau,mean sea level,B2,noun,"People, objects and abstract concepts",Het smelten van de poolkappen kan bijdragen aan het stijgen van het zeeniveau.,Melting polar icecaps could also contribute to an increase in sea levels.,"Definition adapted from Wiktionary contributors, CC BY-SA 4.0: https://en.wiktionary.org/wiki/zeeniveau#Dutch. Example: wezy (Dutch, https://tatoeba.org/en/sentences/show/2247266) and eastasiastudent (English, https://tatoeba.org/en/sentences/show/727317); CC BY 2.0 FR.",B2;production,het,zeeniveaus,zeeniveautje,,,,,,,,false
zege,"victory, triumph",B2,noun,"People, objects and abstract concepts","Zonder eer, zijn de zeges hol.","Without honor, victory is hollow.","Definition adapted from Wiktionary contributors, CC BY-SA 4.0: https://en.wiktionary.org/wiki/zege#Dutch. Example: Micsmithel (Dutch, https://tatoeba.org/en/sentences/show/10541156) and dimitris (English, https://tatoeba.org/en/sentences/show/1637367); CC BY 2.0 FR.",B2;production,de,zeges,zegetje,,,,,,,,false
zelfmoord,suicide,B2,noun,"People, objects and abstract concepts",Dit is geen zelfmoord. Dit is een koelbloedige moord met voorbedachte rade.,This is no suicide. It is a very deeply planned and cold-blooded murder.,"Definition adapted from Wiktionary contributors, CC BY-SA 4.0: https://en.wiktionary.org/wiki/zelfmoord#Dutch. Example: megamanenm (Dutch, https://tatoeba.org/en/sentences/show/9341785) and Hybrid (English, https://tatoeba.org/en/sentences/show/7027226); CC BY 2.0 FR.",B2;production,de,zelfmoorden,,,,,,,,,false
zetel,"chair, seat, especially as in parliament",B2,noun,"People, objects and abstract concepts",De plenaire zetel van het Europees Parlement is in Straatsburg.,The plenary seat of the European Parliament is in Strasbourg.,"Definition adapted from Wiktionary contributors, CC BY-SA 4.0: https://en.wiktionary.org/wiki/zetel#Dutch. Example: MarijnKp (Dutch, https://tatoeba.org/en/sentences/show/9787804) and Yakuwari (English, https://tatoeba.org/en/sentences/show/5394731); CC BY 2.0 FR.",B2;production,de,zetels,zeteltje,,,,,,,,false
zicht,"sight, view, vision",B2,noun,"People, objects and abstract concepts",Een grote zuil verhindert het zicht op het meer.,A large pillar obstructs the view of the lake.,"Definition adapted from Wiktionary contributors, CC BY-SA 4.0: https://en.wiktionary.org/wiki/zicht#Dutch. Example: PaulP (Dutch, https://tatoeba.org/en/sentences/show/4613943) and CM (English, https://tatoeba.org/en/sentences/show/275531); CC BY 2.0 FR.",B2;production,het,zichten,zichtje,,,,,,,,false
ziel,soul,B2,noun,"People, objects and abstract concepts","Al mijn hart, al mijn ziel behoort zich tot jou.","All my heart, all my soul belong to you.","Definition adapted from Wiktionary contributors, CC BY-SA 4.0: https://en.wiktionary.org/wiki/ziel#Dutch. Example: SunnyMoon (Dutch, https://tatoeba.org/en/sentences/show/11344212) and MethodGT (English, https://tatoeba.org/en/sentences/show/2428562); CC BY 2.0 FR.",B2;production,de,zielen,zieltje,,,,,,,,false
zijde,"side, face",B2,noun,"People, objects and abstract concepts",Tom kan zich een leven zonder Maria aan zijn zijde niet voorstellen.,Tom can't imagine living without Mary by his side.,"Definition adapted from Wiktionary contributors, CC BY-SA 4.0: https://en.wiktionary.org/wiki/zijde#Dutch. Example: Micsmithel (Dutch, https://tatoeba.org/en/sentences/show/6742779) and CK (English, https://tatoeba.org/en/sentences/show/1095576); CC BY 2.0 FR.",B2;production,de,zijden,,,,,,,,,false
zijkant,"side; a side face that is not front, back, top or bottom",B2,noun,"People, objects and abstract concepts","Bekeken van de zijkant, steken de tanden bovendien naar voren.","Moreover, when viewed from the side, the front teeth are protruding.","Definition adapted from Wiktionary contributors, CC BY-SA 4.0: https://en.wiktionary.org/wiki/zijkant#Dutch. Example: javyoze (Dutch, https://tatoeba.org/en/sentences/show/461017) and fcbond (English, https://tatoeba.org/en/sentences/show/329386); CC BY 2.0 FR.",B2;production,de,zijkanten,zijkantje,,,,,,,,false
zilver,silver,B2,noun,"People, objects and abstract concepts",Ik koop het zilver van een man die een mijn bezit.,I buy silver from a man who owns a mine.,"No usual plural in this sense. Definition adapted from Wiktionary contributors, CC BY-SA 4.0: https://en.wiktionary.org/wiki/zilver#Dutch. Example: martinod (Dutch, https://tatoeba.org/en/sentences/show/3124190) and halfb1t (English, https://tatoeba.org/en/sentences/show/2017487); CC BY 2.0 FR.",B2;production,het,,,,,,,,,,false
zitting,seat,B2,noun,"People, objects and abstract concepts",De zitting van de stoel moet gerepareerd worden.,The seat of the chair needs repairing.,"Definition adapted from Wiktionary contributors, CC BY-SA 4.0: https://en.wiktionary.org/wiki/zitting#Dutch. Example: Citrine (Dutch, https://tatoeba.org/en/sentences/show/3037236) and sharptoothed (English, https://tatoeba.org/en/sentences/show/3022386); CC BY 2.0 FR.",B2;production,de,zittingen,zittinkje,,,,,,,,false
zoekmachine,search engine,B2,noun,"People, objects and abstract concepts",Wat is jouw favoriete zoekmachine?,What's your favorite search engine?,"Definition adapted from Wiktionary contributors, CC BY-SA 4.0: https://en.wiktionary.org/wiki/zoekmachine#Dutch. Example: PaulP (Dutch, https://tatoeba.org/en/sentences/show/12928623) and CK (English, https://tatoeba.org/en/sentences/show/906870); CC BY 2.0 FR.",B2;production,de,zoekmachines,zoekmachientje,,,,,,,,false
zondagmiddag,Sunday afternoon,B2,noun,"People, objects and abstract concepts","Miljoenen mensen die naar onsterfelijkheid verlangen, weten niet wat ze met zichzelf aanmoeten op een regenachtige zondagmiddag.",Millions long for immortality who do not know what to do with themselves on a rainy Sunday afternoon.,"Definition adapted from Wiktionary contributors, CC BY-SA 4.0: https://en.wiktionary.org/wiki/zondagmiddag#Dutch. Example: Elsofie (Dutch, https://tatoeba.org/en/sentences/show/8258622) and darinmex (English, https://tatoeba.org/en/sentences/show/478470); CC BY 2.0 FR.",B2;production,de,zondagmiddagen,zondagmiddagje,,,,,,,,false
zonde,sin,B2,noun,"People, objects and abstract concepts","Moslims moeten de zonde haten, maar niet de zondaar.",Muslims should hate the sin but not the sinner.,"Definition adapted from Wiktionary contributors, CC BY-SA 4.0: https://en.wiktionary.org/wiki/zonde#Dutch. Example: megamanenm (Dutch, https://tatoeba.org/en/sentences/show/10750466) and Amastan (English, https://tatoeba.org/en/sentences/show/8421068); CC BY 2.0 FR.",B2;production,de,zonden / zondes,zondetje,,,,,,,,false
zone,zone,B2,noun,"People, objects and abstract concepts",Dit huis is een glutenvrije zone.,This house is a gluten-free zone.,"Definition adapted from Wiktionary contributors, CC BY-SA 4.0: https://en.wiktionary.org/wiki/zone#Dutch. Example: MarijnKp (Dutch, https://tatoeba.org/en/sentences/show/9033774) and Eccles17 (English, https://tatoeba.org/en/sentences/show/6890394); CC BY 2.0 FR.",B2;production,de,zonen / zones,zonetje,,,,,,,,false
zonlicht,sunlight,B2,noun,"People, objects and abstract concepts",Haar ogen waren blauw in het zonlicht en paars in de schaduw.,Her eyes were blue in the sunlight and purple in the shade.,"No usual plural in this sense. Definition adapted from Wiktionary contributors, CC BY-SA 4.0: https://en.wiktionary.org/wiki/zonlicht#Dutch. Example: MarijnKp (Dutch, https://tatoeba.org/en/sentences/show/7769401) and Hybrid (English, https://tatoeba.org/en/sentences/show/7564599); CC BY 2.0 FR.",B2;production,het,,,,,,,,,,false
zonnebril,pair of sunglasses,B2,noun,"People, objects and abstract concepts",Ik heb een goede zonnebril nodig.,I need a good pair of sunglasses.,"Definition adapted from Wiktionary contributors, CC BY-SA 4.0: https://en.wiktionary.org/wiki/zonnebril#Dutch. Example: PaulP (Dutch, https://tatoeba.org/en/sentences/show/4276479) and CK (English, https://tatoeba.org/en/sentences/show/279485); CC BY 2.0 FR.",B2;production,de,zonnebrillen,zonnebrilletje,,,,,,,,false
zonneschijn,sunshine,B2,noun,"People, objects and abstract concepts",Er is het hele jaar door veel zonneschijn.,There is plenty of sunshine all year round.,"No usual plural in this sense. Definition adapted from Wiktionary contributors, CC BY-SA 4.0: https://en.wiktionary.org/wiki/zonneschijn#Dutch. Example: Nylez (Dutch, https://tatoeba.org/en/sentences/show/9291998) and megamanenm (English, https://tatoeba.org/en/sentences/show/12169833); CC BY 2.0 FR.",B2;production,de,,zonneschijntje,,,,,,,,false
zonnestelsel,solar system,B2,noun,"People, objects and abstract concepts",Saturnus is de op een na grootste planeet in het zonnestelsel.,Saturn is the second largest planet in the Solar System.,"Definition adapted from Wiktionary contributors, CC BY-SA 4.0: https://en.wiktionary.org/wiki/zonnestelsel#Dutch. Example: MarijnKp (Dutch, https://tatoeba.org/en/sentences/show/7715267) and Hybrid (English, https://tatoeba.org/en/sentences/show/3123442); CC BY 2.0 FR.",B2;production,het,zonnestelsels,zonnestelseltje,,,,,,,,false
zuster,sister,B2,noun,"People, objects and abstract concepts",De zuster van George heeft me een paar sandwiches gemaakt.,George's sister made me some sandwiches.,"Definition adapted from Wiktionary contributors, CC BY-SA 4.0: https://en.wiktionary.org/wiki/zuster#Dutch. Example: PaulP (Dutch, https://tatoeba.org/en/sentences/show/4208938) and CN (English, https://tatoeba.org/en/sentences/show/52970); CC BY 2.0 FR.",B2;production,de,zusters,zustertje,,,,,,,,false
zuurstof,"oxygen, O",B2,noun,"People, objects and abstract concepts",Er is bijna geen zuurstof in de kamer.,There is almost no oxygen in the room.,"No usual plural in this sense. Definition adapted from Wiktionary contributors, CC BY-SA 4.0: https://en.wiktionary.org/wiki/zuurstof#Dutch. Example: martinod (Dutch, https://tatoeba.org/en/sentences/show/2176251) and CK (English, https://tatoeba.org/en/sentences/show/1126733); CC BY 2.0 FR.",B2;production,de,,,,,,,,,,false
zwaartekracht,force of gravity: gravitation,B2,noun,"People, objects and abstract concepts",De zwaartekracht van de aarde is niet gelijkmatig.,Earth's gravity isn't uniform.,"No usual plural in this sense. Definition adapted from Wiktionary contributors, CC BY-SA 4.0: https://en.wiktionary.org/wiki/zwaartekracht#Dutch. Example: Raizin (Dutch, https://tatoeba.org/en/sentences/show/4516793) and Hybrid (English, https://tatoeba.org/en/sentences/show/3951937); CC BY 2.0 FR.",B2;production,de,,,,,,,,,,false
zwager,brother-in-law,B2,noun,"People, objects and abstract concepts",Hij is de man van mijn zus. Hij is mijn zwager.,He's my sister's husband. He's my brother-in-law.,"Definition adapted from Wiktionary contributors, CC BY-SA 4.0: https://en.wiktionary.org/wiki/zwager#Dutch. Example: Elsofie (Dutch, https://tatoeba.org/en/sentences/show/8079533) and MethodGT (English, https://tatoeba.org/en/sentences/show/2145017); CC BY 2.0 FR.",B2;production,de,zwagers,zwagertje,,,,,,,,false
zwangere,pregnant person,B2,noun,"People, objects and abstract concepts",We zagen een zwangere kat bij de casino-ingang.,We saw a pregnant cat near the casino entrance.,"Definition adapted from Wiktionary contributors, CC BY-SA 4.0: https://en.wiktionary.org/wiki/zwangere#Dutch. Example: SunnyMoon (Dutch, https://tatoeba.org/en/sentences/show/11146923) and Eccles17 (English, https://tatoeba.org/en/sentences/show/5788689); CC BY 2.0 FR.",B2;production,de,zwangeren,,,,,,,,,false
zwangerschap,pregnancy,B2,noun,"People, objects and abstract concepts",Hoelang na een zwangerschap word ik weer ongesteld?,When will my periods start again after pregnancy?,"Definition adapted from Wiktionary contributors, CC BY-SA 4.0: https://en.wiktionary.org/wiki/zwangerschap#Dutch. Example: Raizin (Dutch, https://tatoeba.org/en/sentences/show/9806419) and Igider (English, https://tatoeba.org/en/sentences/show/9805429); CC BY 2.0 FR.",B2;production,de,zwangerschappen,,,,,,,,,false
zweer,"purulent boil, skin injury containing pus, ulcer",B2,noun,"People, objects and abstract concepts",Een zweer is een ontsteking.,An ulcer is an inflammation.,"Definition adapted from Wiktionary contributors, CC BY-SA 4.0: https://en.wiktionary.org/wiki/zweer#Dutch. Example: MarijnKp (Dutch, https://tatoeba.org/en/sentences/show/9033946) and AlanF_US (English, https://tatoeba.org/en/sentences/show/7859018); CC BY 2.0 FR.",B2;production,de,zweren,zweertje,,,,,,,,false
zweet,sweat,B2,noun,"People, objects and abstract concepts",Ik voelde het zweet langs mijn wenkbrauw naar beneden druppelen.,I felt the sweat trickle down my brow.,"No usual plural in this sense. Definition adapted from Wiktionary contributors, CC BY-SA 4.0: https://en.wiktionary.org/wiki/zweet#Dutch. Example: doemaar14 (Dutch, https://tatoeba.org/en/sentences/show/12300939) and CM (English, https://tatoeba.org/en/sentences/show/21027); CC BY 2.0 FR.",B2;production,het,,,,,,,,,,false
aandachtig,"attentive, paying care/attention",B2,adjective,Precise descriptions,Lees het volgende gedicht aandachtig en let vooral op de fysieke intensiteit van de taal.,"Read the following poem carefully, paying particular attention to the physical intensity of the language.","Definition adapted from Wiktionary contributors, CC BY-SA 4.0: https://en.wiktionary.org/wiki/aandachtig#Dutch. Example: SunnyMoon (Dutch, https://tatoeba.org/en/sentences/show/11271677) and DJ_Saidez (English, https://tatoeba.org/en/sentences/show/9150063); CC BY 2.0 FR.",B2;production,,,,,,,,aandachtige,aandachtiger,aandachtigst,false
aangeboren,congenital,B2,adjective,Precise descriptions,Tom heeft een aangeboren hartafwijking.,Tom has a congenital heart defect.,"Definition adapted from Wiktionary contributors, CC BY-SA 4.0: https://en.wiktionary.org/wiki/aangeboren#Dutch. Example: MarijnKp (Dutch, https://tatoeba.org/en/sentences/show/10021340) and CM (English, https://tatoeba.org/en/sentences/show/7131737); CC BY 2.0 FR.",B2;production,,,,,,,,aangeboren,,,false
aannemelijk,plausible,B2,adjective,Precise descriptions,Het is aannemelijk dat de prijzen zullen stijgen.,It's plausible that the prices will rise.,"Definition adapted from Wiktionary contributors, CC BY-SA 4.0: https://en.wiktionary.org/wiki/aannemelijk#Dutch. Example from the same Wiktionary entry (CC BY-SA 4.0).",B2;production,,,,,,,,aannemelijke,aannemelijker,aannemelijkst,false
aansprakelijk,responsible,B2,adjective,Precise descriptions,Ik ben niet aansprakelijk voor de schade.,I'm not responsible for the damage.,"Definition adapted from Wiktionary contributors, CC BY-SA 4.0: https://en.wiktionary.org/wiki/aansprakelijk#Dutch. Example: megamanenm (Dutch, https://tatoeba.org/en/sentences/show/9762968) and megamanenm (English, https://tatoeba.org/en/sentences/show/9762971); CC BY 2.0 FR.",B2;production,,,,,,,,aansprakelijke,,,false
abnormaal,abnormal,B2,adjective,Precise descriptions,Het is abnormaal om zoveel te eten.,It is abnormal to eat so much.,"Definition adapted from Wiktionary contributors, CC BY-SA 4.0: https://en.wiktionary.org/wiki/abnormaal#Dutch. Example: Elsofie (Dutch, https://tatoeba.org/en/sentences/show/8278962) and Swift (English, https://tatoeba.org/en/sentences/show/41507); CC BY 2.0 FR.",B2;production,,,,,,,,abnormale,abnormaler,abnormaalst,false
abrupt,abrupt,B2,adjective,Precise descriptions,Veel mensen vinden Toms abrupte manier van doen onaangenaam.,A lot of people find Tom's abrupt manner off-putting.,"Definition adapted from Wiktionary contributors, CC BY-SA 4.0: https://en.wiktionary.org/wiki/abrupt#Dutch. Example: purple_ice (Dutch, https://tatoeba.org/en/sentences/show/11899733) and patgfisher (English, https://tatoeba.org/en/sentences/show/5321764); CC BY 2.0 FR.",B2;production,,,,,,,,abrupte,abrupter,abruptst,false
abstract,abstract,B2,adjective,Precise descriptions,Voor hem was honger een abstract begrip; hij had altijd genoeg te eten.,"To him, hunger was an abstract concept; he always had enough to eat.","Definition adapted from Wiktionary contributors, CC BY-SA 4.0: https://en.wiktionary.org/wiki/abstract#Dutch. Example: casperdewith (Dutch, https://tatoeba.org/en/sentences/show/13898947) and Zifre (English, https://tatoeba.org/en/sentences/show/1933); CC BY 2.0 FR.",B2;production,,,,,,,,abstracte,abstracter,abstractst,false
academisch,academic,B2,adjective,Precise descriptions,Betrokken zijn bij sport is direct verbonden met een beter academisch resultaat.,Being involved in sports is directly linked to better academic performance.,"Definition adapted from Wiktionary contributors, CC BY-SA 4.0: https://en.wiktionary.org/wiki/academisch#Dutch. Example: SunnyMoon (Dutch, https://tatoeba.org/en/sentences/show/11133768) and DJ_Saidez (English, https://tatoeba.org/en/sentences/show/9701153); CC BY 2.0 FR.",B2;production,,,,,,,,academische,academischer,meest academisch,false
acceptabel,acceptable,B2,adjective,Precise descriptions,"Nee, sorry, het is niet acceptabel.","No, sorry, it's not acceptable.","Definition adapted from Wiktionary contributors, CC BY-SA 4.0: https://en.wiktionary.org/wiki/acceptabel#Dutch. Example: Ag12x (Dutch, https://tatoeba.org/en/sentences/show/12264103) and Miktsoanit (English, https://tatoeba.org/en/sentences/show/12264693); CC BY 2.0 FR.",B2;production,,,,,,,,acceptabele,acceptabeler,acceptabelst,false
achterlijk,"backwards, idiotic, stupid, moronic",B2,adjective,Precise descriptions,Stop zo verdomd achterlijk te zijn!,Stop being so damn stupid.,"Definition adapted from Wiktionary contributors, CC BY-SA 4.0: https://en.wiktionary.org/wiki/achterlijk#Dutch. Example: Slam4 (Dutch, https://tatoeba.org/en/sentences/show/11882052) and Amastan (English, https://tatoeba.org/en/sentences/show/8321580); CC BY 2.0 FR.",B2;production,,,,,,,,achterlijke,achterlijker,achterlijkst,false
afwisselend,alternating,B2,adjective,Precise descriptions,Een lagedrukgebied bedekt heel Scandinavië met afwisselend wind en regen.,A low pressure area covers all of Scandinavia with alternating wind and rain.,"Definition adapted from Wiktionary contributors, CC BY-SA 4.0: https://en.wiktionary.org/wiki/afwisselend#Dutch. Example: MarijnKp (Dutch, https://tatoeba.org/en/sentences/show/12947275) and Catriona (English, https://tatoeba.org/en/sentences/show/5131990); CC BY 2.0 FR.",B2;production,,,,,,,,afwisselende,afwisselender,afwisselendst,false
afzonderlijk,separate,B2,adjective,Precise descriptions,Sami onderging drie afzonderlijke psychiatrische evaluaties.,Sami underwent three separate psychiatric evaluations.,"Definition adapted from Wiktionary contributors, CC BY-SA 4.0: https://en.wiktionary.org/wiki/afzonderlijk#Dutch. Example: MarijnKp (Dutch, https://tatoeba.org/en/sentences/show/10015928) and OsoHombre (English, https://tatoeba.org/en/sentences/show/6119233); CC BY 2.0 FR.",B2;production,,,,,,,,afzonderlijke,,,false
agrarisch,"agrarian, agricultural",B2,adjective,Precise descriptions,Wordt Algerije in Noord-Afrika een agrarische grootmacht?,Will Algeria become an agricultural power in North Africa?,"Definition adapted from Wiktionary contributors, CC BY-SA 4.0: https://en.wiktionary.org/wiki/agrarisch#Dutch. Example: megamanenm (Dutch, https://tatoeba.org/en/sentences/show/12120745) and Amastan (English, https://tatoeba.org/en/sentences/show/7857291); CC BY 2.0 FR.",B2;production,,,,,,,,agrarische,,,false
alert,alert,B2,adjective,Precise descriptions,"Er komt een tsunami aan, dus wees alert.","A tsunami is coming, so please be on the alert.","Definition adapted from Wiktionary contributors, CC BY-SA 4.0: https://en.wiktionary.org/wiki/alert#Dutch. Example: MarijnKp (Dutch, https://tatoeba.org/en/sentences/show/12997862) and CK (English, https://tatoeba.org/en/sentences/show/792696); CC BY 2.0 FR.",B2;production,,,,,,,,alerte,alerter,alertst,false
ambitieus,ambitious,B2,adjective,Precise descriptions,"Ik was precies zoals jij, jong en ambitieus.","I used to be young and ambitious, just like you.","Definition adapted from Wiktionary contributors, CC BY-SA 4.0: https://en.wiktionary.org/wiki/ambitieus#Dutch. Example: PaulP (Dutch, https://tatoeba.org/en/sentences/show/4946195) and CK (English, https://tatoeba.org/en/sentences/show/3736867); CC BY 2.0 FR.",B2;production,,,,,,,,ambitieuze,ambitieuzer,meest ambitieus,false
angstaanjagend,"frightening, terrifying",B2,adjective,Precise descriptions,Het was angstaanjagend. Dit is geen land dat gewend is aan oorlog.,It was terrifying. This is not a country that is used to war.,"Definition adapted from Wiktionary contributors, CC BY-SA 4.0: https://en.wiktionary.org/wiki/angstaanjagend#Dutch. Example: carlosalberto (Dutch, https://tatoeba.org/en/sentences/show/13304308) and carlosalberto (English, https://tatoeba.org/en/sentences/show/13304290); CC BY 2.0 FR.",B2;production,,,,,,,,angstaanjagende,angstaanjagender,angstaanjagendst,false
antiek,antique,B2,adjective,Precise descriptions,Het spijt me dat ik jouw antieke lamp heb gebroken.,I'm sorry that I broke your antique lamp.,"Definition adapted from Wiktionary contributors, CC BY-SA 4.0: https://en.wiktionary.org/wiki/antiek#Dutch. Example: MarijnKp (Dutch, https://tatoeba.org/en/sentences/show/7694437) and CK (English, https://tatoeba.org/en/sentences/show/7185954); CC BY 2.0 FR.",B2;production,,,,,,,,antieke,antieker,antiekst,false
authentiek,authentic,B2,adjective,Precise descriptions,Haar lach is een authentieke uiting van levensvreugde.,Her laughter is an authentic expression of the joy of living.,"Definition adapted from Wiktionary contributors, CC BY-SA 4.0: https://en.wiktionary.org/wiki/authentiek#Dutch. Example: Nylez (Dutch, https://tatoeba.org/en/sentences/show/9623494) and carlosalberto (English, https://tatoeba.org/en/sentences/show/6165212); CC BY 2.0 FR.",B2;production,,,,,,,,authentieke,authentieker,authentiekst,false
bekwaam,"capable, competent",B2,adjective,Precise descriptions,Ik ben er vrij zeker van dat Tom bekwaam is.,I'm pretty sure Tom's competent.,"Definition adapted from Wiktionary contributors, CC BY-SA 4.0: https://en.wiktionary.org/wiki/bekwaam#Dutch. Example: megamanenm (Dutch, https://tatoeba.org/en/sentences/show/10731610) and CK (English, https://tatoeba.org/en/sentences/show/3330606); CC BY 2.0 FR.",B2;production,,,,,,,,bekwame,bekwamer,bekwaamst,false
benieuwd,"longing to see, hear or understand, curious",B2,adjective,Precise descriptions,Ben je niet benieuwd naar wat ie wil vertellen?,Aren't you curious about what he wants to tell you?,"Definition adapted from Wiktionary contributors, CC BY-SA 4.0: https://en.wiktionary.org/wiki/benieuwd#Dutch. Example: Tom9358 (Dutch, https://tatoeba.org/en/sentences/show/13115089) and Tom9358 (English, https://tatoeba.org/en/sentences/show/13115110); CC BY 2.0 FR.",B2;production,,,,,,,,benieuwde,benieuwder,benieuwdst,false
berucht,"notorious, infamous",B2,adjective,Precise descriptions,Deze stad is berucht vanwege haar vervuilde lucht.,The city is notorious for its polluted air.,"Definition adapted from Wiktionary contributors, CC BY-SA 4.0: https://en.wiktionary.org/wiki/berucht#Dutch. Example: Dorenda (Dutch, https://tatoeba.org/en/sentences/show/384741) and orcrist (English, https://tatoeba.org/en/sentences/show/44803); CC BY 2.0 FR.",B2;production,,,,,,,,beruchte,beruchter,beruchtst,false
betonnen,concrete,B2,adjective,Precise descriptions,De stalen kolommen worden meestal verstevigd door een betonnen omhulsel.,The steel columns tend to be covered by concrete for reinforcement.,"Definition adapted from Wiktionary contributors, CC BY-SA 4.0: https://en.wiktionary.org/wiki/betonnen#Dutch. Example: Micsmithel (Dutch, https://tatoeba.org/en/sentences/show/10751954) and sangelo (English, https://tatoeba.org/en/sentences/show/10612152); CC BY 2.0 FR.",B2;production,,,,,,,,betonnen,,,false
betrekkelijk,relative,B2,adjective,Precise descriptions,Dat vind ik een betrekkelijk begrip.,I find that to be a relative concept.,"Definition adapted from Wiktionary contributors, CC BY-SA 4.0: https://en.wiktionary.org/wiki/betrekkelijk#Dutch. Example: vvv123 (Dutch, https://tatoeba.org/en/sentences/show/3550105) and Objectivesea (English, https://tatoeba.org/en/sentences/show/5275520); CC BY 2.0 FR.",B2;production,,,,,,,,betrekkelijke,betrekkelijker,betrekkelijkst,false
bewoond,inhabited,B2,adjective,Precise descriptions,"De oudste nog bewoonde stad van Europa heet Vinkovci, dat in Kroatië ligt.","The oldest city in Europe still inhabited is called Vinkovci, which is in Croatia.","Definition adapted from Wiktionary contributors, CC BY-SA 4.0: https://en.wiktionary.org/wiki/bewoond#Dutch. Example: doemaar14 (Dutch, https://tatoeba.org/en/sentences/show/10873579) and DJ_Saidez (English, https://tatoeba.org/en/sentences/show/10372129); CC BY 2.0 FR.",B2;production,,,,,,,,bewoonde,,,false
bewusteloos,unconscious,B2,adjective,Precise descriptions,Na het ongeval was ze een hele dag bewusteloos.,She was unconscious for a whole day after the accident.,"Definition adapted from Wiktionary contributors, CC BY-SA 4.0: https://en.wiktionary.org/wiki/bewusteloos#Dutch. Example: martinod (Dutch, https://tatoeba.org/en/sentences/show/965263) and CK (English, https://tatoeba.org/en/sentences/show/314510); CC BY 2.0 FR.",B2;production,,,,,,,,bewusteloze,bewustelozer,meest bewusteloos,false
brutaal,"impudent, insolent, brazen",B2,adjective,Precise descriptions,Luister! Doe niet zo brutaal!,Listen up! Don't be so insolent!,"Definition adapted from Wiktionary contributors, CC BY-SA 4.0: https://en.wiktionary.org/wiki/brutaal#Dutch. Example: Micsmithel (Dutch, https://tatoeba.org/en/sentences/show/6878740) and kaiperkins271 (English, https://tatoeba.org/en/sentences/show/6861493); CC BY 2.0 FR.",B2;production,,,,,,,,brutale,brutaler,brutaalst,false
charmant,"charming, agreeable, nice",B2,adjective,Precise descriptions,Kate is net zo charmant als haar zus.,Kate is as charming as her sister.,"Definition adapted from Wiktionary contributors, CC BY-SA 4.0: https://en.wiktionary.org/wiki/charmant#Dutch. Example: Citrine (Dutch, https://tatoeba.org/en/sentences/show/1483069) and CN (English, https://tatoeba.org/en/sentences/show/1350285); CC BY 2.0 FR.",B2;production,,,,,,,,charmante,charmanter,charmantst,false
chemisch,"chemical, relating to or produced by chemistry",B2,adjective,Precise descriptions,Hoeveel chemische elementen bestaan er op de wereld?,How many chemical elements are there in the world?,"Definition adapted from Wiktionary contributors, CC BY-SA 4.0: https://en.wiktionary.org/wiki/chemisch#Dutch. Example: doemaar14 (Dutch, https://tatoeba.org/en/sentences/show/12329918) and carlosalberto (English, https://tatoeba.org/en/sentences/show/11544376); CC BY 2.0 FR.",B2;production,,,,,,,,chemische,,,false
compact,"compact, dense",B2,adjective,Precise descriptions,De compacte editie is lager geprijsd.,The compact edition is lower priced.,"Definition adapted from Wiktionary contributors, CC BY-SA 4.0: https://en.wiktionary.org/wiki/compact#Dutch. Example: megamanenm (Dutch, https://tatoeba.org/en/sentences/show/11521267) and terrywallwork (English, https://tatoeba.org/en/sentences/show/10196133); CC BY 2.0 FR.",B2;production,,,,,,,,compacte,compacter,compactst,false
concreet,"concrete, not abstract",B2,adjective,Precise descriptions,Ik vind dat de missieverklaring nogal onsamenhangend klinkt. Kunnen we het niet concreter maken?,The mission statement sounds a bit amorphous to me. Can't we make it more concrete?,"Definition adapted from Wiktionary contributors, CC BY-SA 4.0: https://en.wiktionary.org/wiki/concreet#Dutch. Example: Micsmithel (Dutch, https://tatoeba.org/en/sentences/show/9310492) and AlanF_US (English, https://tatoeba.org/en/sentences/show/9040780); CC BY 2.0 FR.",B2;production,,,,,,,,concrete,concreter,concreetst,false
consequent,logically consistent,B2,adjective,Precise descriptions,Je bent niet consequent in je handelen.,You are not consistent in your actions.,"Definition adapted from Wiktionary contributors, CC BY-SA 4.0: https://en.wiktionary.org/wiki/consequent#Dutch. Example: anders (Dutch, https://tatoeba.org/en/sentences/show/2824684) and Zifre (English, https://tatoeba.org/en/sentences/show/17160); CC BY 2.0 FR.",B2;production,,,,,,,,consequente,,,false
controversieel,controversial,B2,adjective,Precise descriptions,Al wat Tom doet is controversieel.,Everything Tom does is controversial.,"Definition adapted from Wiktionary contributors, CC BY-SA 4.0: https://en.wiktionary.org/wiki/controversieel#Dutch. Example: megamanenm (Dutch, https://tatoeba.org/en/sentences/show/10731460) and CK (English, https://tatoeba.org/en/sentences/show/4900678); CC BY 2.0 FR.",B2;production,,,,,,,,controversiële,controversiëler,controversieelst,false
corrupt,corrupt,B2,adjective,Precise descriptions,Veel mensen geloven dat de politici in ons land corrupt zijn.,Many people believe that our country's politicians are corrupt.,"Definition adapted from Wiktionary contributors, CC BY-SA 4.0: https://en.wiktionary.org/wiki/corrupt#Dutch. Example: Raizin (Dutch, https://tatoeba.org/en/sentences/show/4538134) and Hybrid (English, https://tatoeba.org/en/sentences/show/4538049); CC BY 2.0 FR.",B2;production,,,,,,,,corrupte,corrupter,corruptst,false
cruciaal,"crucial, vital, pivotal",B2,adjective,Precise descriptions,Daarin speelt Mennad een cruciale rol.,Mennad is playing a crucial role in that.,"Definition adapted from Wiktionary contributors, CC BY-SA 4.0: https://en.wiktionary.org/wiki/cruciaal#Dutch. Example: megamanenm (Dutch, https://tatoeba.org/en/sentences/show/12332889) and OsoHombre (English, https://tatoeba.org/en/sentences/show/8049752); CC BY 2.0 FR.",B2;production,,,,,,,,cruciale,,,false
cynisch,cynical,B2,adjective,Precise descriptions,Waarom ben je altijd zo cynisch?,Why are you always so cynical?,"Definition adapted from Wiktionary contributors, CC BY-SA 4.0: https://en.wiktionary.org/wiki/cynisch#Dutch. Example: Citrine (Dutch, https://tatoeba.org/en/sentences/show/3552819) and Hybrid (English, https://tatoeba.org/en/sentences/show/2133832); CC BY 2.0 FR.",B2;production,,,,,,,,cynische,cynischer,meest cynisch,false
dakloos,homeless,B2,adjective,Precise descriptions,Ik weet niet hoe het is om dakloos te zijn.,I don't know what it's like to be homeless.,"Definition adapted from Wiktionary contributors, CC BY-SA 4.0: https://en.wiktionary.org/wiki/dakloos#Dutch. Example: PaulP (Dutch, https://tatoeba.org/en/sentences/show/12946498) and CK (English, https://tatoeba.org/en/sentences/show/9032930); CC BY 2.0 FR.",B2;production,,,,,,,,dakloze,daklozer,meest dakloos,false
depressief,depressed,B2,adjective,Precise descriptions,Mary is depressief omdat Tom het uitmaakte met haar.,Mary is depressed because Tom broke up with her.,"Definition adapted from Wiktionary contributors, CC BY-SA 4.0: https://en.wiktionary.org/wiki/depressief#Dutch. Example: Slam4 (Dutch, https://tatoeba.org/en/sentences/show/11758687) and CK (English, https://tatoeba.org/en/sentences/show/6432768); CC BY 2.0 FR.",B2;production,,,,,,,,depressieve,depressiever,depressiefst,false
dertiende,thirteenth,B2,adjective,Precise descriptions,"Oh nee, het is vrijdag de dertiende!","Oh no, it's Friday the thirteenth!","Definition adapted from Wiktionary contributors, CC BY-SA 4.0: https://en.wiktionary.org/wiki/dertiende#Dutch. Example: MarijnKp (Dutch, https://tatoeba.org/en/sentences/show/8035880) and Hybrid (English, https://tatoeba.org/en/sentences/show/2738327); CC BY 2.0 FR.",B2;production,,,,,,,,dertiende,,,false
deskundig,"highly capable, expert",B2,adjective,Precise descriptions,Er is een deskundige aan het woord.,An expert is speaking.,"Definition adapted from Wiktionary contributors, CC BY-SA 4.0: https://en.wiktionary.org/wiki/deskundig#Dutch. Example: Micsmithel (Dutch, https://tatoeba.org/en/sentences/show/8972766) and al_ex_an_der (English, https://tatoeba.org/en/sentences/show/1253609); CC BY 2.0 FR.",B2;production,,,,,,,,deskundige,deskundiger,deskundigst,false
dierbaar,"dear, prized by someone",B2,adjective,Precise descriptions,Mijn moeder verkocht alles wat haar dierbaar was.,My mother has sold everything that is dear to her.,"Definition adapted from Wiktionary contributors, CC BY-SA 4.0: https://en.wiktionary.org/wiki/dierbaar#Dutch. Example: martinod (Dutch, https://tatoeba.org/en/sentences/show/771966) and CM (English, https://tatoeba.org/en/sentences/show/320791); CC BY 2.0 FR.",B2;production,,,,,,,,dierbare,dierbaarder,dierbaarst,false
discreet,discreet,B2,adjective,Precise descriptions,Ik vraag me af of Tom discreet kan zijn.,I wonder if Tom can be discreet.,"Definition adapted from Wiktionary contributors, CC BY-SA 4.0: https://en.wiktionary.org/wiki/discreet#Dutch. Example: megamanenm (Dutch, https://tatoeba.org/en/sentences/show/9729269) and CK (English, https://tatoeba.org/en/sentences/show/6248821); CC BY 2.0 FR.",B2;production,,,,,,,,discrete,discreter,discreetst,false
divers,several,B2,adjective,Precise descriptions,De mango is de nationale vrucht van diverse landen.,The mango is the national fruit of several countries.,"Definition adapted from Wiktionary contributors, CC BY-SA 4.0: https://en.wiktionary.org/wiki/divers#Dutch. Example: MarijnKp (Dutch, https://tatoeba.org/en/sentences/show/8443723) and Vanilla (English, https://tatoeba.org/en/sentences/show/4729018); CC BY 2.0 FR.",B2;production,,,,,,,,diverse,diverser,meest divers,false
doeltreffend,"effective, producing the desired effect",B2,adjective,Precise descriptions,Het is heel doeltreffend.,It's very effective.,"Definition adapted from Wiktionary contributors, CC BY-SA 4.0: https://en.wiktionary.org/wiki/doeltreffend#Dutch. Example: kroeckx (Dutch, https://tatoeba.org/en/sentences/show/13759265) and CK (English, https://tatoeba.org/en/sentences/show/1894556); CC BY 2.0 FR.",B2;production,,,,,,,,doeltreffende,doeltreffender,doeltreffendst,false
doodsbang,"fearing death, scared of dying",B2,adjective,Precise descriptions,"Je bent doodsbang, hè?","You're scared to death, aren't you?","Definition adapted from Wiktionary contributors, CC BY-SA 4.0: https://en.wiktionary.org/wiki/doodsbang#Dutch. Example: megamanenm (Dutch, https://tatoeba.org/en/sentences/show/12346014) and CK (English, https://tatoeba.org/en/sentences/show/2955009); CC BY 2.0 FR.",B2;production,,,,,,,,doodsbange,,,false
doorsnee,average,B2,adjective,Precise descriptions,Hoe vaak per minuut knippert een doorsnee persoon?,How many times a minute does the average person blink?,"Definition adapted from Wiktionary contributors, CC BY-SA 4.0: https://en.wiktionary.org/wiki/doorsnee#Dutch. Example: MarijnKp (Dutch, https://tatoeba.org/en/sentences/show/10738481) and darinmex (English, https://tatoeba.org/en/sentences/show/950918); CC BY 2.0 FR.",B2;production,,,,,,,,doorsnee,,,false
duivels,devilish,B2,adjective,Precise descriptions,Wat een duivelse jongen!,What a devilish boy!,"Definition adapted from Wiktionary contributors, CC BY-SA 4.0: https://en.wiktionary.org/wiki/duivels#Dutch. Example: MarijnKp (Dutch, https://tatoeba.org/en/sentences/show/9752780) and SunnyMoon (English, https://tatoeba.org/en/sentences/show/11169839); CC BY 2.0 FR.",B2;production,,,,,,,,duivelse,duivelser,meest duivels,false
elegant,elegant,B2,adjective,Precise descriptions,We dienen altijd te streven naar de eenvoudigste en elegantste oplossing.,We should always strive for the most simple and elegant solution.,"Definition adapted from Wiktionary contributors, CC BY-SA 4.0: https://en.wiktionary.org/wiki/elegant#Dutch. Example: Nylez (Dutch, https://tatoeba.org/en/sentences/show/10080002) and mccarras (English, https://tatoeba.org/en/sentences/show/8989761); CC BY 2.0 FR.",B2;production,,,,,,,,elegante,eleganter,elegantst,false
ethisch,ethical,B2,adjective,Precise descriptions,Het klonen van mensen stelt ons voor serieuze ethische problemen.,Human cloning poses serious ethical problems.,"Definition adapted from Wiktionary contributors, CC BY-SA 4.0: https://en.wiktionary.org/wiki/ethisch#Dutch. Example: Dorenda (Dutch, https://tatoeba.org/en/sentences/show/399370) and Miktsoanit (English, https://tatoeba.org/en/sentences/show/12312712); CC BY 2.0 FR.",B2;production,,,,,,,,ethische,ethischer,meest ethisch,false
etnisch,ethnic,B2,adjective,Precise descriptions,Er is een verschil tussen genocide en etnische zuivering.,There is a difference between genocide and ethnic cleansing.,"Definition adapted from Wiktionary contributors, CC BY-SA 4.0: https://en.wiktionary.org/wiki/etnisch#Dutch. Example: PaulP (Dutch, https://tatoeba.org/en/sentences/show/10076745) and OsoHombre (English, https://tatoeba.org/en/sentences/show/6963844); CC BY 2.0 FR.",B2;production,,,,,,,,etnische,etnischer,meest etnisch,false
evenredig,proportional,B2,adjective,Precise descriptions,De elektriciteitskosten zijn evenredig met de totale weerstand van het circuit.,The electricity cost is proportional to the total resistance of the circuit.,"Definition adapted from Wiktionary contributors, CC BY-SA 4.0: https://en.wiktionary.org/wiki/evenredig#Dutch. Example: lonepawn (Dutch, https://tatoeba.org/en/sentences/show/4570882) and marcelostockle (English, https://tatoeba.org/en/sentences/show/1195806); CC BY 2.0 FR.",B2;production,,,,,,,,evenredige,evenrediger,evenredigst,false
extern,external,B2,adjective,Precise descriptions,Sla het op op de externe harde schijf.,Save it on the external hard drive.,"Definition adapted from Wiktionary contributors, CC BY-SA 4.0: https://en.wiktionary.org/wiki/extern#Dutch. Example: rose_d (Dutch, https://tatoeba.org/en/sentences/show/10652720) and CK (English, https://tatoeba.org/en/sentences/show/21846); CC BY 2.0 FR.",B2;production,,,,,,,,externe,,,false
fascinerend,fascinating,B2,adjective,Precise descriptions,Het leven is fascinerend; kijk maar ernaar door de juiste bril.,Life is fascinating; you just have to look at it through the right glasses.,"Definition adapted from Wiktionary contributors, CC BY-SA 4.0: https://en.wiktionary.org/wiki/fascinerend#Dutch. Example: Mandalay (Dutch, https://tatoeba.org/en/sentences/show/6135170) and Mandalay (English, https://tatoeba.org/en/sentences/show/6135172); CC BY 2.0 FR.",B2;production,,,,,,,,fascinerende,fascinerender,fascinerendst,false
fataal,fatal,B2,adjective,Precise descriptions,Een necrose kan fataal zijn.,Necrosis can be fatal.,"Definition adapted from Wiktionary contributors, CC BY-SA 4.0: https://en.wiktionary.org/wiki/fataal#Dutch. Example: PaulP (Dutch, https://tatoeba.org/en/sentences/show/13175167) and rul (English, https://tatoeba.org/en/sentences/show/13162260); CC BY 2.0 FR.",B2;production,,,,,,,,fatale,fataler,fataalst,false
fatsoenlijk,decent,B2,adjective,Precise descriptions,Het was voor mij heel belangrijk dat Rusland een fatsoenlijke president zou kiezen.,It was very important to me that Russia would elect a decent president.,"Definition adapted from Wiktionary contributors, CC BY-SA 4.0: https://en.wiktionary.org/wiki/fatsoenlijk#Dutch. Example: PaulP (Dutch, https://tatoeba.org/en/sentences/show/12229449) and Tom9358 (English, https://tatoeba.org/en/sentences/show/12970915); CC BY 2.0 FR.",B2;production,,,,,,,,fatsoenlijke,fatsoenlijker,fatsoenlijkst,false
federaal,federal,B2,adjective,Precise descriptions,Je hebt een federale misdaad begaan.,You committed a federal crime.,"Definition adapted from Wiktionary contributors, CC BY-SA 4.0: https://en.wiktionary.org/wiki/federaal#Dutch. Example: PaulP (Dutch, https://tatoeba.org/en/sentences/show/10842027) and janTuki (English, https://tatoeba.org/en/sentences/show/10842022); CC BY 2.0 FR.",B2;production,,,,,,,,federale,,,false
figuurlijk,figurative,B2,adjective,Precise descriptions,"Als deze zin een figuurlijke betekenis heeft, weet ik daar niets van.","If this sentence has a figurative meaning, I would not be aware of it.","Definition adapted from Wiktionary contributors, CC BY-SA 4.0: https://en.wiktionary.org/wiki/figuurlijk#Dutch. Example: obsessed_polyglot (Dutch, https://tatoeba.org/en/sentences/show/8969665) and megamanenm (English, https://tatoeba.org/en/sentences/show/10731900); CC BY 2.0 FR.",B2;production,,,,,,,,figuurlijke,figuurlijker,figuurlijkst,false
fundamenteel,fundamental,B2,adjective,Precise descriptions,Fundamentele mensenrechten behoren uiteraard gerespecteerd te worden.,"Needless to say, fundamental human rights should be respected.","Definition adapted from Wiktionary contributors, CC BY-SA 4.0: https://en.wiktionary.org/wiki/fundamenteel#Dutch. Example: Raizin (Dutch, https://tatoeba.org/en/sentences/show/5384745) and CM (English, https://tatoeba.org/en/sentences/show/326489); CC BY 2.0 FR.",B2;production,,,,,,,,fundamentele,fundamenteler,fundamenteelst,false
gastvrij,hospitable,B2,adjective,Precise descriptions,De lokale inwoners zijn erg gastvrij.,The local residents are very hospitable.,"Definition adapted from Wiktionary contributors, CC BY-SA 4.0: https://en.wiktionary.org/wiki/gastvrij#Dutch. Example: mdc1600 (Dutch, https://tatoeba.org/en/sentences/show/10536476) and shekitten (English, https://tatoeba.org/en/sentences/show/12055116); CC BY 2.0 FR.",B2;production,,,,,,,,gastvrije,gastvrijer,gastvrijst,false
gecompliceerd,"complicated, complex or convoluted",B2,adjective,Precise descriptions,Computers zijn in staat om extreem gecompliceerd werk te doen.,Computers are capable of doing extremely complicated work.,"Definition adapted from Wiktionary contributors, CC BY-SA 4.0: https://en.wiktionary.org/wiki/gecompliceerd#Dutch. Example: Elsofie (Dutch, https://tatoeba.org/en/sentences/show/8460475) and CM (English, https://tatoeba.org/en/sentences/show/54559); CC BY 2.0 FR.",B2;production,,,,,,,,gecompliceerde,gecompliceerder,gecompliceerdst,false
gedoopt,baptized,B2,adjective,Precise descriptions,Miguel de Cervantes werd gedoopt op 9 oktober 1547.,"Miguel de Cervantes was baptized on October 9, 1547.","Definition adapted from Wiktionary contributors, CC BY-SA 4.0: https://en.wiktionary.org/wiki/gedoopt#Dutch. Example: SunnyMoon (Dutch, https://tatoeba.org/en/sentences/show/11148978) and DJ_Saidez (English, https://tatoeba.org/en/sentences/show/9495689); CC BY 2.0 FR.",B2;production,,,,,,,,gedoopte,,,false
gelijktijdig,"simultaneous, at the same time",B2,adjective,Precise descriptions,Wij beiden begonnen vrijwel gelijktijdig te glimlachen.,Both of us began to smile almost at the same time.,"Definition adapted from Wiktionary contributors, CC BY-SA 4.0: https://en.wiktionary.org/wiki/gelijktijdig#Dutch. Example: Mandalay (Dutch, https://tatoeba.org/en/sentences/show/6052393) and CK (English, https://tatoeba.org/en/sentences/show/249540); CC BY 2.0 FR.",B2;production,,,,,,,,gelijktijdige,,,false
gemengd,mixed,B2,adjective,Precise descriptions,Ze werkt in gemengde technieken.,She works in mixed media.,"Definition adapted from Wiktionary contributors, CC BY-SA 4.0: https://en.wiktionary.org/wiki/gemengd#Dutch. Example: megamanenm (Dutch, https://tatoeba.org/en/sentences/show/10788385) and mccarras (English, https://tatoeba.org/en/sentences/show/8983381); CC BY 2.0 FR.",B2;production,,,,,,,,gemengde,gemengder,gemengdst,false
genetisch,genetic,B2,adjective,Precise descriptions,De chromosomen in onze cellen bevatten al ons genetisch materiaal.,The chromosomes in our cells contain the whole of our genetic material.,"Definition adapted from Wiktionary contributors, CC BY-SA 4.0: https://en.wiktionary.org/wiki/genetisch#Dutch. Example: MarijnKp (Dutch, https://tatoeba.org/en/sentences/show/9033744) and mookeee (English, https://tatoeba.org/en/sentences/show/1053363); CC BY 2.0 FR.",B2;production,,,,,,,,genetische,,,false
geniaal,"brilliant, genius, genial",B2,adjective,Precise descriptions,"Dat sommige mensen er geniaal uitzien voordat ze dom klinken, komt doordat licht zich sneller voortplant dan geluid.",It is because light travels faster than sound that some people look brilliant before sounding stupid.,"Definition adapted from Wiktionary contributors, CC BY-SA 4.0: https://en.wiktionary.org/wiki/geniaal#Dutch. Example: Dorenda (Dutch, https://tatoeba.org/en/sentences/show/409650) and sysko (English, https://tatoeba.org/en/sentences/show/409629); CC BY 2.0 FR.",B2;production,,,,,,,,geniale,genialer,geniaalst,false
gerelateerd,related,B2,adjective,Precise descriptions,Dit is vaak gerelateerd aan studentgerichte dienstverlening.,This is often related to student-centered services.,"Definition adapted from Wiktionary contributors, CC BY-SA 4.0: https://en.wiktionary.org/wiki/gerelateerd#Dutch. Example: kiryopi (Dutch, https://tatoeba.org/en/sentences/show/12778351) and kiryopi (English, https://tatoeba.org/en/sentences/show/12778354); CC BY 2.0 FR.",B2;production,,,,,,,,gerelateerde,,,false
gering,little,B2,adjective,Precise descriptions,Zelfs het geringste dingetje irriteerde hem.,Even the merest little thing irritated him.,"Definition adapted from Wiktionary contributors, CC BY-SA 4.0: https://en.wiktionary.org/wiki/gering#Dutch. Example: Micsmithel (Dutch, https://tatoeba.org/en/sentences/show/6714663) and Dejo (English, https://tatoeba.org/en/sentences/show/33056); CC BY 2.0 FR.",B2;production,,,,,,,,geringe,geringer,geringst,false
getogen,"brought up, grown up, raised",B2,adjective,Precise descriptions,Ik ben in Japan geboren en getogen.,I was born and raised in Japan.,"Definition adapted from Wiktionary contributors, CC BY-SA 4.0: https://en.wiktionary.org/wiki/getogen#Dutch. Example: doemaar14 (Dutch, https://tatoeba.org/en/sentences/show/13633723) and araneo (English, https://tatoeba.org/en/sentences/show/13276389); CC BY 2.0 FR.",B2;production,,,,,,,,getogen,,,false
gewelddadig,violent,B2,adjective,Precise descriptions,Tom is extreem gewelddadig.,Tom is extremely violent.,"Definition adapted from Wiktionary contributors, CC BY-SA 4.0: https://en.wiktionary.org/wiki/gewelddadig#Dutch. Example: Nylez (Dutch, https://tatoeba.org/en/sentences/show/9623428) and CK (English, https://tatoeba.org/en/sentences/show/2273122); CC BY 2.0 FR.",B2;production,,,,,,,,gewelddadige,gewelddadiger,gewelddadigst,false
globaal,"global, worldwide",B2,adjective,Precise descriptions,Fossiele brandstoffen zijn de belangrijkste oorzaak van de globale opwarming.,Fossil fuels are the main causes of global warming.,"Definition adapted from Wiktionary contributors, CC BY-SA 4.0: https://en.wiktionary.org/wiki/globaal#Dutch. Example: martinod (Dutch, https://tatoeba.org/en/sentences/show/4952716) and LanguageExpert (English, https://tatoeba.org/en/sentences/show/1846542); CC BY 2.0 FR.",B2;production,,,,,,,,globale,globaler,globaalst,false
goddelijk,"divine, godlike",B2,adjective,Precise descriptions,Die maaltijd was gewoon goddelijk.,That meal was simply divine.,"Definition adapted from Wiktionary contributors, CC BY-SA 4.0: https://en.wiktionary.org/wiki/goddelijk#Dutch. Example: MarijnKp (Dutch, https://tatoeba.org/en/sentences/show/10722829) and CM (English, https://tatoeba.org/en/sentences/show/1019975); CC BY 2.0 FR.",B2;production,,,,,,,,goddelijke,goddelijker,goddelijkst,false
gretig,eager,B2,adjective,Precise descriptions,"Tom is gretig om te vertrekken, nietwaar?","Tom is eager to leave, isn't he?","Definition adapted from Wiktionary contributors, CC BY-SA 4.0: https://en.wiktionary.org/wiki/gretig#Dutch. Example: Micsmithel (Dutch, https://tatoeba.org/en/sentences/show/6940147) and CK (English, https://tatoeba.org/en/sentences/show/6927842); CC BY 2.0 FR.",B2;production,,,,,,,,gretige,gretiger,gretigst,false
haalbaar,"feasible, achievable, accomplishable",B2,adjective,Precise descriptions,Ik heb er alle vertrouwen in dat dat haalbaar is.,I'm very confident that's achievable.,"Definition adapted from Wiktionary contributors, CC BY-SA 4.0: https://en.wiktionary.org/wiki/haalbaar#Dutch. Example: megamanenm (Dutch, https://tatoeba.org/en/sentences/show/11515870) and CK (English, https://tatoeba.org/en/sentences/show/8421265); CC BY 2.0 FR.",B2;production,,,,,,,,haalbare,haalbaarder,haalbaarst,false
hedendaags,"current, contemporary, modern",B2,adjective,Precise descriptions,Turkije is de hedendaagse erfgenaam van het Ottomaanse Rijk.,Turkey is the contemporary heir of the Ottoman Empire.,"Definition adapted from Wiktionary contributors, CC BY-SA 4.0: https://en.wiktionary.org/wiki/hedendaags#Dutch. Example: Adelpa (Dutch, https://tatoeba.org/en/sentences/show/12195596) and Miktsoanit (English, https://tatoeba.org/en/sentences/show/12196323); CC BY 2.0 FR.",B2;production,,,,,,,,hedendaagse,hedendaagser,meest hedendaags,false
hees,"hoarse, rough, husky, grating",B2,adjective,Precise descriptions,"Ik ben hees, dus ik moet fluisteren.","I'm hoarse, so I've got to whisper.","Definition adapted from Wiktionary contributors, CC BY-SA 4.0: https://en.wiktionary.org/wiki/hees#Dutch. Example: megamanenm (Dutch, https://tatoeba.org/en/sentences/show/12496613) and sundown (English, https://tatoeba.org/en/sentences/show/12481881); CC BY 2.0 FR.",B2;production,,,,,,,,hese,heser,meest hees,false
hilarisch,"hilarious, comical",B2,adjective,Precise descriptions,Haar grap was hilarisch.,Her joke was hilarious.,"Definition adapted from Wiktionary contributors, CC BY-SA 4.0: https://en.wiktionary.org/wiki/hilarisch#Dutch. Example: Micsmithel (Dutch, https://tatoeba.org/en/sentences/show/9042537) and doemaar14 (English, https://tatoeba.org/en/sentences/show/11038057); CC BY 2.0 FR.",B2;production,,,,,,,,hilarische,hilarischer,meest hilarisch,false
homoseksueel,homosexual,B2,adjective,Precise descriptions,Mijn beste vriend is homoseksueel.,My best friend is homosexual.,"Definition adapted from Wiktionary contributors, CC BY-SA 4.0: https://en.wiktionary.org/wiki/homoseksueel#Dutch. Example: Nylez (Dutch, https://tatoeba.org/en/sentences/show/9149986) and RobinvanderVliet (English, https://tatoeba.org/en/sentences/show/6179255); CC BY 2.0 FR.",B2;production,,,,,,,,homoseksuele,homoseksueler,homoseksueelst,false
huishoudelijk,"domestic, related to housekeeping",B2,adjective,Precise descriptions,Ik hou niet van huishoudelijk werk.,I don't like domestic chores.,"Definition adapted from Wiktionary contributors, CC BY-SA 4.0: https://en.wiktionary.org/wiki/huishoudelijk#Dutch. Example: megamanenm (Dutch, https://tatoeba.org/en/sentences/show/9630530) and megamanenm (English, https://tatoeba.org/en/sentences/show/9630527); CC BY 2.0 FR.",B2;production,,,,,,,,huishoudelijke,huishoudelijker,huishoudelijkst,false
hysterisch,"hysterical, hysteric",B2,adjective,Precise descriptions,Is het waar dat ze je diagnosticeerde met hysterische neurose?,Is it true that she diagnosed you with hysterical neurosis?,"Definition adapted from Wiktionary contributors, CC BY-SA 4.0: https://en.wiktionary.org/wiki/hysterisch#Dutch. Example: megamanenm (Dutch, https://tatoeba.org/en/sentences/show/12496626) and menaud (English, https://tatoeba.org/en/sentences/show/12481485); CC BY 2.0 FR.",B2;production,,,,,,,,hysterische,hysterischer,meest hysterisch,false
identiek,identical,B2,adjective,Precise descriptions,"Sami en zijn identieke tweelingbroer, Farid, hadden dezelfde kleren aan.","Sami and his identical twin, Farid, dressed identically.","Definition adapted from Wiktionary contributors, CC BY-SA 4.0: https://en.wiktionary.org/wiki/identiek#Dutch. Example: megamanenm (Dutch, https://tatoeba.org/en/sentences/show/10788263) and OsoHombre (English, https://tatoeba.org/en/sentences/show/6707924); CC BY 2.0 FR.",B2;production,,,,,,,,identieke,identieker,identiekst,false
ijskoud,"ice-cold, freezing cold",B2,adjective,Precise descriptions,Het is niet verantwoord om in ijskoud water te duiken.,It is not responsible to dive into ice-cold water.,"Definition adapted from Wiktionary contributors, CC BY-SA 4.0: https://en.wiktionary.org/wiki/ijskoud#Dutch. Example: Tom9358 (Dutch, https://tatoeba.org/en/sentences/show/13659265) and Tom9358 (English, https://tatoeba.org/en/sentences/show/13659266); CC BY 2.0 FR.",B2;production,,,,,,,,ijskoude,,,false
immuun,immune,B2,adjective,Precise descriptions,Tom is misschien immuun voor die ziekte.,Tom might be immune to that disease.,"Definition adapted from Wiktionary contributors, CC BY-SA 4.0: https://en.wiktionary.org/wiki/immuun#Dutch. Example: MarijnKp (Dutch, https://tatoeba.org/en/sentences/show/9033737) and CK (English, https://tatoeba.org/en/sentences/show/6223128); CC BY 2.0 FR.",B2;production,,,,,,,,immune,,,false
inbegrepen,included,B2,adjective,Precise descriptions,Levering is niet bij de prijs inbegrepen.,Delivery isn't included in the price.,"Definition adapted from Wiktionary contributors, CC BY-SA 4.0: https://en.wiktionary.org/wiki/inbegrepen#Dutch. Example: rose_d (Dutch, https://tatoeba.org/en/sentences/show/10637066) and CK (English, https://tatoeba.org/en/sentences/show/7493024); CC BY 2.0 FR.",B2;production,,,,,,,,inbegrepen,,,false
innovatief,innovative,B2,adjective,Precise descriptions,Die projecten bieden veel nieuwe en innovatieve inhoud en ideeën.,Those projects offer a lot of new and innovative content and ideas.,"Definition adapted from Wiktionary contributors, CC BY-SA 4.0: https://en.wiktionary.org/wiki/innovatief#Dutch. Example: Mandalay (Dutch, https://tatoeba.org/en/sentences/show/6134940) and mailohilohi (English, https://tatoeba.org/en/sentences/show/5051475); CC BY 2.0 FR.",B2;production,,,,,,,,innovatieve,innovatiever,innovatiefst,false
intens,intense,B2,adjective,Precise descriptions,Hij bekeek me met een intense nieuwsgierigheid.,He was watching me with intense curiosity.,"Definition adapted from Wiktionary contributors, CC BY-SA 4.0: https://en.wiktionary.org/wiki/intens#Dutch. Example: megamanenm (Dutch, https://tatoeba.org/en/sentences/show/12332936) and Nuel (English, https://tatoeba.org/en/sentences/show/11595846); CC BY 2.0 FR.",B2;production,,,,,,,,intense,intenser,meest intens,false
intern,"internal, inside of something, of the body etc",B2,adjective,Precise descriptions,Er is een interne fout opgetreden.,An internal error has occurred.,"Definition adapted from Wiktionary contributors, CC BY-SA 4.0: https://en.wiktionary.org/wiki/intern#Dutch. Example: PaulP (Dutch, https://tatoeba.org/en/sentences/show/6142654) and rayshih715 (English, https://tatoeba.org/en/sentences/show/6142556); CC BY 2.0 FR.",B2;production,,,,,,,,interne,interner,internst,false
ironisch,"ironic, ironical",B2,adjective,Precise descriptions,Weet je wel wat “ironisch” betekent?,Do you even know what ironic means?,"Definition adapted from Wiktionary contributors, CC BY-SA 4.0: https://en.wiktionary.org/wiki/ironisch#Dutch. Example: Elsofie (Dutch, https://tatoeba.org/en/sentences/show/8500322) and Hybrid (English, https://tatoeba.org/en/sentences/show/3539320); CC BY 2.0 FR.",B2;production,,,,,,,,ironische,ironischer,meest ironisch,false
keihard,"hard as a rock, extremely powerful",B2,adjective,Precise descriptions,Dit oude brood is keihard.,This old bread is as hard as a rock.,"Definition adapted from Wiktionary contributors, CC BY-SA 4.0: https://en.wiktionary.org/wiki/keihard#Dutch. Example: Elsofie (Dutch, https://tatoeba.org/en/sentences/show/8417244) and Source_VOA (English, https://tatoeba.org/en/sentences/show/681960); CC BY 2.0 FR.",B2;production,,,,,,,,keiharde,,,false
kenmerkend,characteristic,B2,adjective,Precise descriptions,Het noorderlicht is een fenomeen dat kenmerkend is voor poolgebieden.,The aurora is a phenomenon characteristic of the polar regions.,"Definition adapted from Wiktionary contributors, CC BY-SA 4.0: https://en.wiktionary.org/wiki/kenmerkend#Dutch. Example: martinod (Dutch, https://tatoeba.org/en/sentences/show/1515729) and patgfisher (English, https://tatoeba.org/en/sentences/show/65116); CC BY 2.0 FR.",B2;production,,,,,,,,kenmerkende,kenmerkender,kenmerkendst,false
kil,"cold-hearted, cold-blooded",B2,adjective,Precise descriptions,Zij is een kille trut.,She's a cold hearted bitch.,"Definition adapted from Wiktionary contributors, CC BY-SA 4.0: https://en.wiktionary.org/wiki/kil#Dutch. Example: Micsmithel (Dutch, https://tatoeba.org/en/sentences/show/7496348) and Hybrid (English, https://tatoeba.org/en/sentences/show/5965035); CC BY 2.0 FR.",B2;production,,,,,,,,kille,killer,kilst,false
kinderachtig,"childish, infantile",B2,adjective,Precise descriptions,Zijn kinderachtige manier van doen hangt me de keel uit.,His childish manner annoys me to no end.,"Definition adapted from Wiktionary contributors, CC BY-SA 4.0: https://en.wiktionary.org/wiki/kinderachtig#Dutch. Example from the same Wiktionary entry (CC BY-SA 4.0).",B2;production,,,,,,,,kinderachtige,kinderachtiger,kinderachtigst,false
komisch,"comic, comical",B2,adjective,Precise descriptions,Het absurde van de situatie was haast komisch.,The absurdity of the situation was almost comical.,"Definition adapted from Wiktionary contributors, CC BY-SA 4.0: https://en.wiktionary.org/wiki/komisch#Dutch. Example: Nylez (Dutch, https://tatoeba.org/en/sentences/show/9507574) and Scriptor (English, https://tatoeba.org/en/sentences/show/1118870); CC BY 2.0 FR.",B2;production,,,,,,,,komische,komischer,meest komisch,false
kostbaar,"valuable, precious",B2,adjective,Precise descriptions,De enige hulpbron die kostbaarder was dan alle andere was land.,The one resource more precious than any other was land.,"Definition adapted from Wiktionary contributors, CC BY-SA 4.0: https://en.wiktionary.org/wiki/kostbaar#Dutch. Example: simonbr (Dutch, https://tatoeba.org/en/sentences/show/944378) and Luornu (English, https://tatoeba.org/en/sentences/show/24782); CC BY 2.0 FR.",B2;production,,,,,,,,kostbare,kostbaarder,kostbaarst,false
kosteloos,"free, without charge",B2,adjective,Precise descriptions,De deelname is vrijwillig en kosteloos.,Participation is voluntary and free of charge.,"Definition adapted from Wiktionary contributors, CC BY-SA 4.0: https://en.wiktionary.org/wiki/kosteloos#Dutch. Example: Akradna (Dutch, https://tatoeba.org/en/sentences/show/1621407) and CM (English, https://tatoeba.org/en/sentences/show/562466); CC BY 2.0 FR.",B2;production,,,,,,,,kosteloze,kostelozer,meest kosteloos,false
kunstmatig,artificial,B2,adjective,Precise descriptions,Er bestaat niet zoiets als kunstmatige intelligentie.,There's no such thing as Artificial Intelligence.,"Definition adapted from Wiktionary contributors, CC BY-SA 4.0: https://en.wiktionary.org/wiki/kunstmatig#Dutch. Example: rul (Dutch, https://tatoeba.org/en/sentences/show/13909942) and Adelpa (English, https://tatoeba.org/en/sentences/show/12269783); CC BY 2.0 FR.",B2;production,,,,,,,,kunstmatige,kunstmatiger,kunstmatigst,false
laf,cowardly,B2,adjective,Precise descriptions,Tom is verlegen en laf.,Tom is shy and cowardly.,"Definition adapted from Wiktionary contributors, CC BY-SA 4.0: https://en.wiktionary.org/wiki/laf#Dutch. Example: MarijnKp (Dutch, https://tatoeba.org/en/sentences/show/10727621) and Spamster (English, https://tatoeba.org/en/sentences/show/1527959); CC BY 2.0 FR.",B2;production,,,,,,,,laffe,laffer,lafst,false
lauw,lukewarm,B2,adjective,Precise descriptions,Ik hou niet van lauwe koffie.,I don't like lukewarm coffee.,"Definition adapted from Wiktionary contributors, CC BY-SA 4.0: https://en.wiktionary.org/wiki/lauw#Dutch. Example: PaulP (Dutch, https://tatoeba.org/en/sentences/show/9002066) and CK (English, https://tatoeba.org/en/sentences/show/6665343); CC BY 2.0 FR.",B2;production,,,,,,,,lauwe,lauwer,lauwst,false
liberaal,liberal,B2,adjective,Precise descriptions,Senator Kerry werd liberaal beschouwd.,Senator Kerry was considered a liberal.,"Definition adapted from Wiktionary contributors, CC BY-SA 4.0: https://en.wiktionary.org/wiki/liberaal#Dutch. Example: Micsmithel (Dutch, https://tatoeba.org/en/sentences/show/7109292) and Source_VOA (English, https://tatoeba.org/en/sentences/show/807367); CC BY 2.0 FR.",B2;production,,,,,,,,liberale,liberaler,liberaalst,false
liefdevol,"loving, affectionate",B2,adjective,Precise descriptions,Zijn strenge en luide stem verborg zijn inwendige fijngevoeligheid en liefdevol karakter.,His stern and loud voice belied concealed his inner sensitivity and loving nature.,"Definition adapted from Wiktionary contributors, CC BY-SA 4.0: https://en.wiktionary.org/wiki/liefdevol#Dutch. Example: martinod (Dutch, https://tatoeba.org/en/sentences/show/778348) and Tom9358 (English, https://tatoeba.org/en/sentences/show/12956951); CC BY 2.0 FR.",B2;production,,,,,,,,liefdevolle,liefdevoller,liefdevolst,false
literair,literary,B2,adjective,Precise descriptions,Niemand wist van zijn literaire talent.,Nobody knew about his literary talent.,"Definition adapted from Wiktionary contributors, CC BY-SA 4.0: https://en.wiktionary.org/wiki/literair#Dutch. Example: simonbr (Dutch, https://tatoeba.org/en/sentences/show/819172) and megamanenm (English, https://tatoeba.org/en/sentences/show/9182072); CC BY 2.0 FR.",B2;production,,,,,,,,literaire,literairder,literairst,false
live,"live, being broadcast as it happens",B2,adjective,Precise descriptions,De race werd live op tv uitgezonden.,The race was broadcast live on TV.,"Definition adapted from Wiktionary contributors, CC BY-SA 4.0: https://en.wiktionary.org/wiki/live#Dutch. Example: rose_d (Dutch, https://tatoeba.org/en/sentences/show/10641286) and Hybrid (English, https://tatoeba.org/en/sentences/show/8594547); CC BY 2.0 FR.",B2;production,,,,,,,,live,,,false
machteloos,powerless,B2,adjective,Precise descriptions,Tom voelde zich machteloos.,Tom felt powerless.,"Definition adapted from Wiktionary contributors, CC BY-SA 4.0: https://en.wiktionary.org/wiki/machteloos#Dutch. Example: MarijnKp (Dutch, https://tatoeba.org/en/sentences/show/7598813) and Hybrid (English, https://tatoeba.org/en/sentences/show/7591921); CC BY 2.0 FR.",B2;production,,,,,,,,machteloze,machtelozer,meest machteloos,false
massief,"solid, massive",B2,adjective,Precise descriptions,Is de balk massief of hol?,Is the beam solid or hollow?,"Definition adapted from Wiktionary contributors, CC BY-SA 4.0: https://en.wiktionary.org/wiki/massief#Dutch. Example: Micsmithel (Dutch, https://tatoeba.org/en/sentences/show/10541173) and sharptoothed (English, https://tatoeba.org/en/sentences/show/3030970); CC BY 2.0 FR.",B2;production,,,,,,,,massieve,massiever,massiefst,false
mechanisch,"mechanical, related to mechanics and/or machinery",B2,adjective,Precise descriptions,We specialiseren in het importeren van mechanische onderdelen.,We specialize in the import of machinery parts.,"Definition adapted from Wiktionary contributors, CC BY-SA 4.0: https://en.wiktionary.org/wiki/mechanisch#Dutch. Example: DjWLaan (Dutch, https://tatoeba.org/en/sentences/show/1399828) and CK (English, https://tatoeba.org/en/sentences/show/320191); CC BY 2.0 FR.",B2;production,,,,,,,,mechanische,,,false
meedogenloos,"ruthless, merciless",B2,adjective,Precise descriptions,De vijand is wreed en meedogenloos.,The enemy is cruel and merciless.,"Definition adapted from Wiktionary contributors, CC BY-SA 4.0: https://en.wiktionary.org/wiki/meedogenloos#Dutch. Example: Mandalay (Dutch, https://tatoeba.org/en/sentences/show/6119741) and megamanenm (English, https://tatoeba.org/en/sentences/show/9131469); CC BY 2.0 FR.",B2;production,,,,,,,,meedogenloze,meedogenlozer,meest meedogenloos,false
merkwaardig,"remarkable, notable",B2,adjective,Precise descriptions,Het is werkelijk een merkwaardige plek.,It is a truly remarkable place.,"Definition adapted from Wiktionary contributors, CC BY-SA 4.0: https://en.wiktionary.org/wiki/merkwaardig#Dutch. Example: martinod (Dutch, https://tatoeba.org/en/sentences/show/9671195) and SunnyMoon (English, https://tatoeba.org/en/sentences/show/11177452); CC BY 2.0 FR.",B2;production,,,,,,,,merkwaardige,merkwaardiger,merkwaardigst,false
middelbaar,"intermediate, middle",B2,adjective,Precise descriptions,We zagen veel vrouwen van middelbare leeftijd op het strand zonnebaden.,We saw many middle-aged women sunbathing on the beach.,"Definition adapted from Wiktionary contributors, CC BY-SA 4.0: https://en.wiktionary.org/wiki/middelbaar#Dutch. Example: MarijnKp (Dutch, https://tatoeba.org/en/sentences/show/8647151) and CK (English, https://tatoeba.org/en/sentences/show/6656127); CC BY 2.0 FR.",B2;production,,,,,,,,middelbare,middelbaarder,middelbaarst,false
mis,wrong,B2,adjective,Precise descriptions,Er is niets mis mee om soms egoïstisch te zijn.,There's nothing wrong with being selfish sometimes.,"Definition adapted from Wiktionary contributors, CC BY-SA 4.0: https://en.wiktionary.org/wiki/mis#Dutch. Example: megamanenm (Dutch, https://tatoeba.org/en/sentences/show/11020078) and megamanenm (English, https://tatoeba.org/en/sentences/show/11020076); CC BY 2.0 FR.",B2;production,,,,,,,,mis,,,false
moeizaam,laborious,B2,adjective,Precise descriptions,Het was een moeizaam proces.,It was a laborious process.,"Definition adapted from Wiktionary contributors, CC BY-SA 4.0: https://en.wiktionary.org/wiki/moeizaam#Dutch. Example: MarijnKp (Dutch, https://tatoeba.org/en/sentences/show/10018201) and mccarras (English, https://tatoeba.org/en/sentences/show/8985133); CC BY 2.0 FR.",B2;production,,,,,,,,moeizame,moeizamer,moeizaamst,false
mysterieus,"mysterious, abstruse",B2,adjective,Precise descriptions,Wat zou er in deze mysterieuze doos kunnen zitten?,Whatever could be inside this mysterious box?,"Definition adapted from Wiktionary contributors, CC BY-SA 4.0: https://en.wiktionary.org/wiki/mysterieus#Dutch. Example: megamanenm (Dutch, https://tatoeba.org/en/sentences/show/7469536) and megamanenm (English, https://tatoeba.org/en/sentences/show/7469530); CC BY 2.0 FR.",B2;production,,,,,,,,mysterieuze,mysterieuzer,meest mysterieus,false
negende,ninth,B2,adjective,Precise descriptions,Het zou een spannende wedstrijd geweest zijn als Tom in de negende inning met alle honken bezet geen homerun had gescoord.,It would've been a close game if Tom hadn't hit a home run with bases loaded in the ninth inning.,"Definition adapted from Wiktionary contributors, CC BY-SA 4.0: https://en.wiktionary.org/wiki/negende#Dutch. Example: doemaar14 (Dutch, https://tatoeba.org/en/sentences/show/12316786) and CK (English, https://tatoeba.org/en/sentences/show/9636025); CC BY 2.0 FR.",B2;production,,,,,,,,negende,,,false
nerveus,"nervous, anxious, jumpy",B2,adjective,Precise descriptions,De manier van praten van de edeldame maakt me nerveus.,The noblewoman's manner of talking makes me nervous.,"Definition adapted from Wiktionary contributors, CC BY-SA 4.0: https://en.wiktionary.org/wiki/nerveus#Dutch. Example: PaulP (Dutch, https://tatoeba.org/en/sentences/show/4709722) and SunnyMoon (English, https://tatoeba.org/en/sentences/show/11164935); CC BY 2.0 FR.",B2;production,,,,,,,,nerveuze,nerveuzer,meest nerveus,false
noordelijk,northern,B2,adjective,Precise descriptions,De maand november is een herfstmaand in het noordelijk halfrond.,November is an autumn month in the northern hemisphere.,"Definition adapted from Wiktionary contributors, CC BY-SA 4.0: https://en.wiktionary.org/wiki/noordelijk#Dutch. Example: PaulP (Dutch, https://tatoeba.org/en/sentences/show/4695213) and sundown (English, https://tatoeba.org/en/sentences/show/9444383); CC BY 2.0 FR.",B2;production,,,,,,,,noordelijke,noordelijker,noordelijkst,false
nuchter,"sober, not drunk",B2,adjective,Precise descriptions,Hij drinkt veel maar lijkt altijd nuchter.,He drinks a lot but always seems sober.,"Definition adapted from Wiktionary contributors, CC BY-SA 4.0: https://en.wiktionary.org/wiki/nuchter#Dutch. Example: Elsofie (Dutch, https://tatoeba.org/en/sentences/show/8337769) and CK (English, https://tatoeba.org/en/sentences/show/290173); CC BY 2.0 FR.",B2;production,,,,,,,,nuchtere,nuchterder,nuchterst,false
objectief,"objective, impartial",B2,adjective,Precise descriptions,"Objectief gezien, was zijn argument helemaal niet redelijk.","From an objective viewpoint, his argument was far from rational.","Definition adapted from Wiktionary contributors, CC BY-SA 4.0: https://en.wiktionary.org/wiki/objectief#Dutch. Example: martinod (Dutch, https://tatoeba.org/en/sentences/show/2426142) and CK (English, https://tatoeba.org/en/sentences/show/19900); CC BY 2.0 FR.",B2;production,,,,,,,,objectieve,objectiever,objectiefst,false
onaanvaardbaar,"unacceptable, unallowable, impermissible",B2,adjective,Precise descriptions,"Het spijt me, maar uw excuses zijn onaanvaardbaar.",I'm sorry but your excuses are unacceptable.,"Definition adapted from Wiktionary contributors, CC BY-SA 4.0: https://en.wiktionary.org/wiki/onaanvaardbaar#Dutch. Example: carlosalberto (Dutch, https://tatoeba.org/en/sentences/show/12176461) and carlosalberto (English, https://tatoeba.org/en/sentences/show/12174749); CC BY 2.0 FR.",B2;production,,,,,,,,onaanvaardbare,onaanvaardbaarder,onaanvaardbaarst,false
onacceptabel,unacceptable,B2,adjective,Precise descriptions,Dat is compleet onacceptabel!,That is wholly unacceptable!,"Definition adapted from Wiktionary contributors, CC BY-SA 4.0: https://en.wiktionary.org/wiki/onacceptabel#Dutch. Example: meshbags (Dutch, https://tatoeba.org/en/sentences/show/8228806) and megamanenm (English, https://tatoeba.org/en/sentences/show/10731989); CC BY 2.0 FR.",B2;production,,,,,,,,onacceptabele,onacceptabeler,onacceptabelst,false
ondenkbaar,unthinkable,B2,adjective,Precise descriptions,Tom heeft het ondenkbare gedaan.,Tom did the unthinkable.,"Definition adapted from Wiktionary contributors, CC BY-SA 4.0: https://en.wiktionary.org/wiki/ondenkbaar#Dutch. Example: Micsmithel (Dutch, https://tatoeba.org/en/sentences/show/7703706) and Spamster (English, https://tatoeba.org/en/sentences/show/1522535); CC BY 2.0 FR.",B2;production,,,,,,,,ondenkbare,ondenkbaarder,ondenkbaarst,false
onderdrukt,oppressed,B2,adjective,Precise descriptions,De koning onderdrukte zijn volk.,The king oppressed his people.,"Definition adapted from Wiktionary contributors, CC BY-SA 4.0: https://en.wiktionary.org/wiki/onderdrukt#Dutch. Example: MarijnKp (Dutch, https://tatoeba.org/en/sentences/show/12998059) and mookeee (English, https://tatoeba.org/en/sentences/show/1151889); CC BY 2.0 FR.",B2;production,,,,,,,,onderdrukte,onderdrukter,onderdruktst,false
ondergronds,underground,B2,adjective,Precise descriptions,In de Nederlandse folklore zijn kabouters kleine mensen die ondergronds leven.,"In Dutch folklore, kabouters are tiny people who live underground.","Definition adapted from Wiktionary contributors, CC BY-SA 4.0: https://en.wiktionary.org/wiki/ondergronds#Dutch. Example: MarijnKp (Dutch, https://tatoeba.org/en/sentences/show/7906565) and Hybrid (English, https://tatoeba.org/en/sentences/show/5375829); CC BY 2.0 FR.",B2;production,,,,,,,,ondergrondse,,,false
onderstaand,written/shown/mentioned below,B2,adjective,Precise descriptions,Klik op onderstaande link.,Click the link below.,"Definition adapted from Wiktionary contributors, CC BY-SA 4.0: https://en.wiktionary.org/wiki/onderstaand#Dutch. Example: cvanbeveren (Dutch, https://tatoeba.org/en/sentences/show/13850018) and Adelpa (English, https://tatoeba.org/en/sentences/show/13849714); CC BY 2.0 FR.",B2;production,,,,,,,,onderstaande,,,false
ondeugend,"mischievous, naughty",B2,adjective,Precise descriptions,Het kind was de hele dag ondeugend.,The child has been naughty the whole day.,"Definition adapted from Wiktionary contributors, CC BY-SA 4.0: https://en.wiktionary.org/wiki/ondeugend#Dutch. Example: PaulP (Dutch, https://tatoeba.org/en/sentences/show/13316367) and Ergulis (English, https://tatoeba.org/en/sentences/show/9707878); CC BY 2.0 FR.",B2;production,,,,,,,,ondeugende,ondeugender,ondeugendst,false
oneindig,"infinite, boundless, endless, unlimited",B2,adjective,Precise descriptions,Er is geen twijfel aan dat het heelal oneindig is.,There's no doubt that the universe is infinite.,"Definition adapted from Wiktionary contributors, CC BY-SA 4.0: https://en.wiktionary.org/wiki/oneindig#Dutch. Example: Dorenda (Dutch, https://tatoeba.org/en/sentences/show/382077) and Liface (English, https://tatoeba.org/en/sentences/show/413823); CC BY 2.0 FR.",B2;production,,,,,,,,oneindige,oneindiger,oneindigst,false
onervaren,"inexperienced, green",B2,adjective,Precise descriptions,Een kronkelige kustlijn maakt het voor onervaren zeelui moeilijk om te navigeren.,A sinuous coastline makes navigation difficult for inexperienced sailors.,"Definition adapted from Wiktionary contributors, CC BY-SA 4.0: https://en.wiktionary.org/wiki/onervaren#Dutch. Example: doemaar14 (Dutch, https://tatoeba.org/en/sentences/show/13613468) and rul (English, https://tatoeba.org/en/sentences/show/13611267); CC BY 2.0 FR.",B2;production,,,,,,,,onervaren,onervarener,onervarenst,false
ongebruikelijk,unusual,B2,adjective,Precise descriptions,Het is ongebruikelijk om rocksterren met een stropdas te zien!,It is unusual to see rock stars wearing a tie!,"Definition adapted from Wiktionary contributors, CC BY-SA 4.0: https://en.wiktionary.org/wiki/ongebruikelijk#Dutch. Example: Dorenda (Dutch, https://tatoeba.org/en/sentences/show/402393) and Dejo (English, https://tatoeba.org/en/sentences/show/29355); CC BY 2.0 FR.",B2;production,,,,,,,,ongebruikelijke,ongebruikelijker,ongebruikelijkst,false
ongedaan,undone,B2,adjective,Precise descriptions,Het gedane kan niet ongedaan worden gemaakt.,What's done can't be undone.,"Definition adapted from Wiktionary contributors, CC BY-SA 4.0: https://en.wiktionary.org/wiki/ongedaan#Dutch. Example: mraz (Dutch, https://tatoeba.org/en/sentences/show/14032364) and marcelostockle (English, https://tatoeba.org/en/sentences/show/1808280); CC BY 2.0 FR.",B2;production,,,,,,,,ongedane,,,false
ongedeerd,"unharmed, unhurt, unscathed",B2,adjective,Precise descriptions,Ik heb geluk gehad dat ik ongedeerd kon ontsnappen.,I was lucky enough to escape unhurt.,"Definition adapted from Wiktionary contributors, CC BY-SA 4.0: https://en.wiktionary.org/wiki/ongedeerd#Dutch. Example: megamanenm (Dutch, https://tatoeba.org/en/sentences/show/10733549) and CK (English, https://tatoeba.org/en/sentences/show/253855); CC BY 2.0 FR.",B2;production,,,,,,,,ongedeerde,,,false
ongeloofwaardig,"unbelievable, not credible",B2,adjective,Precise descriptions,Hij vertelde mij een heel ongeloofwaardig verhaal.,He told me a completely unbelievable story.,"Definition adapted from Wiktionary contributors, CC BY-SA 4.0: https://en.wiktionary.org/wiki/ongeloofwaardig#Dutch. Example: Will (Dutch, https://tatoeba.org/en/sentences/show/4481692) and Hybrid (English, https://tatoeba.org/en/sentences/show/2811488); CC BY 2.0 FR.",B2;production,,,,,,,,ongeloofwaardige,ongeloofwaardiger,ongeloofwaardigst,false
ongepast,inappropriate,B2,adjective,Precise descriptions,Het gedrag van de prins leek hem ongepast.,The prince's behavior struck him as inappropriate.,"Definition adapted from Wiktionary contributors, CC BY-SA 4.0: https://en.wiktionary.org/wiki/ongepast#Dutch. Example: martinod (Dutch, https://tatoeba.org/en/sentences/show/1829366) and megamanenm (English, https://tatoeba.org/en/sentences/show/11518650); CC BY 2.0 FR.",B2;production,,,,,,,,ongepaste,ongepaster,meest ongepast,false
ongerust,worried,B2,adjective,Precise descriptions,Tom werd ongerust nadat hij Mary's brief had gelezen.,Tom became worried after he read Mary's letter.,"Definition adapted from Wiktionary contributors, CC BY-SA 4.0: https://en.wiktionary.org/wiki/ongerust#Dutch. Example: MarijnKp (Dutch, https://tatoeba.org/en/sentences/show/9423970) and CK (English, https://tatoeba.org/en/sentences/show/9241158); CC BY 2.0 FR.",B2;production,,,,,,,,ongeruste,ongeruster,meest ongerust,false
onlogisch,illogical,B2,adjective,Precise descriptions,Het leven is meestal onlogisch.,Life is most often illogical.,"Definition adapted from Wiktionary contributors, CC BY-SA 4.0: https://en.wiktionary.org/wiki/onlogisch#Dutch. Example: marcelostockle (Dutch, https://tatoeba.org/en/sentences/show/2979658) and marcelostockle (English, https://tatoeba.org/en/sentences/show/2979659); CC BY 2.0 FR.",B2;production,,,,,,,,onlogische,onlogischer,meest onlogisch,false
onmenselijk,inhuman,B2,adjective,Precise descriptions,"Hun gezichten leken onmenselijk, bedekt met scharlaken en zwarte verf.","Their faces looked inhuman, covered with scarlet and black paint.","Definition adapted from Wiktionary contributors, CC BY-SA 4.0: https://en.wiktionary.org/wiki/onmenselijk#Dutch. Example: otterbaskets (Dutch, https://tatoeba.org/en/sentences/show/3600626) and vvv123 (English, https://tatoeba.org/en/sentences/show/3581880); CC BY 2.0 FR.",B2;production,,,,,,,,onmenselijke,onmenselijker,onmenselijkst,false
onmisbaar,indispensable,B2,adjective,Precise descriptions,Zout is een onmisbaar ingrediënt om te koken.,Salt is an indispensable ingredient for cooking.,"Definition adapted from Wiktionary contributors, CC BY-SA 4.0: https://en.wiktionary.org/wiki/onmisbaar#Dutch. Example: martinod (Dutch, https://tatoeba.org/en/sentences/show/1372691) and autuno (English, https://tatoeba.org/en/sentences/show/705499); CC BY 2.0 FR.",B2;production,,,,,,,,onmisbare,onmisbaarder,onmisbaarst,false
onredelijk,"unreasonable, groundless",B2,adjective,Precise descriptions,Ik vind dat dit een onredelijke vraag is.,I think that's an unreasonable demand.,"Definition adapted from Wiktionary contributors, CC BY-SA 4.0: https://en.wiktionary.org/wiki/onredelijk#Dutch. Example: Mandalay (Dutch, https://tatoeba.org/en/sentences/show/6097952) and CK (English, https://tatoeba.org/en/sentences/show/4497169); CC BY 2.0 FR.",B2;production,,,,,,,,onredelijke,onredelijker,onredelijkst,false
ontroerend,"moving, touching, stirring emotion/sympathy",B2,adjective,Precise descriptions,Dit verslag is ontroerend.,This report is touching.,"Definition adapted from Wiktionary contributors, CC BY-SA 4.0: https://en.wiktionary.org/wiki/ontroerend#Dutch. Example: Micsmithel (Dutch, https://tatoeba.org/en/sentences/show/9042710) and urro (English, https://tatoeba.org/en/sentences/show/12581589); CC BY 2.0 FR.",B2;production,,,,,,,,ontroerende,ontroerender,ontroerendst,false
onvermijdelijk,inevitable,B2,adjective,Precise descriptions,"Tegenwoordig dreigen gevaarlijke krachten de wereld achteruit te trekken, en onze vooruitgang is niet onvermijdelijk.","Today, dangerous forces do threaten to pull the world backward, and our progress is not inevitable.","Definition adapted from Wiktionary contributors, CC BY-SA 4.0: https://en.wiktionary.org/wiki/onvermijdelijk#Dutch. Example: MarijnKp (Dutch, https://tatoeba.org/en/sentences/show/10738480) and Hybrid (English, https://tatoeba.org/en/sentences/show/6712682); CC BY 2.0 FR.",B2;production,,,,,,,,onvermijdelijke,onvermijdelijker,onvermijdelijkst,false
onvoorwaardelijk,unconditional,B2,adjective,Precise descriptions,De atleet had een onvoorwaardelijke toewijding aan zijn sport.,The athlete had an unconditional dedication to his sport.,"Definition adapted from Wiktionary contributors, CC BY-SA 4.0: https://en.wiktionary.org/wiki/onvoorwaardelijk#Dutch. Example from the same Wiktionary entry (CC BY-SA 4.0).",B2;production,,,,,,,,onvoorwaardelijke,onvoorwaardelijker,onvoorwaardelijkst,false
onwaarschijnlijk,"improbable, unlikely, implausible",B2,adjective,Precise descriptions,Het is zeer onwaarschijnlijk dat Tom dit rapport heeft geschreven.,It's very unlikely that Tom wrote this report.,"Definition adapted from Wiktionary contributors, CC BY-SA 4.0: https://en.wiktionary.org/wiki/onwaarschijnlijk#Dutch. Example: doemaar14 (Dutch, https://tatoeba.org/en/sentences/show/4654801) and CK (English, https://tatoeba.org/en/sentences/show/1027375); CC BY 2.0 FR.",B2;production,,,,,,,,onwaarschijnlijke,onwaarschijnlijker,onwaarschijnlijkst,false
openhartig,"frank, unreserved, honest",B2,adjective,Precise descriptions,Tom is nogal openhartig.,Tom is quite frank.,"Definition adapted from Wiktionary contributors, CC BY-SA 4.0: https://en.wiktionary.org/wiki/openhartig#Dutch. Example: Micsmithel (Dutch, https://tatoeba.org/en/sentences/show/7958398) and CK (English, https://tatoeba.org/en/sentences/show/3428443); CC BY 2.0 FR.",B2;production,,,,,,,,openhartige,openhartiger,openhartigst,false
oppervlakkig,"shallow, superficial",B2,adjective,Precise descriptions,Ik ben tot in de kern een oppervlakkige persoon.,I am a deeply superficial person.,"Definition adapted from Wiktionary contributors, CC BY-SA 4.0: https://en.wiktionary.org/wiki/oppervlakkig#Dutch. Example: martinod (Dutch, https://tatoeba.org/en/sentences/show/4826438) and fekundulo (English, https://tatoeba.org/en/sentences/show/2151704); CC BY 2.0 FR.",B2;production,,,,,,,,oppervlakkige,oppervlakkiger,oppervlakkigst,false
organisch,organic,B2,adjective,Precise descriptions,Er is niets organisch aan Tom.,There is nothing organic about Tom.,"Definition adapted from Wiktionary contributors, CC BY-SA 4.0: https://en.wiktionary.org/wiki/organisch#Dutch. Example: Micsmithel (Dutch, https://tatoeba.org/en/sentences/show/6940253) and Eccles17 (English, https://tatoeba.org/en/sentences/show/6929318); CC BY 2.0 FR.",B2;production,,,,,,,,organische,organischer,meest organisch,false
overbodig,"superfluous, redundant",B2,adjective,Precise descriptions,Dat is een overbodige vraag.,That's a redundant question.,"Definition adapted from Wiktionary contributors, CC BY-SA 4.0: https://en.wiktionary.org/wiki/overbodig#Dutch. Example: raggione (Dutch, https://tatoeba.org/en/sentences/show/6843186) and megamanenm (English, https://tatoeba.org/en/sentences/show/10731866); CC BY 2.0 FR.",B2;production,,,,,,,,overbodige,overbodiger,overbodigst,false
overduidelijk,obvious,B2,adjective,Precise descriptions,Het was overduidelijk dat die twee vrouwen elkaar goed kenden.,It was obvious that those two women knew each other well.,"Definition adapted from Wiktionary contributors, CC BY-SA 4.0: https://en.wiktionary.org/wiki/overduidelijk#Dutch. Example: obsessed_polyglot (Dutch, https://tatoeba.org/en/sentences/show/9002343) and metcaslix (English, https://tatoeba.org/en/sentences/show/7768161); CC BY 2.0 FR.",B2;production,,,,,,,,overduidelijke,overduidelijker,overduidelijkst,false
overmatig,excessive,B2,adjective,Precise descriptions,De bloedvaten van een giraf hebben kleppen die overmatige bloedtoevoer naar de hersenen voorkomen.,The blood vessels of a giraffe have valves that prevent excessive blood flow to the brain.,"Definition adapted from Wiktionary contributors, CC BY-SA 4.0: https://en.wiktionary.org/wiki/overmatig#Dutch. Example: MarijnKp (Dutch, https://tatoeba.org/en/sentences/show/9554664) and Amastan (English, https://tatoeba.org/en/sentences/show/8557002); CC BY 2.0 FR.",B2;production,,,,,,,,overmatige,overmatiger,overmatigst,false
parttime,part-time,B2,adjective,Precise descriptions,Mijn zus werkt parttime in een kledingzaak in het centrum.,My sister works part-time at a clothing store downtown.,"Definition adapted from Wiktionary contributors, CC BY-SA 4.0: https://en.wiktionary.org/wiki/parttime#Dutch. Example: megamanenm (Dutch, https://tatoeba.org/en/sentences/show/10817986) and megamanenm (English, https://tatoeba.org/en/sentences/show/10817985); CC BY 2.0 FR.",B2;production,,,,,,,,parttime,,,false
periodiek,periodic,B2,adjective,Precise descriptions,Chloor is een van de elementen in het periodiek systeem.,Chlorine is one of the elements in the periodic table.,"Definition adapted from Wiktionary contributors, CC BY-SA 4.0: https://en.wiktionary.org/wiki/periodiek#Dutch. Example: MarijnKp (Dutch, https://tatoeba.org/en/sentences/show/8364081) and carlosalberto (English, https://tatoeba.org/en/sentences/show/3204691); CC BY 2.0 FR.",B2;production,,,,,,,,periodieke,,,false
primitief,primitive,B2,adjective,Precise descriptions,De reuk is waarschijnlijk het meest primitieve van onze zintuigen.,Smell is probably the most primitive of our senses.,"Definition adapted from Wiktionary contributors, CC BY-SA 4.0: https://en.wiktionary.org/wiki/primitief#Dutch. Example: simonbr (Dutch, https://tatoeba.org/en/sentences/show/8538667) and rul (English, https://tatoeba.org/en/sentences/show/12712862); CC BY 2.0 FR.",B2;production,,,,,,,,primitieve,primitiever,primitiefst,false
productief,productive,B2,adjective,Precise descriptions,Vandaag ga ik productief zijn.,Today I am going to be productive.,"Definition adapted from Wiktionary contributors, CC BY-SA 4.0: https://en.wiktionary.org/wiki/productief#Dutch. Example: nilfisq (Dutch, https://tatoeba.org/en/sentences/show/2274395) and CC (English, https://tatoeba.org/en/sentences/show/1512134); CC BY 2.0 FR.",B2;production,,,,,,,,productieve,productiever,productiefst,false
progressief,"progressive, pertaining to or favouring left-leaning, emancipatory or innovative politics, pertaining to or supporting progressivism",B2,adjective,Precise descriptions,Zijn beleid was te progressief.,His policies were too progressive.,"Definition adapted from Wiktionary contributors, CC BY-SA 4.0: https://en.wiktionary.org/wiki/progressief#Dutch. Example: doemaar14 (Dutch, https://tatoeba.org/en/sentences/show/13620108) and Source_VOA (English, https://tatoeba.org/en/sentences/show/807183); CC BY 2.0 FR.",B2;production,,,,,,,,progressieve,progressiever,progressiefst,false
prominent,prominent,B2,adjective,Precise descriptions,De prominente psycholoog lijkt qua uiterlijk op mijn oom.,The prominent psychologist resembles my uncle in appearance.,"Definition adapted from Wiktionary contributors, CC BY-SA 4.0: https://en.wiktionary.org/wiki/prominent#Dutch. Example: megamanenm (Dutch, https://tatoeba.org/en/sentences/show/10815354) and CM (English, https://tatoeba.org/en/sentences/show/45090); CC BY 2.0 FR.",B2;production,,,,,,,,prominente,prominenter,prominentst,false
psychiatrisch,psychiatric,B2,adjective,Precise descriptions,Ben je ooit opgenomen geweest in een psychiatrisch ziekenhuis?,Have you ever been hospitalized in a psychiatric hospital?,"Definition adapted from Wiktionary contributors, CC BY-SA 4.0: https://en.wiktionary.org/wiki/psychiatrisch#Dutch. Example: Micsmithel (Dutch, https://tatoeba.org/en/sentences/show/9969108) and NurseMeeks (English, https://tatoeba.org/en/sentences/show/9849520); CC BY 2.0 FR.",B2;production,,,,,,,,psychiatrische,,,false
psychologisch,psychological,B2,adjective,Precise descriptions,Dan weet heel goed hoe je met psychologische oorlogvoering omgaat.,Dan knows very well how to deal with psychological warfare.,"Definition adapted from Wiktionary contributors, CC BY-SA 4.0: https://en.wiktionary.org/wiki/psychologisch#Dutch. Example: doemaar14 (Dutch, https://tatoeba.org/en/sentences/show/10693877) and Amastan (English, https://tatoeba.org/en/sentences/show/4008813); CC BY 2.0 FR.",B2;production,,,,,,,,psychologische,,,false
racistisch,racist,B2,adjective,Precise descriptions,Dit racistische en kolonialistische systeem moet absoluut ophouden.,This racist and colonialist system absolutely has to stop.,"Definition adapted from Wiktionary contributors, CC BY-SA 4.0: https://en.wiktionary.org/wiki/racistisch#Dutch. Example: LinguisticFusion (Dutch, https://tatoeba.org/en/sentences/show/5030017) and Nylez (English, https://tatoeba.org/en/sentences/show/8962177); CC BY 2.0 FR.",B2;production,,,,,,,,racistische,racistischer,meest racistisch,false
radicaal,"radical, fundamental, thorough-going",B2,adjective,Precise descriptions,Tom werd gedwongen een radicale beslissing te maken.,Tom was forced to make a radical decision.,"Definition adapted from Wiktionary contributors, CC BY-SA 4.0: https://en.wiktionary.org/wiki/radicaal#Dutch. Example: Citrine (Dutch, https://tatoeba.org/en/sentences/show/1478061) and Spamster (English, https://tatoeba.org/en/sentences/show/1476639); CC BY 2.0 FR.",B2;production,,,,,,,,radicale,radicaler,radicaalst,false
rampzalig,disastrous,B2,adjective,Precise descriptions,Dit zou rampzalig kunnen zijn.,This could be disastrous.,"Definition adapted from Wiktionary contributors, CC BY-SA 4.0: https://en.wiktionary.org/wiki/rampzalig#Dutch. Example: megamanenm (Dutch, https://tatoeba.org/en/sentences/show/9705305) and megamanenm (English, https://tatoeba.org/en/sentences/show/9705306); CC BY 2.0 FR.",B2;production,,,,,,,,rampzalige,rampzaliger,rampzaligst,false
rationeel,"rational, reasonable",B2,adjective,Precise descriptions,Niet alles dat je in Lojban zegt moet rationeel zijn.,Not everything that you say in Lojban should be rational.,"Definition adapted from Wiktionary contributors, CC BY-SA 4.0: https://en.wiktionary.org/wiki/rationeel#Dutch. Example: megamanenm (Dutch, https://tatoeba.org/en/sentences/show/9168587) and gleki (English, https://tatoeba.org/en/sentences/show/2591444); CC BY 2.0 FR.",B2;production,,,,,,,,rationele,rationeler,rationeelst,false
realistisch,realistic,B2,adjective,Precise descriptions,Het wassen beeld is zeer realistisch.,This wax sculpture is very realistic.,"Definition adapted from Wiktionary contributors, CC BY-SA 4.0: https://en.wiktionary.org/wiki/realistisch#Dutch. Example: Tom9358 (Dutch, https://tatoeba.org/en/sentences/show/14016216) and Hybrid (English, https://tatoeba.org/en/sentences/show/5318386); CC BY 2.0 FR.",B2;production,,,,,,,,realistische,realistischer,meest realistisch,false
rechtvaardig,"fair, just",B2,adjective,Precise descriptions,Onze gouverneur is streng maar rechtvaardig.,Our governor is tough but fair.,"Definition adapted from Wiktionary contributors, CC BY-SA 4.0: https://en.wiktionary.org/wiki/rechtvaardig#Dutch. Example: PaulP (Dutch, https://tatoeba.org/en/sentences/show/5317329) and megamanenm (English, https://tatoeba.org/en/sentences/show/11516551); CC BY 2.0 FR.",B2;production,,,,,,,,rechtvaardige,rechtvaardiger,rechtvaardigst,false
relevant,relevant,B2,adjective,Precise descriptions,Hè? Hoe is dat relevant?,Huh? How is that relevant?,"Definition adapted from Wiktionary contributors, CC BY-SA 4.0: https://en.wiktionary.org/wiki/relevant#Dutch. Example: GewoonLeonYT (Dutch, https://tatoeba.org/en/sentences/show/11551445) and gleki (English, https://tatoeba.org/en/sentences/show/2093484); CC BY 2.0 FR.",B2;production,,,,,,,,relevante,relevanter,relevantst,false
religieus,religious,B2,adjective,Precise descriptions,Tom is niet religieus en hij gelooft ook niet in God.,"Tom is not religious, nor does he believe in God.","Definition adapted from Wiktionary contributors, CC BY-SA 4.0: https://en.wiktionary.org/wiki/religieus#Dutch. Example: PaulP (Dutch, https://tatoeba.org/en/sentences/show/5353368) and Objectivesea (English, https://tatoeba.org/en/sentences/show/5353192); CC BY 2.0 FR.",B2;production,,,,,,,,religieuze,religieuzer,meest religieus,false
respectvol,"respectful, showing respect",B2,adjective,Precise descriptions,Hij verwoordde zijn eis respectvol.,He couched his demand in respectful words.,"Definition adapted from Wiktionary contributors, CC BY-SA 4.0: https://en.wiktionary.org/wiki/respectvol#Dutch. Example: megamanenm (Dutch, https://tatoeba.org/en/sentences/show/10733100) and aydink (English, https://tatoeba.org/en/sentences/show/2077222); CC BY 2.0 FR.",B2;production,,,,,,,,respectvolle,respectvoller,respectvolst,false
revolutionair,revolutionary,B2,adjective,Precise descriptions,"Jullie moeten de glorieuze, revolutionaire traditie voortzetten.","You should set forth the glorious, revolutionary tradition.","Definition adapted from Wiktionary contributors, CC BY-SA 4.0: https://en.wiktionary.org/wiki/revolutionair#Dutch. Example: Mandalay (Dutch, https://tatoeba.org/en/sentences/show/6060176) and SunnyMoon (English, https://tatoeba.org/en/sentences/show/11164891); CC BY 2.0 FR.",B2;production,,,,,,,,revolutionaire,revolutionairder,revolutionairst,false
reëel,"real, actual",B2,adjective,Precise descriptions,Islamofobie is heel reëel in Nederland.,"In the Netherlands, Islamophobia is very real.","Definition adapted from Wiktionary contributors, CC BY-SA 4.0: https://en.wiktionary.org/wiki/re%C3%ABel#Dutch. Example: MarijnKp (Dutch, https://tatoeba.org/en/sentences/show/8385476) and Amastan (English, https://tatoeba.org/en/sentences/show/8256783); CC BY 2.0 FR.",B2;production,,,,,,,,reële,reëler,reëelst,false
riskant,"risky, daring",B2,adjective,Precise descriptions,Laat gaan! Het is te riskant.,Forget it. It's too risky.,"Definition adapted from Wiktionary contributors, CC BY-SA 4.0: https://en.wiktionary.org/wiki/riskant#Dutch. Example: LinguisticFusion (Dutch, https://tatoeba.org/en/sentences/show/9242017) and Hybrid (English, https://tatoeba.org/en/sentences/show/3616325); CC BY 2.0 FR.",B2;production,,,,,,,,riskante,riskanter,riskantst,false
ritueel,ritual,B2,adjective,Precise descriptions,De stamleden brengen rituele offers om goede oogsten zeker te stellen.,The tribesmen make ritual sacrifices to ensure good harvests.,"Definition adapted from Wiktionary contributors, CC BY-SA 4.0: https://en.wiktionary.org/wiki/ritueel#Dutch. Example: Nylez (Dutch, https://tatoeba.org/en/sentences/show/9394872) and SunnyMoon (English, https://tatoeba.org/en/sentences/show/11184816); CC BY 2.0 FR.",B2;production,,,,,,,,rituele,,,false
rubberen,made of rubber,B2,adjective,Precise descriptions,Tom en Mary deden hun rubberen handschoenen aan.,Tom and Mary put on their rubber gloves.,"Definition adapted from Wiktionary contributors, CC BY-SA 4.0: https://en.wiktionary.org/wiki/rubberen#Dutch. Example: Elsofie (Dutch, https://tatoeba.org/en/sentences/show/8504725) and CT (English, https://tatoeba.org/en/sentences/show/7472348); CC BY 2.0 FR.",B2;production,,,,,,,,rubberen,,,false
ruig,"rough, rugged, bristly",B2,adjective,Precise descriptions,Het boksen is niet altijd een ruige sport.,Boxing is not always a rough sport.,"Definition adapted from Wiktionary contributors, CC BY-SA 4.0: https://en.wiktionary.org/wiki/ruig#Dutch. Example: megamanenm (Dutch, https://tatoeba.org/en/sentences/show/4438130) and AlanF_US (English, https://tatoeba.org/en/sentences/show/33584); CC BY 2.0 FR.",B2;production,,,,,,,,ruige,ruiger,ruigst,false
samengesteld,compound,B2,adjective,Precise descriptions,Een samengesteld woord is een woord dat gemaakt wordt door samenvoeging van enkelvoudige woorden.,A compound word is a word that is made by the combination of single words.,"Definition adapted from Wiktionary contributors, CC BY-SA 4.0: https://en.wiktionary.org/wiki/samengesteld#Dutch. Example: GrizaLeono (Dutch, https://tatoeba.org/en/sentences/show/1631792) and SunnyMoon (English, https://tatoeba.org/en/sentences/show/11169784); CC BY 2.0 FR.",B2;production,,,,,,,,samengestelde,,,false
sarcastisch,sarcastic,B2,adjective,Precise descriptions,"Geloof me of niet, maar ik ben deze keer niet sarcastisch.","Believe it or not, I'm not sarcastic this time.","Definition adapted from Wiktionary contributors, CC BY-SA 4.0: https://en.wiktionary.org/wiki/sarcastisch#Dutch. Example: Citrine (Dutch, https://tatoeba.org/en/sentences/show/3037088) and CM (English, https://tatoeba.org/en/sentences/show/3019189); CC BY 2.0 FR.",B2;production,,,,,,,,sarcastische,sarcastischer,meest sarcastisch,false
sceptisch,"skeptical, sceptical",B2,adjective,Precise descriptions,Ik vermoed dat Tom en Mary sceptisch zijn.,I suspect Tom and Mary are skeptical.,"Definition adapted from Wiktionary contributors, CC BY-SA 4.0: https://en.wiktionary.org/wiki/sceptisch#Dutch. Example: megamanenm (Dutch, https://tatoeba.org/en/sentences/show/10810898) and CK (English, https://tatoeba.org/en/sentences/show/6675999); CC BY 2.0 FR.",B2;production,,,,,,,,sceptische,sceptischer,meest sceptisch,false
schaamteloos,"shameless, impudent",B2,adjective,Precise descriptions,Wat een schaamteloze leugenaarster!,What a shameless liar!,"Definition adapted from Wiktionary contributors, CC BY-SA 4.0: https://en.wiktionary.org/wiki/schaamteloos#Dutch. Example: Micsmithel (Dutch, https://tatoeba.org/en/sentences/show/11343938) and rul (English, https://tatoeba.org/en/sentences/show/12847932); CC BY 2.0 FR.",B2;production,,,,,,,,schaamteloze,schaamtelozer,meest schaamteloos,false
schaars,scarce,B2,adjective,Precise descriptions,Kwaliteitsfruit is schaars in de winter en het kost veel.,Good quality fruit is scarce in the winter and it costs a lot.,"Definition adapted from Wiktionary contributors, CC BY-SA 4.0: https://en.wiktionary.org/wiki/schaars#Dutch. Example: Citrine (Dutch, https://tatoeba.org/en/sentences/show/1479773) and CM (English, https://tatoeba.org/en/sentences/show/1424463); CC BY 2.0 FR.",B2;production,,,,,,,,schaarse,schaarser,meest schaars,false
schandalig,outrageous,B2,adjective,Precise descriptions,Zij kan zonder blikken of blozen de meest schandalige leugen vertellen.,She can tell the most outrageous lie without batting an eye.,"Definition adapted from Wiktionary contributors, CC BY-SA 4.0: https://en.wiktionary.org/wiki/schandalig#Dutch. Example: Globetrotter (Dutch, https://tatoeba.org/en/sentences/show/2284647) and darinmex (English, https://tatoeba.org/en/sentences/show/1115621); CC BY 2.0 FR.",B2;production,,,,,,,,schandalige,schandaliger,schandaligst,false
scheef,"crooked, not level or straight",B2,adjective,Precise descriptions,Ik heb scheve tanden.,I have crooked teeth.,"Definition adapted from Wiktionary contributors, CC BY-SA 4.0: https://en.wiktionary.org/wiki/scheef#Dutch. Example: doemaar14 (Dutch, https://tatoeba.org/en/sentences/show/6138529) and CM (English, https://tatoeba.org/en/sentences/show/263635); CC BY 2.0 FR.",B2;production,,,,,,,,scheve,schever,scheefst,false
secundair,secondary,B2,adjective,Precise descriptions,Dit is een secundair criterium.,This is a secondary criterion.,"Definition adapted from Wiktionary contributors, CC BY-SA 4.0: https://en.wiktionary.org/wiki/secundair#Dutch. Example: Micsmithel (Dutch, https://tatoeba.org/en/sentences/show/9844370) and SunnyMoon (English, https://tatoeba.org/en/sentences/show/11140335); CC BY 2.0 FR.",B2;production,,,,,,,,secundaire,,,false
seksueel,"sexual, of or relating to sexuality in the wide sense",B2,adjective,Precise descriptions,Ik heb mijn seksuele geaardheid nooit aan de grote klok gehangen.,I have never made my sexual orientation public.,"Definition adapted from Wiktionary contributors, CC BY-SA 4.0: https://en.wiktionary.org/wiki/seksueel#Dutch. Example: PaulP (Dutch, https://tatoeba.org/en/sentences/show/12473958) and tatoebashrek (English, https://tatoeba.org/en/sentences/show/12502331); CC BY 2.0 FR.",B2;production,,,,,,,,seksuele,seksueler,seksueelst,false
slordig,"sloppy, careless",B2,adjective,Precise descriptions,Ik vraag me af waarom ze zo'n slordige fout heeft begaan.,I wonder why she made such a careless mistake.,"Definition adapted from Wiktionary contributors, CC BY-SA 4.0: https://en.wiktionary.org/wiki/slordig#Dutch. Example: megamanenm (Dutch, https://tatoeba.org/en/sentences/show/11018601) and megamanenm (English, https://tatoeba.org/en/sentences/show/11018600); CC BY 2.0 FR.",B2;production,,,,,,,,slordige,slordiger,slordigst,false
soortgelijk,similar,B2,adjective,Precise descriptions,Hebben jullie een soortgelijke uitdrukking in het Frans?,Do you have any similar expressions in French?,"Definition adapted from Wiktionary contributors, CC BY-SA 4.0: https://en.wiktionary.org/wiki/soortgelijk#Dutch. Example: Nylez (Dutch, https://tatoeba.org/en/sentences/show/10054407) and CK (English, https://tatoeba.org/en/sentences/show/2451197); CC BY 2.0 FR.",B2;production,,,,,,,,soortgelijke,soortgelijker,soortgelijkst,false
spectaculair,spectacular,B2,adjective,Precise descriptions,Messi maakte een spectaculair doelpunt.,Messi scored a spectacular goal.,"Definition adapted from Wiktionary contributors, CC BY-SA 4.0: https://en.wiktionary.org/wiki/spectaculair#Dutch. Example: Elsofie (Dutch, https://tatoeba.org/en/sentences/show/8372073) and nickyeow (English, https://tatoeba.org/en/sentences/show/6843055); CC BY 2.0 FR.",B2;production,,,,,,,,spectaculaire,spectaculairder,spectaculairst,false
spijtig,regrettable,B2,adjective,Precise descriptions,Ik denk dat dat heel spijtig is.,I think that's very regrettable.,"Definition adapted from Wiktionary contributors, CC BY-SA 4.0: https://en.wiktionary.org/wiki/spijtig#Dutch. Example: Elsofie (Dutch, https://tatoeba.org/en/sentences/show/8075388) and CK (English, https://tatoeba.org/en/sentences/show/3821219); CC BY 2.0 FR.",B2;production,,,,,,,,spijtige,spijtiger,spijtigst,false
spiritueel,spiritual,B2,adjective,Precise descriptions,Ik kende ooit een kerel die beweerde dat hij een spirituele band had met hermelijnen. De mafketel.,I once knew a guy who claimed to feel a spiritual bond with stoats. Weirdo.,"Definition adapted from Wiktionary contributors, CC BY-SA 4.0: https://en.wiktionary.org/wiki/spiritueel#Dutch. Example: Raizin (Dutch, https://tatoeba.org/en/sentences/show/4459707) and Ooneykcall (English, https://tatoeba.org/en/sentences/show/4458792); CC BY 2.0 FR.",B2;production,,,,,,,,spirituele,spiritueler,spiritueelst,false
statistisch,statistical,B2,adjective,Precise descriptions,Vanuit een statistisch oogpunt is een vliegtuigvlucht veiliger dan een trip met de auto.,"From a statistical point of view, a plane flight is much safer than a car trip.","Definition adapted from Wiktionary contributors, CC BY-SA 4.0: https://en.wiktionary.org/wiki/statistisch#Dutch. Example: Mandalay (Dutch, https://tatoeba.org/en/sentences/show/6097986) and AlanF_US (English, https://tatoeba.org/en/sentences/show/2890526); CC BY 2.0 FR.",B2;production,,,,,,,,statistische,,,false
steil,steep,B2,adjective,Precise descriptions,De weg was zo steil dat we onze fietsen moesten duwen.,The street was so steep that we had to push our bikes up it.,"Definition adapted from Wiktionary contributors, CC BY-SA 4.0: https://en.wiktionary.org/wiki/steil#Dutch. Example: raggione (Dutch, https://tatoeba.org/en/sentences/show/3248879) and sundown (English, https://tatoeba.org/en/sentences/show/9435559); CC BY 2.0 FR.",B2;production,,,,,,,,steile,steiler,steilst,false
stijf,"stiff, rigid",B2,adjective,Precise descriptions,Tom masseerde de stijve schouders van Maria.,Tom massaged Mary's stiff shoulders.,"Definition adapted from Wiktionary contributors, CC BY-SA 4.0: https://en.wiktionary.org/wiki/stijf#Dutch. Example: Raizin (Dutch, https://tatoeba.org/en/sentences/show/6074294) and Hybrid (English, https://tatoeba.org/en/sentences/show/6060018); CC BY 2.0 FR.",B2;production,,,,,,,,stijve,stijver,stijfst,false
stijlvol,stylish,B2,adjective,Precise descriptions,Italianen zijn erg stijlvol.,Italians are very stylish.,"Definition adapted from Wiktionary contributors, CC BY-SA 4.0: https://en.wiktionary.org/wiki/stijlvol#Dutch. Example: MarijnKp (Dutch, https://tatoeba.org/en/sentences/show/7906618) and Hybrid (English, https://tatoeba.org/en/sentences/show/5993109); CC BY 2.0 FR.",B2;production,,,,,,,,stijlvolle,stijlvoller,stijlvolst,false
stoffelijk,material,B2,adjective,Precise descriptions,Bevoorrechte mensen zullen altijd hun volledige vernietiging riskeren in plaats van een stoffelijk deel van hun voorrecht af te staan.,People of privilege will always risk their complete destruction rather than surrender any material part of their advantage.,"Definition adapted from Wiktionary contributors, CC BY-SA 4.0: https://en.wiktionary.org/wiki/stoffelijk#Dutch. Example: Micsmithel (Dutch, https://tatoeba.org/en/sentences/show/8269777) and Hybrid (English, https://tatoeba.org/en/sentences/show/6287161); CC BY 2.0 FR.",B2;production,,,,,,,,stoffelijke,stoffelijker,stoffelijkst,false
strategisch,strategic,B2,adjective,Precise descriptions,Algerije is van strategisch belang voor Europa.,Algeria is of a strategic importance to Europe.,"Definition adapted from Wiktionary contributors, CC BY-SA 4.0: https://en.wiktionary.org/wiki/strategisch#Dutch. Example: megamanenm (Dutch, https://tatoeba.org/en/sentences/show/12332925) and Amastan (English, https://tatoeba.org/en/sentences/show/11409749); CC BY 2.0 FR.",B2;production,,,,,,,,strategische,strategischer,meest strategisch,false
subtiel,subtle,B2,adjective,Precise descriptions,Ik zal hem later op een subtiele manier terugbetalen.,I will pay him back later in a subtle way.,"Definition adapted from Wiktionary contributors, CC BY-SA 4.0: https://en.wiktionary.org/wiki/subtiel#Dutch. Example: MarijnKp (Dutch, https://tatoeba.org/en/sentences/show/10019755) and Nuel (English, https://tatoeba.org/en/sentences/show/9444969); CC BY 2.0 FR.",B2;production,,,,,,,,subtiele,subtieler,subtielst,false
symbolisch,symbolic,B2,adjective,Precise descriptions,"Jeruzalem is een symbolische stad voor moslims, christenen en joden.","Jerusalem is a symbolic city for Muslims, Christians, and Jews.","Definition adapted from Wiktionary contributors, CC BY-SA 4.0: https://en.wiktionary.org/wiki/symbolisch#Dutch. Example: MarijnKp (Dutch, https://tatoeba.org/en/sentences/show/7318596) and OsoHombre (English, https://tatoeba.org/en/sentences/show/6969602); CC BY 2.0 FR.",B2;production,,,,,,,,symbolische,symbolischer,meest symbolisch,false
sympathiek,"sympathetic, nice, kind, friendly, likeable",B2,adjective,Precise descriptions,Hij is vriendelijk en sympathiek.,He's friendly and likeable.,"Definition adapted from Wiktionary contributors, CC BY-SA 4.0: https://en.wiktionary.org/wiki/sympathiek#Dutch. Example: martinod (Dutch, https://tatoeba.org/en/sentences/show/3140405) and megamanenm (English, https://tatoeba.org/en/sentences/show/10218209); CC BY 2.0 FR.",B2;production,,,,,,,,sympathieke,sympathieker,sympathiekst,false
systematisch,systematic,B2,adjective,Precise descriptions,Logica is een systematische methode om betrouwbaar uit te komen op de verkeerde conclusie.,Logic is a systematic method of coming to the wrong conclusion with confidence.,"Definition adapted from Wiktionary contributors, CC BY-SA 4.0: https://en.wiktionary.org/wiki/systematisch#Dutch. Example: simonbr (Dutch, https://tatoeba.org/en/sentences/show/821220) and Zifre (English, https://tatoeba.org/en/sentences/show/2339); CC BY 2.0 FR.",B2;production,,,,,,,,systematische,systematischer,meest systematisch,false
teleurstellend,disappointing,B2,adjective,Precise descriptions,Dat was een nogal teleurstellende nederlaag.,That was a rather disappointing loss.,"Definition adapted from Wiktionary contributors, CC BY-SA 4.0: https://en.wiktionary.org/wiki/teleurstellend#Dutch. Example: doemaar14 (Dutch, https://tatoeba.org/en/sentences/show/13620055) and Ooneykcall (English, https://tatoeba.org/en/sentences/show/13619276); CC BY 2.0 FR.",B2;production,,,,,,,,teleurstellende,teleurstellender,teleurstellendst,false
theoretisch,theoretical,B2,adjective,Precise descriptions,De noodzaak van een theoretische en praktische voorbereiding ligt voor de hand.,The need for theoretical and practical preparation is obvious.,"Definition adapted from Wiktionary contributors, CC BY-SA 4.0: https://en.wiktionary.org/wiki/theoretisch#Dutch. Example: Akradna (Dutch, https://tatoeba.org/en/sentences/show/1622225) and Dejo (English, https://tatoeba.org/en/sentences/show/2867062); CC BY 2.0 FR.",B2;production,,,,,,,,theoretische,theoretischer,meest theoretisch,false
toekomstig,"future, having to do with or occurring in the future",B2,adjective,Precise descriptions,De mensen zijn geneigd om hun toekomstige noden te onderschatten.,People have a tendency to underestimate their future needs.,"Definition adapted from Wiktionary contributors, CC BY-SA 4.0: https://en.wiktionary.org/wiki/toekomstig#Dutch. Example: martinod (Dutch, https://tatoeba.org/en/sentences/show/2260324) and megamanenm (English, https://tatoeba.org/en/sentences/show/2280683); CC BY 2.0 FR.",B2;production,,,,,,,,toekomstige,,,false
toepasselijk,"apt, applicable, appropriate",B2,adjective,Precise descriptions,Dit nummer leek toepasselijk.,This song seemed appropriate.,"Definition adapted from Wiktionary contributors, CC BY-SA 4.0: https://en.wiktionary.org/wiki/toepasselijk#Dutch. Example: Micsmithel (Dutch, https://tatoeba.org/en/sentences/show/7039195) and CM (English, https://tatoeba.org/en/sentences/show/1186815); CC BY 2.0 FR.",B2;production,,,,,,,,toepasselijke,toepasselijker,toepasselijkst,false
tolerant,tolerant,B2,adjective,Precise descriptions,Er wordt vaak gezegd dat Nederlanders tolerant zijn.,It is said that Dutch are tolerant.,"Definition adapted from Wiktionary contributors, CC BY-SA 4.0: https://en.wiktionary.org/wiki/tolerant#Dutch. Example: Martha (Dutch, https://tatoeba.org/en/sentences/show/765394) and Martha (English, https://tatoeba.org/en/sentences/show/765400); CC BY 2.0 FR.",B2;production,,,,,,,,tolerante,toleranter,tolerantst,false
toonaangevend,leading,B2,adjective,Precise descriptions,Dr. Jackson is één van de toonaangevende cardiologen in Boston.,Dr. Jackson is one of the leading cardiologists in Boston.,"Definition adapted from Wiktionary contributors, CC BY-SA 4.0: https://en.wiktionary.org/wiki/toonaangevend#Dutch. Example: Citrine (Dutch, https://tatoeba.org/en/sentences/show/3038226) and CK (English, https://tatoeba.org/en/sentences/show/3024422); CC BY 2.0 FR.",B2;production,,,,,,,,toonaangevende,toonaangevender,toonaangevendst,false
tragisch,tragic,B2,adjective,Precise descriptions,Beiden weenden toen ze het tragische nieuws gehoord hadden.,They both cried after hearing the tragic news.,"Definition adapted from Wiktionary contributors, CC BY-SA 4.0: https://en.wiktionary.org/wiki/tragisch#Dutch. Example: martinod (Dutch, https://tatoeba.org/en/sentences/show/727919) and Source_VOA (English, https://tatoeba.org/en/sentences/show/682218); CC BY 2.0 FR.",B2;production,,,,,,,,tragische,tragischer,meest tragisch,false
treurig,"sad, melancholy",B2,adjective,Precise descriptions,Ik hou niet van treurige films.,I don't like sad movies.,"Definition adapted from Wiktionary contributors, CC BY-SA 4.0: https://en.wiktionary.org/wiki/treurig#Dutch. Example: Elsofie (Dutch, https://tatoeba.org/en/sentences/show/8539663) and CK (English, https://tatoeba.org/en/sentences/show/261387); CC BY 2.0 FR.",B2;production,,,,,,,,treurige,treuriger,treurigst,false
tropisch,tropical,B2,adjective,Precise descriptions,De tropische regenwouden produceren zuurstof en slorpen koolstofdioxide op.,Tropical rainforests produce oxygen and consume carbon dioxide.,"Definition adapted from Wiktionary contributors, CC BY-SA 4.0: https://en.wiktionary.org/wiki/tropisch#Dutch. Example: PaulP (Dutch, https://tatoeba.org/en/sentences/show/3227571) and papabear (English, https://tatoeba.org/en/sentences/show/282138); CC BY 2.0 FR.",B2;production,,,,,,,,tropische,tropischer,meest tropisch,false
uitbundig,"exuberant, energetic",B2,adjective,Precise descriptions,Ik was erg uitbundig.,I was very exuberant.,"Definition adapted from Wiktionary contributors, CC BY-SA 4.0: https://en.wiktionary.org/wiki/uitbundig#Dutch. Example: MarijnKp (Dutch, https://tatoeba.org/en/sentences/show/9367499) and CK (English, https://tatoeba.org/en/sentences/show/6357180); CC BY 2.0 FR.",B2;production,,,,,,,,uitbundige,uitbundiger,uitbundigst,false
uiterst,"extreme, utmost",B2,adjective,Precise descriptions,"Vertalen vereist uiterste zorgvuldigheid. Wanneer je het het minst verwacht, gebeuren er fouten.","Translation requires the utmost care. When you least expect it, mistakes happen.","Definition adapted from Wiktionary contributors, CC BY-SA 4.0: https://en.wiktionary.org/wiki/uiterst#Dutch. Example: carlosalberto (Dutch, https://tatoeba.org/en/sentences/show/13033849) and carlosalberto (English, https://tatoeba.org/en/sentences/show/13033841); CC BY 2.0 FR.",B2;production,,,,,,,,uiterste,,,false
universeel,universal,B2,adjective,Precise descriptions,Het licht van universeel bewustzijn schijnt in de ogen van de wijzen.,The light of universal consciousness shines in the eyes of the wise.,"Definition adapted from Wiktionary contributors, CC BY-SA 4.0: https://en.wiktionary.org/wiki/universeel#Dutch. Example: carlosalberto (Dutch, https://tatoeba.org/en/sentences/show/12893868) and carlosalberto (English, https://tatoeba.org/en/sentences/show/12893857); CC BY 2.0 FR.",B2;production,,,,,,,,universele,universeler,universeelst,false
vaag,"vague, hazy",B2,adjective,Precise descriptions,Hij gaf me een vaag antwoord.,He gave me a vague answer.,"Definition adapted from Wiktionary contributors, CC BY-SA 4.0: https://en.wiktionary.org/wiki/vaag#Dutch. Example: Micsmithel (Dutch, https://tatoeba.org/en/sentences/show/6700761) and CK (English, https://tatoeba.org/en/sentences/show/297467); CC BY 2.0 FR.",B2;production,,,,,,,,vage,vager,vaagst,false
vastberaden,"resolute, determined",B2,adjective,Precise descriptions,Ben je vastberaden om daarheen te gaan?,Are you determined to go there?,"Definition adapted from Wiktionary contributors, CC BY-SA 4.0: https://en.wiktionary.org/wiki/vastberaden#Dutch. Example: doemaar14 (Dutch, https://tatoeba.org/en/sentences/show/10325825) and CK (English, https://tatoeba.org/en/sentences/show/6259661); CC BY 2.0 FR.",B2;production,,,,,,,,vastberaden,vastberadener,vastberadenst,false
veelbelovend,"promising, likely to develop in a desirable fashion",B2,adjective,Precise descriptions,Mars is een veelbelovende plaats waar we misschien kunnen wonen.,Mars is a promising place where we may be able to live.,"Definition adapted from Wiktionary contributors, CC BY-SA 4.0: https://en.wiktionary.org/wiki/veelbelovend#Dutch. Example: Vulgaris (Dutch, https://tatoeba.org/en/sentences/show/861686) and auxitt (English, https://tatoeba.org/en/sentences/show/23790); CC BY 2.0 FR.",B2;production,,,,,,,,veelbelovende,,,false
veelvuldig,frequent,B2,adjective,Precise descriptions,"Het plaatsen van een airconditioner verergerde de situatie, met als gevolg veelvuldige kortsluiting.","The installation of an air conditioner aggravated the situation, with the result of frequent short circuits.","Definition adapted from Wiktionary contributors, CC BY-SA 4.0: https://en.wiktionary.org/wiki/veelvuldig#Dutch. Example: Nylez (Dutch, https://tatoeba.org/en/sentences/show/9266852) and SunnyMoon (English, https://tatoeba.org/en/sentences/show/11194680); CC BY 2.0 FR.",B2;production,,,,,,,,veelvuldige,veelvuldiger,veelvuldigst,false
verbazingwekkend,amazing,B2,adjective,Precise descriptions,Het is verbazingwekkend hoe snel ze opgroeien.,It's amazing how fast they grow up.,"Definition adapted from Wiktionary contributors, CC BY-SA 4.0: https://en.wiktionary.org/wiki/verbazingwekkend#Dutch. Example: megamanenm (Dutch, https://tatoeba.org/en/sentences/show/10827814) and megamanenm (English, https://tatoeba.org/en/sentences/show/10827813); CC BY 2.0 FR.",B2;production,,,,,,,,verbazingwekkende,verbazingwekkender,verbazingwekkendst,false
verheven,"lofty, exalted, extolled, sublime",B2,adjective,Precise descriptions,"Wie zich vernedert, zal verheven worden.",Whoever degrades himself will be exalted.,"Definition adapted from Wiktionary contributors, CC BY-SA 4.0: https://en.wiktionary.org/wiki/verheven#Dutch. Example: carlosalberto (Dutch, https://tatoeba.org/en/sentences/show/3077654) and SunnyMoon (English, https://tatoeba.org/en/sentences/show/11176275); CC BY 2.0 FR.",B2;production,,,,,,,,verheven,verhevener,verhevenst,false
verleidelijk,"alluring, tempting, seductive",B2,adjective,Precise descriptions,Geen van deze dingen is verleidelijk.,None of this is very seductive.,"Definition adapted from Wiktionary contributors, CC BY-SA 4.0: https://en.wiktionary.org/wiki/verleidelijk#Dutch. Example: LinguisticFusion (Dutch, https://tatoeba.org/en/sentences/show/5047264) and alexcasper (English, https://tatoeba.org/en/sentences/show/5045568); CC BY 2.0 FR.",B2;production,,,,,,,,verleidelijke,verleidelijker,verleidelijkst,false
verontrustend,disturbing; troubling,B2,adjective,Precise descriptions,Hij stond heel dicht bij me. Het was verontrustend.,He was standing very close to me. It was disturbing.,"Definition adapted from Wiktionary contributors, CC BY-SA 4.0: https://en.wiktionary.org/wiki/verontrustend#Dutch. Example: Micsmithel (Dutch, https://tatoeba.org/en/sentences/show/9843475) and marcelostockle (English, https://tatoeba.org/en/sentences/show/1431550); CC BY 2.0 FR.",B2;production,,,,,,,,verontrustende,verontrustender,verontrustendst,false
verschrikkelijk,"awful, terrible",B2,adjective,Precise descriptions,"Toen ze het verschrikkelijke nieuws hoorde, viel ze in zwijm.",She fainted when she heard the terrible news.,"Definition adapted from Wiktionary contributors, CC BY-SA 4.0: https://en.wiktionary.org/wiki/verschrikkelijk#Dutch. Example: martinod (Dutch, https://tatoeba.org/en/sentences/show/1018220) and CK (English, https://tatoeba.org/en/sentences/show/311178); CC BY 2.0 FR.",B2;production,,,,,,,,verschrikkelijke,verschrikkelijker,verschrikkelijkst,false
vertrouwd,familiar,B2,adjective,Precise descriptions,Ik ben niet vertrouwd met die term.,I'm not familiar with that term.,"Definition adapted from Wiktionary contributors, CC BY-SA 4.0: https://en.wiktionary.org/wiki/vertrouwd#Dutch. Example: megamanenm (Dutch, https://tatoeba.org/en/sentences/show/10788455) and Hybrid (English, https://tatoeba.org/en/sentences/show/6558783); CC BY 2.0 FR.",B2;production,,,,,,,,vertrouwde,vertrouwder,vertrouwdst,false
vertrouwelijk,confidential,B2,adjective,Precise descriptions,Deze informatie is vertrouwelijk.,This information is confidential.,"Definition adapted from Wiktionary contributors, CC BY-SA 4.0: https://en.wiktionary.org/wiki/vertrouwelijk#Dutch. Example: MarijnKp (Dutch, https://tatoeba.org/en/sentences/show/12999377) and CK (English, https://tatoeba.org/en/sentences/show/58396); CC BY 2.0 FR.",B2;production,,,,,,,,vertrouwelijke,vertrouwelijker,vertrouwelijkst,false
verwarrend,confusing,B2,adjective,Precise descriptions,Ik weet wel dat dit verwarrend voor je moet zijn.,I know how confusing this must be for you.,"Definition adapted from Wiktionary contributors, CC BY-SA 4.0: https://en.wiktionary.org/wiki/verwarrend#Dutch. Example: megamanenm (Dutch, https://tatoeba.org/en/sentences/show/11521999) and CK (English, https://tatoeba.org/en/sentences/show/2952317); CC BY 2.0 FR.",B2;production,,,,,,,,verwarrende,verwarrender,verwarrendst,false
vijandig,hostile,B2,adjective,Precise descriptions,Ik zie dat ik omringd ben door vijandige gezichten.,I see that I'm surrounded by hostile faces.,"Definition adapted from Wiktionary contributors, CC BY-SA 4.0: https://en.wiktionary.org/wiki/vijandig#Dutch. Example: Micsmithel (Dutch, https://tatoeba.org/en/sentences/show/7985065) and CM (English, https://tatoeba.org/en/sentences/show/7810481); CC BY 2.0 FR.",B2;production,,,,,,,,vijandige,vijandiger,vijandigst,false
virtueel,virtual,B2,adjective,Precise descriptions,Tatoeba is een virtuele plek waar veel echte tijd voorbij gaat.,Tatoeba is a virtual place where time really flies by.,"Definition adapted from Wiktionary contributors, CC BY-SA 4.0: https://en.wiktionary.org/wiki/virtueel#Dutch. Example: Raizin (Dutch, https://tatoeba.org/en/sentences/show/5384536) and Micsmithel (English, https://tatoeba.org/en/sentences/show/6480122); CC BY 2.0 FR.",B2;production,,,,,,,,virtuele,,,false
visueel,visual,B2,adjective,Precise descriptions,Gebarentalen zijn visuele talen.,Sign languages are visual language.,"Definition adapted from Wiktionary contributors, CC BY-SA 4.0: https://en.wiktionary.org/wiki/visueel#Dutch. Example: megamanenm (Dutch, https://tatoeba.org/en/sentences/show/9151677) and megamanenm (English, https://tatoeba.org/en/sentences/show/9151678); CC BY 2.0 FR.",B2;production,,,,,,,,visuele,visueler,visueelst,false
vloeibaar,liquid,B2,adjective,Precise descriptions,"En nu, ter aankondiging van de allerbeste uitvinding van de mensheid: vloeibare kaas.","And now, to introduce the best of all inventions of humanity: liquid cheese.","Definition adapted from Wiktionary contributors, CC BY-SA 4.0: https://en.wiktionary.org/wiki/vloeibaar#Dutch. Example: doemaar14 (Dutch, https://tatoeba.org/en/sentences/show/13698880) and Babelball (English, https://tatoeba.org/en/sentences/show/13683962); CC BY 2.0 FR.",B2;production,,,,,,,,vloeibare,vloeibaarder,vloeibaarst,false
volslagen,"complete, total, utter",B2,adjective,Precise descriptions,De man was een volslagen vreemde.,The man was a total stranger.,"Definition adapted from Wiktionary contributors, CC BY-SA 4.0: https://en.wiktionary.org/wiki/volslagen#Dutch. Example: Elsofie (Dutch, https://tatoeba.org/en/sentences/show/8446153) and CK (English, https://tatoeba.org/en/sentences/show/45283); CC BY 2.0 FR.",B2;production,,,,,,,,volslagen,volslagener,volslagenst,false
volwaardig,full-fledged,B2,adjective,Precise descriptions,De slaapkamer heeft een volwaardig tweepersoonsbed.,The bedroom has a full-sized double bed.,"Definition adapted from Wiktionary contributors, CC BY-SA 4.0: https://en.wiktionary.org/wiki/volwaardig#Dutch. Example: megamanenm (Dutch, https://tatoeba.org/en/sentences/show/10742620) and megamanenm (English, https://tatoeba.org/en/sentences/show/10742619); CC BY 2.0 FR.",B2;production,,,,,,,,volwaardige,volwaardiger,volwaardigst,false
voorspelbaar,predictable,B2,adjective,Precise descriptions,We willen niet voorspelbaar zijn.,We don't want to be predictable.,"Definition adapted from Wiktionary contributors, CC BY-SA 4.0: https://en.wiktionary.org/wiki/voorspelbaar#Dutch. Example: mvdstelt (Dutch, https://tatoeba.org/en/sentences/show/11199620) and CK (English, https://tatoeba.org/en/sentences/show/9009405); CC BY 2.0 FR.",B2;production,,,,,,,,voorspelbare,voorspelbaarder,voorspelbaarst,false
voorwaardelijk,conditional,B2,adjective,Precise descriptions,In het contract staan enkele voorwaardelijke clausules.,The contract contains some conditional clauses.,"Definition adapted from Wiktionary contributors, CC BY-SA 4.0: https://en.wiktionary.org/wiki/voorwaardelijk#Dutch. Example from the same Wiktionary entry (CC BY-SA 4.0).",B2;production,,,,,,,,voorwaardelijke,voorwaardelijker,voorwaardelijkst,false
voorwaarts,forward,B2,adjective,Precise descriptions,"Één stap voorwaarts, twee stappen terug.","One step forward, two steps back.","Definition adapted from Wiktionary contributors, CC BY-SA 4.0: https://en.wiktionary.org/wiki/voorwaarts#Dutch. Example: doemaar14 (Dutch, https://tatoeba.org/en/sentences/show/13698869) and frpzzd (English, https://tatoeba.org/en/sentences/show/13686172); CC BY 2.0 FR.",B2;production,,,,,,,,voorwaartse,,,false
vredig,peaceful,B2,adjective,Precise descriptions,De meeste mensen houden van vredige nachten met sterren aan de hemel.,"Most people enjoy starry, peaceful nights.","Definition adapted from Wiktionary contributors, CC BY-SA 4.0: https://en.wiktionary.org/wiki/vredig#Dutch. Example: PaulP (Dutch, https://tatoeba.org/en/sentences/show/3643052) and Source_VOA (English, https://tatoeba.org/en/sentences/show/681565); CC BY 2.0 FR.",B2;production,,,,,,,,vredige,vrediger,vredigst,false
vreedzaam,peaceful,B2,adjective,Precise descriptions,We hebben met succes een staat van vreedzame co-existentie bereikt.,We successfully achieved a state of peaceful coexistence.,"Definition adapted from Wiktionary contributors, CC BY-SA 4.0: https://en.wiktionary.org/wiki/vreedzaam#Dutch. Example: doemaar14 (Dutch, https://tatoeba.org/en/sentences/show/13646975) and Nuel (English, https://tatoeba.org/en/sentences/show/12118008); CC BY 2.0 FR.",B2;production,,,,,,,,vreedzame,vreedzamer,vreedzaamst,false
vrouwelijk,"womanly, feminine",B2,adjective,Precise descriptions,De namen van bomen zijn in het Latijn altijd vrouwelijk.,The names of trees are always feminine in Latin.,"Definition adapted from Wiktionary contributors, CC BY-SA 4.0: https://en.wiktionary.org/wiki/vrouwelijk#Dutch. Example: carlosalberto (Dutch, https://tatoeba.org/en/sentences/show/12323659) and carlosalberto (English, https://tatoeba.org/en/sentences/show/12323578); CC BY 2.0 FR.",B2;production,,,,,,,,vrouwelijke,vrouwelijker,vrouwelijkst,false
waakzaam,"vigilant, watchful",B2,adjective,Precise descriptions,Het leger moet waakzaam en paraat blijven.,The army should remain alert and vigilant.,"Definition adapted from Wiktionary contributors, CC BY-SA 4.0: https://en.wiktionary.org/wiki/waakzaam#Dutch. Example: megamanenm (Dutch, https://tatoeba.org/en/sentences/show/9755041) and megamanenm (English, https://tatoeba.org/en/sentences/show/9755042); CC BY 2.0 FR.",B2;production,,,,,,,,waakzame,waakzamer,waakzaamst,false
wijd,"wide, outstretched, far apart",B2,adjective,Precise descriptions,Hou je oren wijd open! Ik moet iets zeggen.,Keep your ears wide open! I have to say something.,"Definition adapted from Wiktionary contributors, CC BY-SA 4.0: https://en.wiktionary.org/wiki/wijd#Dutch. Example: Micsmithel (Dutch, https://tatoeba.org/en/sentences/show/6984487) and mccarras (English, https://tatoeba.org/en/sentences/show/9022919); CC BY 2.0 FR.",B2;production,,,,,,,,wijde,wijder,wijdst,false
winters,"wintry, winterlike",B2,adjective,Precise descriptions,Het is koud en winters.,It's cold and wintry.,"Definition adapted from Wiktionary contributors, CC BY-SA 4.0: https://en.wiktionary.org/wiki/winters#Dutch. Example: megamanenm (Dutch, https://tatoeba.org/en/sentences/show/10736678) and sundown (English, https://tatoeba.org/en/sentences/show/9444364); CC BY 2.0 FR.",B2;production,,,,,,,,winterse,winterser,meest winters,false
zeventiende,seventeenth,B2,adjective,Precise descriptions,Gisteren was mijn zeventiende verjaardag.,Yesterday was my seventeenth birthday.,"Definition adapted from Wiktionary contributors, CC BY-SA 4.0: https://en.wiktionary.org/wiki/zeventiende#Dutch. Example: Nylez (Dutch, https://tatoeba.org/en/sentences/show/9996624) and CN (English, https://tatoeba.org/en/sentences/show/244516); CC BY 2.0 FR.",B2;production,,,,,,,,zeventiende,,,false
zorgwekkend,"alarming, worrying",B2,adjective,Precise descriptions,Toms staat is erg zorgwekkend.,Tom's condition is extremely worrying.,"Definition adapted from Wiktionary contributors, CC BY-SA 4.0: https://en.wiktionary.org/wiki/zorgwekkend#Dutch. Example: Jann (Dutch, https://tatoeba.org/en/sentences/show/13816098) and CK (English, https://tatoeba.org/en/sentences/show/8469928); CC BY 2.0 FR.",B2;production,,,,,,,,zorgwekkende,zorgwekkender,zorgwekkendst,false
allebei,both,B2,pronoun,Reference and quantity,Jullie waren allebei indrukwekkend vandaag. Ik ben trots op jullie.,You were both impressive today. I am proud of you.,"Definition adapted from Wiktionary contributors, CC BY-SA 4.0: https://en.wiktionary.org/wiki/allebei#Dutch. Example: Nylez (Dutch, https://tatoeba.org/en/sentences/show/9944269) and SunnyMoon (English, https://tatoeba.org/en/sentences/show/11177920); CC BY 2.0 FR.",B2;production,,,,,,,,,,,false
andermans,someone else's,B2,pronoun,Reference and quantity,Het is goed riemen snijden van andermans leer.,It's easy to spend somebody else's money.,"Definition adapted from Wiktionary contributors, CC BY-SA 4.0: https://en.wiktionary.org/wiki/andermans#Dutch. Example: Dorenda (Dutch, https://tatoeba.org/en/sentences/show/422826) and mccarras (English, https://tatoeba.org/en/sentences/show/8988154); CC BY 2.0 FR.",B2;production,,,,,,,,,,,false
datgene,"that, what, whatever",B2,pronoun,Reference and quantity,Ik kon me niet concentreren op datgene wat hij zei.,I couldn't concentrate on what he was saying.,"Definition adapted from Wiktionary contributors, CC BY-SA 4.0: https://en.wiktionary.org/wiki/datgene#Dutch. Example: doemaar14 (Dutch, https://tatoeba.org/en/sentences/show/13652805) and rul (English, https://tatoeba.org/en/sentences/show/13651207); CC BY 2.0 FR.",B2;production,,,,,,,,,,,false
diegene,"he who, she who",B2,pronoun,Reference and quantity,We moeten diegenen helpen die zichzelf niet kunnen helpen.,We must help those who can't help themselves.,"Definition adapted from Wiktionary contributors, CC BY-SA 4.0: https://en.wiktionary.org/wiki/diegene#Dutch. Example: Nylez (Dutch, https://tatoeba.org/en/sentences/show/9681513) and sundown (English, https://tatoeba.org/en/sentences/show/6195049); CC BY 2.0 FR.",B2;production,,,,,,,,,,,false
evenveel,"as much, as many",B2,pronoun,Reference and quantity,Het Franse team scoorde evenveel goals als het Engelse team.,The French team scored as many goals as the English team.,"Definition adapted from Wiktionary contributors, CC BY-SA 4.0: https://en.wiktionary.org/wiki/evenveel#Dutch. Example: Citrine (Dutch, https://tatoeba.org/en/sentences/show/1497360) and niceguydave (English, https://tatoeba.org/en/sentences/show/1491049); CC BY 2.0 FR.",B2;production,,,,,,,,,,,false
achterop,on the back/rear of,B2,preposition,Relationships and connections,De voedingswaarde staat achterop de doos.,The nutritional value is on the back of the box.,"Definition adapted from Wiktionary contributors, CC BY-SA 4.0: https://en.wiktionary.org/wiki/achterop#Dutch. Example from the same Wiktionary entry (CC BY-SA 4.0).",B2;production,,,,,,,,,,,false
circa,"circa: about, approximately",B2,preposition,Relationships and connections,Volwassen koolmezen zijn circa veertien centimeter groot.,Adult great tits are approximately fourteen centimetres in size.,"Definition adapted from Wiktionary contributors, CC BY-SA 4.0: https://en.wiktionary.org/wiki/circa#Dutch. Example: PaulP (Dutch, https://tatoeba.org/en/sentences/show/6797485) and Tom9358 (English, https://tatoeba.org/en/sentences/show/13740153); CC BY 2.0 FR.",B2;production,,,,,,,,,,,false
naargelang,"according to, depending on",B2,preposition,Relationships and connections,"Dan verschijnt er een letter, naargelang de toets die je indrukt.","Then a letter occurs, depending on the button you push.","Definition adapted from Wiktionary contributors, CC BY-SA 4.0: https://en.wiktionary.org/wiki/naargelang#Dutch. Example from the same Wiktionary entry (CC BY-SA 4.0).",B2;production,,,,,,,,,,,false
noch,neither...nor,B2,conjunction,Relationships and connections,Noch Tom noch Mary heeft besloten naar Boston te verhuizen.,Neither Tom nor Mary has decided to move to Boston.,"Definition adapted from Wiktionary contributors, CC BY-SA 4.0: https://en.wiktionary.org/wiki/noch#Dutch. Example: Elsofie (Dutch, https://tatoeba.org/en/sentences/show/8268651) and CK (English, https://tatoeba.org/en/sentences/show/7539744); CC BY 2.0 FR.",B2;production,,,,,,,,,,,false
ofwel,either ... or,B2,conjunction,Relationships and connections,"Ik weet dat het ofwel Tom is, ofwel Maria.",I know it's either Tom or Mary.,"Definition adapted from Wiktionary contributors, CC BY-SA 4.0: https://en.wiktionary.org/wiki/ofwel#Dutch. Example: PaulP (Dutch, https://tatoeba.org/en/sentences/show/12436443) and CK (English, https://tatoeba.org/en/sentences/show/2376049); CC BY 2.0 FR.",B2;production,,,,,,,,,,,false
qua,"regarding, concerning, in terms of",B2,preposition,Relationships and connections,Qua oppervlakte is Frankrijk het grootste EU-land en Malta het kleinste.,"In terms of area, France is the largest EU country and Malta is the smallest.","Definition adapted from Wiktionary contributors, CC BY-SA 4.0: https://en.wiktionary.org/wiki/qua#Dutch. Example: Adelpa (Dutch, https://tatoeba.org/en/sentences/show/12150251) and Miktsoanit (English, https://tatoeba.org/en/sentences/show/12228375); CC BY 2.0 FR.",B2;production,,,,,,,,,,,false
sedert,since,B2,conjunction,Relationships and connections,Ik heb Rik niet gezien sedert hij terug is uit Nieuw-Zeeland.,I haven't seen Rick since he got back from New Zealand.,"Definition adapted from Wiktionary contributors, CC BY-SA 4.0: https://en.wiktionary.org/wiki/sedert#Dutch. Example: martinod (Dutch, https://tatoeba.org/en/sentences/show/723875) and tatoebashrek (English, https://tatoeba.org/en/sentences/show/10876090); CC BY 2.0 FR.",B2;production,,,,,,,,,,,false
aanspraak,"claim, legal grounds for a claim",B2,noun,Society and public life,Ze hebben geen aanspraak op het eigendom.,They have no claim to the property.,"Definition adapted from Wiktionary contributors, CC BY-SA 4.0: https://en.wiktionary.org/wiki/aanspraak#Dutch. Example: megamanenm (Dutch, https://tatoeba.org/en/sentences/show/11540799) and CK (English, https://tatoeba.org/en/sentences/show/305089); CC BY 2.0 FR.",B2;production,de,aanspraken,aanspraakje,,,,,,,,false
account,account,B2,noun,Society and public life,Je kunt de instellingen van je account aanpassen.,You can adjust your account settings.,,B2;production,het,accounts,accountje,,,,,,,,false
asiel,asylum,B2,noun,Society and public life,De ambassade verleent geen asiel aan politieke vluchtelingen.,The embassy does not grant asylum to political refugees.,"Definition adapted from Wiktionary contributors, CC BY-SA 4.0: https://en.wiktionary.org/wiki/asiel#Dutch. Example: Raizin (Dutch, https://tatoeba.org/en/sentences/show/7549171) and AlanF_US (English, https://tatoeba.org/en/sentences/show/7366997); CC BY 2.0 FR.",B2;production,het,asiels / asielen,asieltje,,,,,,,,false
belastingbetaler,taxpayer,B2,noun,Society and public life,De overheid moet verantwoordelijkheid tonen tegenover de belastingbetalers.,The government should show accountability to the taxpayers.,"Definition adapted from Wiktionary contributors, CC BY-SA 4.0: https://en.wiktionary.org/wiki/belastingbetaler#Dutch. Example from the same Wiktionary entry (CC BY-SA 4.0).",B2;production,de,belastingbetalers,,,,,,,,,false
conservatief,"conservative, opposing change, favouring a small government",B2,adjective,Society and public life,"Ik ben geboren in Bejaia, Algerije, in een conservatieve familie.","I was born in Bejaia, Algeria, to a conservative family.","Definition adapted from Wiktionary contributors, CC BY-SA 4.0: https://en.wiktionary.org/wiki/conservatief#Dutch. Example: Micsmithel (Dutch, https://tatoeba.org/en/sentences/show/8857370) and Amastan (English, https://tatoeba.org/en/sentences/show/8571481); CC BY 2.0 FR.",B2;production,,,,,,,,conservatieve,conservatiever,conservatiefst,false
crisis,crisis,B2,noun,Society and public life,De moderne samenleving gaat door een morele crisis.,Modern society is going through a moral crisis.,"Definition adapted from Wiktionary contributors, CC BY-SA 4.0: https://en.wiktionary.org/wiki/crisis#Dutch. Example: Mandalay (Dutch, https://tatoeba.org/en/sentences/show/6137058) and popball (English, https://tatoeba.org/en/sentences/show/4261533); CC BY 2.0 FR.",B2;production,de,crises / crisissen,crisisje,,,,,,,,false
debuut,debut,B2,noun,Society and public life,Haar debuut was het grootste sociale evenement van het seizoen.,Her debut was the biggest social event of the season.,"Definition adapted from Wiktionary contributors, CC BY-SA 4.0: https://en.wiktionary.org/wiki/debuut#Dutch. Example: PaulP (Dutch, https://tatoeba.org/en/sentences/show/13484265) and shekitten (English, https://tatoeba.org/en/sentences/show/308122); CC BY 2.0 FR.",B2;production,het,debuten,debuutje,,,,,,,,false
diplomaat,"diplomat, accredited in diplomacy to formally represent a government or equated political party",B2,noun,Society and public life,Hij is een diplomaat bij de Amerikaanse ambassade.,He is a diplomat at the American Embassy.,"Definition adapted from Wiktionary contributors, CC BY-SA 4.0: https://en.wiktionary.org/wiki/diplomaat#Dutch. Example: megamanenm (Dutch, https://tatoeba.org/en/sentences/show/1124368) and CM (English, https://tatoeba.org/en/sentences/show/288865); CC BY 2.0 FR.",B2;production,de,diplomaten,diplomaatje,,,,,,,,false
draagvlak,"support, a base of support",B2,noun,Society and public life,Voor die bezuinigingen is er te weinig draagvlak in de samenleving.,There is not enough support in society for those budget cuts.,"Definition adapted from Wiktionary contributors, CC BY-SA 4.0: https://en.wiktionary.org/wiki/draagvlak#Dutch. Example from the same Wiktionary entry (CC BY-SA 4.0).",B2;production,het,draagvlakken,draagvlakje,,,,,,,,false
federatie,federation,B2,noun,Society and public life,De Stille Oceaan vormt de oostelijke grens van de Russische Federatie.,The Pacific Ocean forms the eastern border of the Russian Federation.,"Definition adapted from Wiktionary contributors, CC BY-SA 4.0: https://en.wiktionary.org/wiki/federatie#Dutch. Example: Mandalay (Dutch, https://tatoeba.org/en/sentences/show/6089486) and Miktsoanit (English, https://tatoeba.org/en/sentences/show/12228637); CC BY 2.0 FR.",B2;production,de,federaties,federatietje,,,,,,,,false
geschil,"difference of opinion, dispute, strife",B2,noun,Society and public life,De vakbond heeft de regering inzake het geschil om bemiddeling gevraagd.,The union has asked for the mediation of the government in the dispute.,"Definition adapted from Wiktionary contributors, CC BY-SA 4.0: https://en.wiktionary.org/wiki/geschil#Dutch. Example: Micsmithel (Dutch, https://tatoeba.org/en/sentences/show/7041728) and _undertoad (English, https://tatoeba.org/en/sentences/show/2268624); CC BY 2.0 FR.",B2;production,het,geschillen,geschilletje,,,,,,,,false
graffiti,graffiti,B2,noun,Society and public life,Dat is geen graffiti; het is Banksy!,It's not graffiti; it's Banksy!,"Definition adapted from Wiktionary contributors, CC BY-SA 4.0: https://en.wiktionary.org/wiki/graffiti#Dutch. Example: PaulP (Dutch, https://tatoeba.org/en/sentences/show/9054183) and papabear (English, https://tatoeba.org/en/sentences/show/700666); CC BY 2.0 FR.",B2;production,de,graffiti / graffiti's,,,,,,,,,false
handhaving,"enforcement, maintaining, upholding",B2,noun,Society and public life,De handhaving van de nieuwe wet schoot tekort.,The enforcement of the new law was lacking.,"No usual plural in this sense. Definition adapted from Wiktionary contributors, CC BY-SA 4.0: https://en.wiktionary.org/wiki/handhaving#Dutch. Example from the same Wiktionary entry (CC BY-SA 4.0).",B2;production,de,,,,,,,,,,false
hoogleraar,professor,B2,noun,Society and public life,Ze is hoogleraar in de rechten aan de Universiteit van Amsterdam.,She is a professor of law at the University of Amsterdam.,"Definition adapted from Wiktionary contributors, CC BY-SA 4.0: https://en.wiktionary.org/wiki/hoogleraar#Dutch. Example from the same Wiktionary entry (CC BY-SA 4.0).",B2;production,de,hoogleraars / hoogleraren,hoogleraartje,,,,,,,,false
kernenergie,nuclear energy,B2,noun,Society and public life,De Japanse regering drukt er steeds op dat kernenergie minder duur is dan andere energiebronnen.,The Japanese government keeps emphasizing that nuclear energy is less expensive than other energy sources.,"No usual plural in this sense. Definition adapted from Wiktionary contributors, CC BY-SA 4.0: https://en.wiktionary.org/wiki/kernenergie#Dutch. Example: PaulP (Dutch, https://tatoeba.org/en/sentences/show/5300117) and Nylez (English, https://tatoeba.org/en/sentences/show/8969246); CC BY 2.0 FR.",B2;production,de,,,,,,,,,,false
ladder,ladder,B2,noun,Society and public life,De ouders van Maria stonden onder aan de sociale ladder.,Maria's parents were at the bottom of the social ladder.,"Definition adapted from Wiktionary contributors, CC BY-SA 4.0: https://en.wiktionary.org/wiki/ladder#Dutch. Example: PaulP (Dutch, https://tatoeba.org/en/sentences/show/5228098) and Tom9358 (English, https://tatoeba.org/en/sentences/show/13750660); CC BY 2.0 FR.",B2;production,de,ladders,laddertje,,,,,,,,false
liken,to like,B2,verb,Society and public life,Hebben jullie mijn pagina al geliket?,Have you already liked my page?,"Definition adapted from Wiktionary contributors, CC BY-SA 4.0: https://en.wiktionary.org/wiki/liken#Dutch. Example from the same Wiktionary entry (CC BY-SA 4.0).",B2;production,,,,regular,false,hebben,geliket,,,,false
maatschappelijk,social,B2,adjective,Society and public life,Ik ben een maatschappelijk werker.,I am a social worker.,"Definition adapted from Wiktionary contributors, CC BY-SA 4.0: https://en.wiktionary.org/wiki/maatschappelijk#Dutch. Example: doemaar14 (Dutch, https://tatoeba.org/en/sentences/show/10333233) and Maasikas (English, https://tatoeba.org/en/sentences/show/4649161); CC BY 2.0 FR.",B2;production,,,,,,,,maatschappelijke,,,false
macht,power; control,B2,noun,Society and public life,Het parlement controleert de macht van de regering.,Parliament checks the power of the government.,,B2;production,de,machten,machtje,,,,,,,,false
moreel,moral,B2,adjective,Society and public life,De moderne samenleving gaat door een morele crisis.,Modern society is going through a moral crisis.,"Definition adapted from Wiktionary contributors, CC BY-SA 4.0: https://en.wiktionary.org/wiki/moreel#Dutch. Example: Mandalay (Dutch, https://tatoeba.org/en/sentences/show/6137058) and popball (English, https://tatoeba.org/en/sentences/show/4261533); CC BY 2.0 FR.",B2;production,,,,,,,,morele,moreler,moreelst,false
ontzettend,"awfully, incredibly",B2,adverb,Society and public life,Onze maatschappij is af en toe nog ontzettend seksistisch.,Our society is still incredibly sexist at times.,"Definition adapted from Wiktionary contributors, CC BY-SA 4.0: https://en.wiktionary.org/wiki/ontzettend#Dutch. Example: Tom9358 (Dutch, https://tatoeba.org/en/sentences/show/13852147) and Tom9358 (English, https://tatoeba.org/en/sentences/show/13852151); CC BY 2.0 FR.",B2;production,,,,,,,,,,,false
referendum,referendum,B2,noun,Society and public life,"In alle geval moet men ""ja"" stemmen in het referendum van 18 februari.","In any case, you need to vote ""yes"" in the February 18th referendum.","Definition adapted from Wiktionary contributors, CC BY-SA 4.0: https://en.wiktionary.org/wiki/referendum#Dutch. Example: martinod (Dutch, https://tatoeba.org/en/sentences/show/727914) and kebukebu (English, https://tatoeba.org/en/sentences/show/508838); CC BY 2.0 FR.",B2;production,het,referenda / referendums,referendumpje,,,,,,,,false
regeren,"to reign, be on the throne with or without political power",B2,verb,Society and public life,Hij regeerde zonder enige echte politieke macht.,He reigned without any real political power.,"Definition adapted from Wiktionary contributors, CC BY-SA 4.0: https://en.wiktionary.org/wiki/regeren#Dutch. Example from the same Wiktionary entry (CC BY-SA 4.0).",B2;production,,,,regular,false,hebben,geregeerd,,,,false
volkslied,national anthem; also an anthem associated with a subnational grouping or level of government,B2,noun,Society and public life,Voor de wedstrijd zingen de spelers hun volkslied.,"Before the match, the players sing their national anthem.","Definition adapted from Wiktionary contributors, CC BY-SA 4.0: https://en.wiktionary.org/wiki/volkslied#Dutch. Example: carlosalberto (Dutch, https://tatoeba.org/en/sentences/show/11527803) and carlosalberto (English, https://tatoeba.org/en/sentences/show/11527786); CC BY 2.0 FR.",B2;production,het,volksliederen,volksliedje,,,,,,,,false
afsluiting,"closing off, closure",B2,noun,Travel and services,Door de afsluiting van de hoofdweg waren er vele files ontstaan.,Many traffic jams arose because of the closure of the main road.,"Definition adapted from Wiktionary contributors, CC BY-SA 4.0: https://en.wiktionary.org/wiki/afsluiting#Dutch. Example from the same Wiktionary entry (CC BY-SA 4.0).",B2;production,de,afsluitingen,afsluitinkje,,,,,,,,false
arriveren,to arrive,B2,verb,Travel and services,De trein zal binnen enkele ogenblikken arriveren.,The train will arrive any second.,"Definition adapted from Wiktionary contributors, CC BY-SA 4.0: https://en.wiktionary.org/wiki/arriveren#Dutch. Example: Elsofie (Dutch, https://tatoeba.org/en/sentences/show/8176244) and sundown (English, https://tatoeba.org/en/sentences/show/8281769); CC BY 2.0 FR.",B2;production,,,,regular,false,zijn,gearriveerd,,,,false
gracht,canal,B2,noun,Travel and services,"In Amsterdam is er een straat langs een gracht, waar een beperkt stopverbod van kracht is.","In Amsterdam, there is a road running alongside a canal where parking is restricted.","Definition adapted from Wiktionary contributors, CC BY-SA 4.0: https://en.wiktionary.org/wiki/gracht#Dutch. Example from the same Wiktionary entry (CC BY-SA 4.0).",B2;production,de,grachten,grachtje,,,,,,,,false
hotelkamer,hotel room,B2,noun,Travel and services,Sami en zijn neven zaten samengepropt in een hotelkamer.,Sami and his cousins were crammed into one hotel room.,"Definition adapted from Wiktionary contributors, CC BY-SA 4.0: https://en.wiktionary.org/wiki/hotelkamer#Dutch. Example: Micsmithel (Dutch, https://tatoeba.org/en/sentences/show/9837526) and OsoHombre (English, https://tatoeba.org/en/sentences/show/7278408); CC BY 2.0 FR.",B2;production,de,hotelkamers,hotelkamertje,,,,,,,,false
kwartier,"quarter of an hour, i.e. 15 minutes",B2,noun,Travel and services,We gaan over een kwartier weg. De trein vertrekt om half 11.,We're leaving in fifteen minutes. The train leaves at half past ten.,"Definition adapted from Wiktionary contributors, CC BY-SA 4.0: https://en.wiktionary.org/wiki/kwartier#Dutch. Example: kiryopi (Dutch, https://tatoeba.org/en/sentences/show/12853962) and kiryopi (English, https://tatoeba.org/en/sentences/show/12853963); CC BY 2.0 FR.",B2;production,het,kwartieren,kwartiertje,,,,,,,,false
maan,moon,B2,noun,Travel and services,"De dag waarop we naar de maan reizen, zal komen.",The day when we travel to the moon will come.,"Definition adapted from Wiktionary contributors, CC BY-SA 4.0: https://en.wiktionary.org/wiki/maan#Dutch. Example: Akradna (Dutch, https://tatoeba.org/en/sentences/show/1620484) and Tom9358 (English, https://tatoeba.org/en/sentences/show/13884677); CC BY 2.0 FR.",B2;production,de,manen,maantje,,,,,,,,false
meerijden,"to ride along, to ride a vehicle as a passenger",B2,verb,Travel and services,"Hij was een stuk meegereden, maar vroeg op de hoek van de straat uit te kunnen stappen.","He had ridden along for a while, but asked to get out at the corner of the street.","Definition adapted from Wiktionary contributors, CC BY-SA 4.0: https://en.wiktionary.org/wiki/meerijden#Dutch. Example from the same Wiktionary entry (CC BY-SA 4.0).",B2;production,,,,irregular,true,hebben,meegereden,,,,false
motorfiets,"motorcycle, motorbike, open-seated motor-powered vehicle with two wheels",B2,noun,Travel and services,Felipe heeft twee auto's en een motorfiets.,Felipe has two cars and one motorcycle.,"Definition adapted from Wiktionary contributors, CC BY-SA 4.0: https://en.wiktionary.org/wiki/motorfiets#Dutch. Example: Citrine (Dutch, https://tatoeba.org/en/sentences/show/1308934) and CN (English, https://tatoeba.org/en/sentences/show/1305696); CC BY 2.0 FR.",B2;production,de,motorfietsen,motorfietsje,,,,,,,,false
ontnemen,"to take from, to deprive of",B2,verb,Travel and services,De rechter kan je het recht ontnemen om te rijden als je te veel verkeersovertredingen begaat.,The judge can deprive you of the right to drive if you commit too many traffic offenses.,"Definition adapted from Wiktionary contributors, CC BY-SA 4.0: https://en.wiktionary.org/wiki/ontnemen#Dutch. Example from the same Wiktionary entry (CC BY-SA 4.0).",B2;production,,,,irregular,false,hebben,ontnomen,,,,false
pension,"pension, boarding house",B2,noun,Travel and services,"Hij zal vannacht in een hotel in Pakse slapen, maar morgenavond in een pension in Luang Prabang.",He will sleep at a hotel in Pakse tonight but he will sleep in a guest house in Luang Prabang tomorrow night.,"Definition adapted from Wiktionary contributors, CC BY-SA 4.0: https://en.wiktionary.org/wiki/pension#Dutch. Example: MarijnKp (Dutch, https://tatoeba.org/en/sentences/show/9685557) and Analu_Kalaka (English, https://tatoeba.org/en/sentences/show/8984931); CC BY 2.0 FR.",B2;production,het,pensions,pensionnetje,,,,,,,,false
rit,ride on a mount or man-powered vehicle,B2,noun,Travel and services,"Ga zitten, ontspan je en geniet van de rit.","Sit back, relax and enjoy the ride.","Definition adapted from Wiktionary contributors, CC BY-SA 4.0: https://en.wiktionary.org/wiki/rit#Dutch. Example: Micsmithel (Dutch, https://tatoeba.org/en/sentences/show/8005924) and Hybrid (English, https://tatoeba.org/en/sentences/show/5537471); CC BY 2.0 FR.",B2;production,de,ritten,ritje,,,,,,,,false
rubber,rubber,B2,noun,Travel and services,Banden verslijten door de wrijving tussen het rubber en de weg.,Tires wear down because of friction between the rubber and the road surface.,"Definition adapted from Wiktionary contributors, CC BY-SA 4.0: https://en.wiktionary.org/wiki/rubber#Dutch. Example: martinod (Dutch, https://tatoeba.org/en/sentences/show/745069) and Swift (English, https://tatoeba.org/en/sentences/show/41116); CC BY 2.0 FR.",B2;production,het,rubbers,rubbertje,,,,,,,,false
schokken,"to shake, shiver",B2,verb,Travel and services,Vanwege de storm en ijsvorming op het spoor schokte de passagierstrein hevig.,"Because of the storm and the formation of ice on the tracks, the passenger train shook vehemently.","Definition adapted from Wiktionary contributors, CC BY-SA 4.0: https://en.wiktionary.org/wiki/schokken#Dutch. Example from the same Wiktionary entry (CC BY-SA 4.0).",B2;production,,,,regular,false,hebben,geschokt,,,,false
toename,increase,B2,noun,Travel and services,De plotselinge toename van auto's zorgt elke dag voor een groot aantal verkeersongelukken.,The sudden increase of cars is causing a large number of traffic accidents every day.,"Definition adapted from Wiktionary contributors, CC BY-SA 4.0: https://en.wiktionary.org/wiki/toename#Dutch. Example: Globetrotter (Dutch, https://tatoeba.org/en/sentences/show/2943163) and CM (English, https://tatoeba.org/en/sentences/show/18684); CC BY 2.0 FR.",B2;production,de,toenamen / toenames,,,,,,,,,false
trainen,to train,B2,verb,Travel and services,De spelers trainen drie keer per week.,The players train three times a week.,Often reflexive: use the appropriate reflexive pronoun for the intended meaning.,B2;production,,,,regular,false,hebben,getraind,,,,false
truck,"truck, lorry",B2,noun,Travel and services,Mijn truck kwam vast te zitten in de modder.,My truck got stuck in the mud.,"Definition adapted from Wiktionary contributors, CC BY-SA 4.0: https://en.wiktionary.org/wiki/truck#Dutch. Example: carlosalberto (Dutch, https://tatoeba.org/en/sentences/show/12312089) and CK (English, https://tatoeba.org/en/sentences/show/6260289); CC BY 2.0 FR.",B2;production,de,trucks,truckje,,,,,,,,false
vliegveld,airport,B2,noun,Travel and services,Na aankomst op het vliegveld belde hij direct zijn echtgenote.,"After the arrival to the airport, he immediately called his spouse.","Definition adapted from Wiktionary contributors, CC BY-SA 4.0: https://en.wiktionary.org/wiki/vliegveld#Dutch. Example: simonbr (Dutch, https://tatoeba.org/en/sentences/show/8538590) and SunnyMoon (English, https://tatoeba.org/en/sentences/show/11169764); CC BY 2.0 FR.",B2;production,het,vliegvelden,vliegveldje,,,,,,,,false
voortgezet,continued,B2,adjective,Travel and services,"Daarna wordt de reis voortgezet door de tunnel onder het Kanaal naar Frankrijk, het land van Karel de Grote en Napoleon.","Then the journey is continued through the tunnel under the English Channel, to France, the land of Charlemagne and Napoleon.","Definition adapted from Wiktionary contributors, CC BY-SA 4.0: https://en.wiktionary.org/wiki/voortgezet#Dutch. Example: MarijnKp (Dutch, https://tatoeba.org/en/sentences/show/9480537) and danepo (English, https://tatoeba.org/en/sentences/show/4427926); CC BY 2.0 FR.",B2;production,,,,,,,,voortgezette,,,false
aanbesteding,"tender, quote, a formal offer",B2,noun,Work and economy,Het bouwbedrijf heeft meegedaan aan de aanbesteding voor het nieuwe project.,The construction company participated in the tender for the new project.,"Definition adapted from Wiktionary contributors, CC BY-SA 4.0: https://en.wiktionary.org/wiki/aanbesteding#Dutch. Example from the same Wiktionary entry (CC BY-SA 4.0).",B2;production,de,aanbestedingen,aanbestedinkje,,,,,,,,false
aankoop,purchase,B2,noun,Work and economy,Ze sparen hun geld voor de aankoop van een huis.,They are saving their money for the purchase of a house.,"Definition adapted from Wiktionary contributors, CC BY-SA 4.0: https://en.wiktionary.org/wiki/aankoop#Dutch. Example: LaraCroft (Dutch, https://tatoeba.org/en/sentences/show/711798) and CK (English, https://tatoeba.org/en/sentences/show/306243); CC BY 2.0 FR.",B2;production,de,aankopen,aankoopje,,,,,,,,false
bankrekening,bank account,B2,noun,Work and economy,Tom heeft een Zwitserse bankrekening.,Tom has a Swiss bank account.,"Definition adapted from Wiktionary contributors, CC BY-SA 4.0: https://en.wiktionary.org/wiki/bankrekening#Dutch. Example: MarijnKp (Dutch, https://tatoeba.org/en/sentences/show/9935740) and Spamster (English, https://tatoeba.org/en/sentences/show/1462018); CC BY 2.0 FR.",B2;production,de,bankrekeningen,,,,,,,,,false
beschikking,"power of control, direction or disposal; decision, ruling; mastery, command",B2,noun,Work and economy,Het geld is tot uw beschikking.,The money is at your disposal.,"Definition adapted from Wiktionary contributors, CC BY-SA 4.0: https://en.wiktionary.org/wiki/beschikking#Dutch. Example: martinod (Dutch, https://tatoeba.org/en/sentences/show/787561) and CK (English, https://tatoeba.org/en/sentences/show/48632); CC BY 2.0 FR.",B2;production,de,beschikkingen,beschikkinkje,,,,,,,,false
betaling,payment,B2,noun,Work and economy,Wij zullen de betaling uitvoeren via overschrijving.,We will make the payment by bank transfer.,"Definition adapted from Wiktionary contributors, CC BY-SA 4.0: https://en.wiktionary.org/wiki/betaling#Dutch. Example: MarijnKp (Dutch, https://tatoeba.org/en/sentences/show/10021152) and CK (English, https://tatoeba.org/en/sentences/show/18411); CC BY 2.0 FR.",B2;production,de,betalingen,betalinkje,,,,,,,,false
beurs,stock exchange or exchange market for goods; also used absolutely for the financial sector,B2,noun,Work and economy,"De beurs van Shanghai won even voor sluiting 0,4 procent, de Shenzhen composite stond nagenoeg onveranderd.","The Shanghai stock exchange gained 0.4 percent shortly before closing, while the Shenzhen composite remained virtually unchanged.","Definition adapted from Wiktionary contributors, CC BY-SA 4.0: https://en.wiktionary.org/wiki/beurs#Dutch. Example: FreekVerkerk (Dutch, https://tatoeba.org/en/sentences/show/7281544) and Tom9358 (English, https://tatoeba.org/en/sentences/show/13702926); CC BY 2.0 FR.",B2;production,de,beurzen,beursje,,,,,,,,false
bonus,"bonus, an extra or premium",B2,noun,Work and economy,"Als u tot het einde van het jaar bij het bedrijf blijft, ontvangt u een bonus.","If you stay with the company until the end of the year, you will receive a bonus.","Definition adapted from Wiktionary contributors, CC BY-SA 4.0: https://en.wiktionary.org/wiki/bonus#Dutch. Example: doemaar14 (Dutch, https://tatoeba.org/en/sentences/show/12339344) and AlanF_US (English, https://tatoeba.org/en/sentences/show/9969602); CC BY 2.0 FR.",B2;production,de,bonussen / boni,bonusje,,,,,,,,false
cheque,"check, cheque",B2,noun,Work and economy,"Schrijf een cheque uit van duizend euro, alstublieft!","Write me a check for a thousand euros, please!","Definition adapted from Wiktionary contributors, CC BY-SA 4.0: https://en.wiktionary.org/wiki/cheque#Dutch. Example: Micsmithel (Dutch, https://tatoeba.org/en/sentences/show/6826382) and Eccles17 (English, https://tatoeba.org/en/sentences/show/6802943); CC BY 2.0 FR.",B2;production,de,cheques,chequeje,,,,,,,,false
circus,circus,B2,noun,Work and economy,Ik wou niet met Tom naar het circus gaan.,I didn't want to go to the circus with Tom.,"Definition adapted from Wiktionary contributors, CC BY-SA 4.0: https://en.wiktionary.org/wiki/circus#Dutch. Example: megamanenm (Dutch, https://tatoeba.org/en/sentences/show/10737065) and CK (English, https://tatoeba.org/en/sentences/show/6238234); CC BY 2.0 FR.",B2;production,het,circussen,circusje,,,,,,,,false
constructie,construction,B2,noun,Work and economy,Deze financiële constructie is illegaal.,This financial arrangement is illegal.,"Definition adapted from Wiktionary contributors, CC BY-SA 4.0: https://en.wiktionary.org/wiki/constructie#Dutch. Example from the same Wiktionary entry (CC BY-SA 4.0).",B2;production,de,constructies,constructietje,,,,,,,,false
donatie,donation,B2,noun,Work and economy,Het bedrijf heeft gehoor gegeven aan de oproep en zal een donatie van vijfentwintigduizend euro doen.,The company has responded to the appeal and will make a donation of twenty-five thousand euros.,"Definition adapted from Wiktionary contributors, CC BY-SA 4.0: https://en.wiktionary.org/wiki/donatie#Dutch. Example: Micsmithel (Dutch, https://tatoeba.org/en/sentences/show/10154490) and sundown (English, https://tatoeba.org/en/sentences/show/9986636); CC BY 2.0 FR.",B2;production,de,donaties,donatietje,,,,,,,,false
gevorderd,advanced,B2,adjective,Work and economy,Het werk is in een zeer gevorderd stadium.,The work is at a very advanced stage.,"Definition adapted from Wiktionary contributors, CC BY-SA 4.0: https://en.wiktionary.org/wiki/gevorderd#Dutch. Example: carlosalberto (Dutch, https://tatoeba.org/en/sentences/show/3221679) and sundown (English, https://tatoeba.org/en/sentences/show/10172802); CC BY 2.0 FR.",B2;production,,,,,,,,gevorderde,gevorderder,gevorderdst,false
industrieel,"industrial, concerning an industry or industry in general",B2,adjective,Work and economy,Eerlijke concurrentie is een vereiste voor gezonde industriële groei.,Fair competition is necessary for the healthy growth of industry.,"Definition adapted from Wiktionary contributors, CC BY-SA 4.0: https://en.wiktionary.org/wiki/industrieel#Dutch. Example: doemaar14 (Dutch, https://tatoeba.org/en/sentences/show/11794939) and ilingualbay (English, https://tatoeba.org/en/sentences/show/18874); CC BY 2.0 FR.",B2;production,,,,,,,,industriële,industriëler,industrieelst,false
inkomen,income,B2,noun,Work and economy,"Hoe groter het inkomen, hoe meer belasting.","The larger the income, the more tax.","Definition adapted from Wiktionary contributors, CC BY-SA 4.0: https://en.wiktionary.org/wiki/inkomen#Dutch. Example: martinod (Dutch, https://tatoeba.org/en/sentences/show/1099560) and Tom9358 (English, https://tatoeba.org/en/sentences/show/12927300); CC BY 2.0 FR.",B2;production,het,inkomens,inkomentje,,,,,,,,false
investering,investment,B2,noun,Work and economy,Tom wenste dat hij meer geld in die investering had gestopt.,Tom wished that he'd put more money into that investment.,"Definition adapted from Wiktionary contributors, CC BY-SA 4.0: https://en.wiktionary.org/wiki/investering#Dutch. Example: Elsofie (Dutch, https://tatoeba.org/en/sentences/show/8379109) and CK (English, https://tatoeba.org/en/sentences/show/8297146); CC BY 2.0 FR.",B2;production,de,investeringen,investerinkje,,,,,,,,false
keuren,"to inspect, assess",B2,verb,Work and economy,Je wilt niet dat de slager zijn eigen vlees keurt.,"You don't want a butcher to assess his own meat. (i.e., judgment of one's own work is unreliable due to bias)","Definition adapted from Wiktionary contributors, CC BY-SA 4.0: https://en.wiktionary.org/wiki/keuren#Dutch. Example from the same Wiktionary entry (CC BY-SA 4.0).",B2;production,,,,regular,false,hebben,gekeurd,,,,false
kluis,safe,B2,noun,Work and economy,Ik heb het geld in de kluis gedaan.,I put the money in the safe.,"Definition adapted from Wiktionary contributors, CC BY-SA 4.0: https://en.wiktionary.org/wiki/kluis#Dutch. Example: simonbr (Dutch, https://tatoeba.org/en/sentences/show/819147) and tatoebashrek (English, https://tatoeba.org/en/sentences/show/12671635); CC BY 2.0 FR.",B2;production,de,kluizen,kluisje,,,,,,,,false
krediet,credit,B2,noun,Work and economy,De bank weigerde hun meer krediet te geven.,The bank refused to give them more credit.,"Definition adapted from Wiktionary contributors, CC BY-SA 4.0: https://en.wiktionary.org/wiki/krediet#Dutch. Example: PaulP (Dutch, https://tatoeba.org/en/sentences/show/3793438) and Source_VOA (English, https://tatoeba.org/en/sentences/show/680600); CC BY 2.0 FR.",B2;production,het,kredieten,kredietje,,,,,,,,false
kruis,cross,B2,noun,Work and economy,Zij deed veel vrijwilligerswerk voor het Rode Kruis.,She did a lot of voluntary work for the Red Cross.,"Definition adapted from Wiktionary contributors, CC BY-SA 4.0: https://en.wiktionary.org/wiki/kruis#Dutch. Example: PaulP (Dutch, https://tatoeba.org/en/sentences/show/647247) and sundown (English, https://tatoeba.org/en/sentences/show/315433); CC BY 2.0 FR.",B2;production,het,kruizen / kruisen,kruisje,,,,,,,,false
laboratorium,"laboratory, room, building or institution equipped for scientific research or similarly specialised operations, such as production",B2,noun,Work and economy,Tom is het hoofd van het laboratorium.,Tom is the head of the laboratory.,"Definition adapted from Wiktionary contributors, CC BY-SA 4.0: https://en.wiktionary.org/wiki/laboratorium#Dutch. Example: doemaar14 (Dutch, https://tatoeba.org/en/sentences/show/11207009) and Hybrid (English, https://tatoeba.org/en/sentences/show/7277439); CC BY 2.0 FR.",B2;production,het,laboratoria / laboratoriums,laboratoriumpje,,,,,,,,false
landbouw,agriculture,B2,noun,Work and economy,Algerije moet middelen vrijmaken voor de industrie en de landbouw.,Algeria needs to allocate resources to industry and agriculture.,"No usual plural in this sense. Definition adapted from Wiktionary contributors, CC BY-SA 4.0: https://en.wiktionary.org/wiki/landbouw#Dutch. Example: megamanenm (Dutch, https://tatoeba.org/en/sentences/show/10737153) and Amastan (English, https://tatoeba.org/en/sentences/show/10139044); CC BY 2.0 FR.",B2;production,de,,,,,,,,,,false
oever,"bank, shore",B2,noun,Work and economy,Tom sprong overboord en zwom naar de oever.,Tom jumped overboard and swam to shore.,"Definition adapted from Wiktionary contributors, CC BY-SA 4.0: https://en.wiktionary.org/wiki/oever#Dutch. Example: Tom9358 (Dutch, https://tatoeba.org/en/sentences/show/13006260) and CK (English, https://tatoeba.org/en/sentences/show/10153603); CC BY 2.0 FR.",B2;production,de,oevers,oevertje,,,,,,,,false
ongetwijfeld,"undoubtedly, surely",B2,adverb,Work and economy,"Weinigen kunnen geloven dat lijden, vooral door anderen, tevergeefs is. Alles wat onaangenaam is, moet ongetwijfeld gunstige economische gevolgen hebben.","Few can believe that suffering, especially by others, is in vain. Anything that is disagreeable must surely have beneficial economic effects.","Definition adapted from Wiktionary contributors, CC BY-SA 4.0: https://en.wiktionary.org/wiki/ongetwijfeld#Dutch. Example: Micsmithel (Dutch, https://tatoeba.org/en/sentences/show/8269763) and Hybrid (English, https://tatoeba.org/en/sentences/show/6287168); CC BY 2.0 FR.",B2;production,,,,,,,,,,,false
opstelling,"arrangement, set-up",B2,noun,Work and economy,Er is veel werk gaan zitten in de opstelling van deze strategie.,Much work has been put into the set-up of this strategy.,"Definition adapted from Wiktionary contributors, CC BY-SA 4.0: https://en.wiktionary.org/wiki/opstelling#Dutch. Example from the same Wiktionary entry (CC BY-SA 4.0).",B2;production,de,opstellingen,opstellinkje,,,,,,,,false
overvallen,to raid,B2,verb,Work and economy,Ze overvallen regelmatig handelskaravanen.,They regularly raid trade caravans.,"Definition adapted from Wiktionary contributors, CC BY-SA 4.0: https://en.wiktionary.org/wiki/overvallen#Dutch. Example from the same Wiktionary entry (CC BY-SA 4.0).",B2;production,,,,irregular,false,hebben,overvallen,,,,false
personage,character in a work of fiction,B2,noun,Work and economy,"Niet genoeg zinnen betrekken Sherlock Holmes, een personage uit het publiek domein.","Not enough sentences involve Sherlock Holmes, a public domain character.","Definition adapted from Wiktionary contributors, CC BY-SA 4.0: https://en.wiktionary.org/wiki/personage#Dutch. Example: SunnyMoon (Dutch, https://tatoeba.org/en/sentences/show/11219983) and shekitten (English, https://tatoeba.org/en/sentences/show/9419893); CC BY 2.0 FR.",B2;production,het,personages,,,,,,,,,false
runnen,to run,B2,verb,Work and economy,Hoeveel moet ik weten om een bedrijf te kunnen runnen?,How much knowledge do I need to run a business?,"Definition adapted from Wiktionary contributors, CC BY-SA 4.0: https://en.wiktionary.org/wiki/runnen#Dutch. Example: megamanenm (Dutch, https://tatoeba.org/en/sentences/show/10731647) and CM (English, https://tatoeba.org/en/sentences/show/7127595); CC BY 2.0 FR.",B2;production,,,,regular,false,hebben,gerund,,,,false
schijnbaar,"seemingly, apparently",B2,adverb,Work and economy,Schijnbaar heeft Tom ooit in Boston gewerkt.,Tom apparently used to work in Boston.,"Definition adapted from Wiktionary contributors, CC BY-SA 4.0: https://en.wiktionary.org/wiki/schijnbaar#Dutch. Example: doemaar14 (Dutch, https://tatoeba.org/en/sentences/show/10457380) and CK (English, https://tatoeba.org/en/sentences/show/2539129); CC BY 2.0 FR.",B2;production,,,,,,,,,,,false
teruggeven,"to return, give something back",B2,verb,Work and economy,Ik zal je het geld morgen teruggeven.,I'll give you back the money tomorrow.,"Definition adapted from Wiktionary contributors, CC BY-SA 4.0: https://en.wiktionary.org/wiki/teruggeven#Dutch. Example: Vulgaris (Dutch, https://tatoeba.org/en/sentences/show/1033075) and CK (English, https://tatoeba.org/en/sentences/show/64585); CC BY 2.0 FR.",B2;production,,,,irregular,true,hebben,teruggegeven,,,,false
tip,"tip, small amount of money left for a waiter, taxi driver, etc. as a token of appreciation",B2,noun,Work and economy,Hier is een kleine tip voor het eten.,Before eating here's a small tip.,"Definition adapted from Wiktionary contributors, CC BY-SA 4.0: https://en.wiktionary.org/wiki/tip#Dutch. Example: Ag12x (Dutch, https://tatoeba.org/en/sentences/show/13327297) and terrywallwork (English, https://tatoeba.org/en/sentences/show/13045143); CC BY 2.0 FR.",B2;production,de,tips,tipje,,,,,,,,false
treinstation,"railway station, train station",B2,noun,Work and economy,Is er een bank in de buurt van het treinstation?,Is there a bank near the train station?,"Definition adapted from Wiktionary contributors, CC BY-SA 4.0: https://en.wiktionary.org/wiki/treinstation#Dutch. Example: megamanenm (Dutch, https://tatoeba.org/en/sentences/show/12376803) and AlanF_US (English, https://tatoeba.org/en/sentences/show/2944294); CC BY 2.0 FR.",B2;production,het,treinstations,treinstationnetje,,,,,,,,false
uitpakken,to turn out; to unpack,B2,verb,Work and economy,De nieuwe aanpak heeft goed uitgepakt.,The new approach has turned out well.,,B2;production,,,,regular,true,hebben / zijn,uitgepakt,,,,false
vakbond,trade union,B2,noun,Work and economy,De vakbond heeft de regering inzake het geschil om bemiddeling gevraagd.,The union has asked for the mediation of the government in the dispute.,"Definition adapted from Wiktionary contributors, CC BY-SA 4.0: https://en.wiktionary.org/wiki/vakbond#Dutch. Example: Micsmithel (Dutch, https://tatoeba.org/en/sentences/show/7041728) and _undertoad (English, https://tatoeba.org/en/sentences/show/2268624); CC BY 2.0 FR.",B2;production,de,vakbonden,vakbondje,,,,,,,,false
vanzelf,automatically,B2,adverb,Work and economy,"Moet je hard werken voor je studie? Ja, het gaat niet vanzelf.","Do you have to work hard for your studies? Yes, it doesn't happen automatically.","Definition adapted from Wiktionary contributors, CC BY-SA 4.0: https://en.wiktionary.org/wiki/vanzelf#Dutch. Example: kiryopi (Dutch, https://tatoeba.org/en/sentences/show/12802581) and kiryopi (English, https://tatoeba.org/en/sentences/show/12802587); CC BY 2.0 FR.",B2;production,,,,,,,,,,,false
verbouwing,"rebuilding, renovation",B2,noun,Work and economy,Door de verbouwing konden we daar de hele maand niet werken.,"Because of the renovation, we couldn’t work there for the whole month.","Definition adapted from Wiktionary contributors, CC BY-SA 4.0: https://en.wiktionary.org/wiki/verbouwing#Dutch. Example: Tom9358 (Dutch, https://tatoeba.org/en/sentences/show/13866720) and Tom9358 (English, https://tatoeba.org/en/sentences/show/13866721); CC BY 2.0 FR.",B2;production,de,verbouwingen,verbouwinkje,,,,,,,,false
verkiezen,to prefer,B2,verb,Work and economy,We verkiezen om in een rustige omgeving te werken.,We prefer to work in a quiet environment.,"Definition adapted from Wiktionary contributors, CC BY-SA 4.0: https://en.wiktionary.org/wiki/verkiezen#Dutch. Example from the same Wiktionary entry (CC BY-SA 4.0).",B2;production,,,,irregular,false,hebben,verkozen / verkoren,,,,false
verrichten,"to perform, to carry out",B2,verb,Work and economy,Het leeuwendeel van het werk was door haar in alle stilte verricht.,The lion's share of the work was carried out in all silence by her.,"Definition adapted from Wiktionary contributors, CC BY-SA 4.0: https://en.wiktionary.org/wiki/verrichten#Dutch. Example: rabbel (Dutch, https://tatoeba.org/en/sentences/show/535279) and SunnyMoon (English, https://tatoeba.org/en/sentences/show/11165140); CC BY 2.0 FR.",B2;production,,,,regular,false,hebben,verricht,,,,false
vrijwilligerswerk,"volunteering work, community service",B2,noun,Work and economy,Zij deed veel vrijwilligerswerk voor het Rode Kruis.,She did a lot of voluntary work for the Red Cross.,"No usual plural in this sense. Definition adapted from Wiktionary contributors, CC BY-SA 4.0: https://en.wiktionary.org/wiki/vrijwilligerswerk#Dutch. Example: PaulP (Dutch, https://tatoeba.org/en/sentences/show/647247) and sundown (English, https://tatoeba.org/en/sentences/show/315433); CC BY 2.0 FR.",B2;production,het,,,,,,,,,,false
werkervaring,work experience,B2,noun,Work and economy,Hij heeft nog niet veel werkervaring.,He hasn't got much work experience yet.,"Definition adapted from Wiktionary contributors, CC BY-SA 4.0: https://en.wiktionary.org/wiki/werkervaring#Dutch. Example: Elsofie (Dutch, https://tatoeba.org/en/sentences/show/7938118) and sundown (English, https://tatoeba.org/en/sentences/show/10022037); CC BY 2.0 FR.",B2;production,de,werkervaringen,,,,,,,,,false
zakenman,"businessman, a man in business, one involved in commercial enterprise",B2,noun,Work and economy,"Een zakenman die Business Week leest, is verloren voor roem. Iemand die Proust leest, is voorbestemd voor iets iets groots.",A businessman who reads Business Week is lost to fame. One who reads Proust is marked for greatness.,"Definition adapted from Wiktionary contributors, CC BY-SA 4.0: https://en.wiktionary.org/wiki/zakenman#Dutch. Example: Micsmithel (Dutch, https://tatoeba.org/en/sentences/show/8271711) and Hybrid (English, https://tatoeba.org/en/sentences/show/6287133); CC BY 2.0 FR.",B2;production,de,zakenlieden / zakenlui,zakenmannetje,,,,,,,,false
begroting,budget,B2,noun,Work and public life,De gemeente stelt elk jaar een begroting op.,The municipality draws up a budget every year.,,B2;production,de,begrotingen,begrotinkje,,,,,,,,false
werkgelegenheid,employment; job opportunities,B2,noun,Work and public life,Het nieuwe ziekenhuis zorgt voor meer werkgelegenheid.,The new hospital creates more employment.,No usual plural in this sense.,B2;production,de,,,,,,,,,,false
zeggenschap,say; decision-making power,B2,noun,Work and public life,De medewerkers willen meer zeggenschap over hun rooster.,The employees want more say over their schedule.,No usual plural in this sense.,B2;production,de,,,,,,,,,,false
